tree
version=v4
num_class=1
num_tree_per_iteration=1
label_index=0
max_feature_idx=73
objective=binary sigmoid:1
feature_names=Column_0 Column_1 Column_2 Column_3 Column_4 Column_5 Column_6 Column_7 Column_8 Column_9 Column_10 Column_11 Column_12 Column_13 Column_14 Column_15 Column_16 Column_17 Column_18 Column_19 Column_20 Column_21 Column_22 Column_23 Column_24 Column_25 Column_26 Column_27 Column_28 Column_29 Column_30 Column_31 Column_32 Column_33 Column_34 Column_35 Column_36 Column_37 Column_38 Column_39 Column_40 Column_41 Column_42 Column_43 Column_44 Column_45 Column_46 Column_47 Column_48 Column_49 Column_50 Column_51 Column_52 Column_53 Column_54 Column_55 Column_56 Column_57 Column_58 Column_59 Column_60 Column_61 Column_62 Column_63 Column_64 Column_65 Column_66 Column_67 Column_68 Column_69 Column_70 Column_71 Column_72 Column_73
feature_infos=[-3.2419445514678955:3.6080608367919922] [-3.6855809688568115:2.7087607383728027] [-7.0942068099975586:1.111906886100769] [-1.4644037485122681:5.7899570465087891] [-4.5853977203369141:7.2643575668334961] [-3.2913558483123779:4.0343279838562012] [-3.8626396656036377:5.5951175689697266] [-1.7318322658538818:6.5138168334960938] [-2.1277070045471191:4.5597481727600098] [-1.9341210126876831:6.7031269073486328] [-4.8801517486572266:6.395359992980957] [-2.4648604393005371:5.5522809028625488] [-2.5138578414916992:3.9980614185333252] [-3.1569356918334961:5.7070016860961914] [-1.8634264469146729:8.0895652770996094] [-0.19325003027915955:16.947818756103516] [-2.3513603210449219:4.6504769325256348] [-0.52451831102371216:9.5452308654785156] [-1.1754848957061768:5.6303915977478027] [-4.1483917236328125:3.6860666275024414] [-1.1992783546447754:6.2287898063659668] [-2.1380665302276611:6.4852581024169922] [-4.8313512802124023:6.5350465774536133] [-4.0685625076293945:5.944580078125] [-6.674196720123291:6.4345407485961914] [-4.9165205955505371:5.7431240081787109] [-2.5425152778625488:4.2641687393188477] [-1.3982925415039062:6.6658940315246582] [-2.7310469150543213:1.2534087896347046] [-2.3248391151428223:4.9207358360290527] [-4.5532002449035645:5.9397134780883789] [-0.80285197496414185:1.7486410140991211] [-0.50947773456573486:3.4623692035675049] [-0.8544427752494812:1.1703534126281738] [-1.1703534126281738:0.8544427752494812] [-2.5191574096679688:0.39695814251899719] [-0.39695814251899719:2.5191574096679688] [-1.3236923217773438:0.75546258687973022] [-0.75546258687973022:1.3236923217773438] [-2.0265614986419678:0.49344664812088013] [-0.49344664812088013:2.0265614986419678] [-2.6633100509643555:0.37547263503074646] [-0.37547263503074646:2.6633100509643555] [-0.18619762361049652:5.3706378936767578] none [-4.2999763488769531:0.23255942761898041] [-3.8969783782958984:0.25660908222198486] [-0.25660908222198486:3.8969783782958984] [-3.4008512496948242:0.29404401779174805] [-0.29404401779174805:3.4008512496948242] [-4.4969124794006348:0.22237479686737061] [-0.22237479686737061:4.4969124794006348] [-2.6893787384033203:0.37183308601379395] [-0.37183308601379395:2.6893787384033203] [-3.0444731712341309:0.32846406102180481] [-0.32846406102180481:3.0444731712341309] [-2.8918411731719971:0.34580045938491821] [-0.34580045938491821:2.8918411731719971] [-0.40924522280693054:2.4435226917266846] [-2.4435226917266846:0.40924522280693054] [-0.52930223941802979:1.8892797231674194] [-1.8892797231674194:0.52930223941802979] [-2.0470020771026611:0.48851928114891052] [-0.48851928114891052:2.0470020771026611] [-2.9741151332855225:0.336234450340271] [-0.336234450340271:2.9741151332855225] [-1.7117363214492798:0.5842021107673645] [-0.5842021107673645:1.7117363214492798] [-3.6701085567474365:0.27247151732444763] [-0.27247151732444763:3.6701085567474365] [-0.44186428189277649:2.2631382942199707] [-2.2631382942199707:0.44186428189277649] [-2.6378653049468994:0.37909442186355591] [-0.37909442186355591:2.6378653049468994]
tree_sizes=1146 1302 1301 1405 1185 1195 1402 1201 1514 1499 1189 1410 1504 1622 1516 1199 1618 1616 1402 1296 1610 1411 1408 1515 1402 1515 1620 1203 1722 1613 1727 1611 1619 1614 1723 1728 1511 1615 1722 1723 1508 1504 1733 1526 1724 1725 1708 1718 1618 1728 1409 1512 1514 1732 1720 1724 1620 1612 1720 1725 1732 1723 1722 1623 1614 1730 1736 1718 1732 1729 1728 1722 1735 1725 1620 1727 1732 1712 1733 1719 1731 1620 1728 1739 1730 1719 1743 1733 1727 1730 1741 1721 1736 1743 1734 1722 1733 1724 1734 1732 1739 1733 1732 1726 1724 1723 1720 1731 1731 1729 1735 1719 1729 1728 1713 1726 1725 1731 1641 1728 1731 1727 1734 1726 1730 1717 1735 1735 1736 1731 1735 1734 1731 1736 1734 1735 1728 1730 1735 1734 1735 1742 1750 1725 1735 1738 1729 1744 1735 1737 1736 1738 1730 1620 1738 1726 1744 1733 1735 1741 1734 1733 1732 1722 1741 1746 1738 1729 1729 1733 1741 1727 1736 1740 1736 1736 1744 1740 1732 1726 1530 1732 1724 1743 1732 1731 1745 1742 1736 1734 1737 1743 1730 1743 1732 1745 1733 1733 1731 1730 1731 1737 1738 1722 1732 1742 1742 1742 1633 1740 1740 1734 1738 1750 1739 1744 1728 1738 1739 1728 1734 1741 1745 1734 1738 1727 1729 1747 1722 1733 1733 1743 1750 1735 1750 1737 1719 1748 1754 1741 1735 1745 1751 1742 1739 1738 1734 1733 1723 1741 1727 1739 1750 1750 1741 1739 1739 1743 1742 1738 1630 1742 1735 1735 1738 1740 1747 1739 1743 1730 1741 1737 1754 1743 1741 1742 1743 1732 1735 1745 1738 1738 1733 1729 1742 1739 1738 1750 1738 1745 1425 1742 1741 1741 1738 1730 1741 1731 1742 1739

Tree=0
num_leaves=10
num_cat=0
split_feature=17 19 14 17 14 14 18 1 4
split_gain=278.076 87.6988 62.2499 39.5506 17.7385 16.0434 14.7903 8.91444 3.12824
threshold=-0.18902878463268277 0.38651748001575476 1.0000000180025095e-35 -0.31965644657611841 -0.12352122738957404 0.41321270167827612 -0.55754774808883656 1.2285889983177187 -0.14793698862195012
decision_type=2 2 2 2 2 2 2 2 2
left_child=1 2 3 6 -2 -4 -1 -5 -8
right_child=4 -3 5 7 -6 -7 8 -9 -10
leaf_value=-1.3954455550269314 -1.3290014049189049 -1.3143032740414917 -1.3233911333480672 -1.4184249464064567 -1.2751647890799864 -1.3751832496715104 -1.3765209897283437 -1.3801719119820399 -1.3460504574863799
leaf_weight=10.079999774694445 27.359999388456345 21.91999951004982 13.599999696016313 29.919999331235886 55.199998766183853 11.19999974966049 9.1199997961521184 4.7999998927116385 9.7599997818469966
leaf_count=57 99 68 43 187 126 55 45 24 37
internal_value=-1.32889 -1.36186 -1.37686 -1.39311 -1.28872 -1.34099 -1.3688 -1.41303 -1.35564
internal_weight=192.96 110.4 88.48 63.68 82.56 24.8 28.96 34.72 18.88
internal_count=741 516 448 350 225 98 139 211 82
is_linear=0
shrinkage=1


Tree=1
num_leaves=11
num_cat=0
split_feature=14 14 11 2 16 18 17 27 27 17
split_gain=223.213 85.5388 36.7613 32.3977 28.9259 16.4688 9.45163 8.30146 7.67664 2.61457
threshold=-0.12352122738957404 -0.27143290638923639 -0.83079570531845082 1.0000000180025095e-35 -0.22892432659864423 0.27769026160240179 -0.38846583664417261 0.050507470965385444 0.15706309676170352 -0.20487888157367704
decision_type=2 2 2 2 2 2 2 2 2 2
left_child=1 2 8 -2 -3 6 -4 -6 -1 -5
right_child=3 4 5 9 7 -7 -8 -9 -10 -11
leaf_value=-0.020923368049322173 0.10204796767535017 0.029624478484622817 0.017778138532718618 0.032794739813728026 -0.031338746689874332 0.006089696395791217 0.065730182178179636 0.0058184386857925265 0.015044523577503577 0.066873867604173923
leaf_weight=6.2785435616970044 58.819912776350975 6.7030954957008353 9.2215735167264921 23.159454047679901 26.06818047165871 7.513240084052085 33.929504111409187 4.8521441072225562 5.3913844078779221 20.771568730473518
leaf_count=39 130 26 42 96 165 37 112 24 24 59
internal_value=0.0548761 0.0213287 0.0417058 0.0850073 -0.0133639 0.0518802 0.0583928 -0.0255096 -0.00477817 0.0540951
internal_weight=202.709 99.9577 62.3342 102.751 37.6234 50.6643 43.1511 30.9203 11.6699 43.931
internal_count=754 469 254 285 215 191 154 189 63 155
is_linear=0
shrinkage=0.03


Tree=2
num_leaves=11
num_cat=0
split_feature=14 14 17 18 20 2 18 10 8 25
split_gain=207.577 91.6877 26.3987 35.3309 22.2768 15.2739 12.6009 11.72 3.81248 1.35984
threshold=-0.12352122738957404 -0.27143290638923639 -0.38846583664417261 0.22575887292623523 -1.1340157389640806 0.10893747303634883 -1.1129931211471555 1.0000000180025095e-35 -0.78646123409271229 0.56135213375091564
decision_type=2 2 2 2 2 2 2 2 2 2
left_child=1 2 7 9 -2 -3 -6 -1 -8 -4
right_child=4 5 3 -5 6 -7 8 -9 -10 -11
leaf_value=0.019495306040376973 -0.00026392422068963965 0.0086407582771122413 0.061677102689236284 -0.0064343729673490254 0.0036801940853162648 -0.031252328859002566 0.029772478935611052 -0.021420124345635172 0.084585849933550783 0.02339146509830824
leaf_weight=8.7831529974937421 3.197341412305831 9.421035096049307 31.743360206484795 8.6753130108118039 2.4071790724992743 26.221094444394112 8.3742384910583478 6.6143619269132605 84.996577441692352 9.7844466716051084
leaf_count=39 16 46 101 47 11 168 31 41 209 40
internal_value=0.0474061 0.0159339 0.0360335 0.0457232 0.0772848 -0.0209419 0.0797583 0.000976869 0.0814329 0.0561396
internal_weight=200.218 101.243 65.6006 50.2031 98.9753 35.6421 95.778 15.3975 93.3708 41.5278
internal_count=749 482 268 188 267 214 251 80 240 141
is_linear=0
shrinkage=0.03


Tree=3
num_leaves=12
num_cat=0
split_feature=3 11 29 5 11 18 18 24 8 7 26
split_gain=137.641 133.472 68.2721 19.1987 16.0806 15.6783 12.6285 10.5767 7.33561 2.71109 1.19103
threshold=0.28919646888971334 -0.096637118607759462 1.0894425511360171 0.67855075001716625 -0.76706612110137928 -1.0402500033378599 -0.42093525826930994 0.32303477078676229 0.14177257567644122 -0.35462537407875055 -0.71593949198722828
decision_type=2 2 2 2 2 2 2 2 2 2 2
left_child=1 2 4 10 6 -2 -1 -7 -6 -8 -3
right_child=5 3 -4 -5 8 7 9 -9 -10 -11 -12
leaf_value=0.022492417704065924 -0.0074930967305220026 0.029842754296213133 0.057510136364428754 0.0055348893018985013 -0.032523936947456929 0.083294578266876571 0.0010581558289177969 0.034677890214622649 0.0023782807741415109 -0.022700678620438414 0.067321589345588365
leaf_weight=10.021703317761423 1.2045598626136769 13.570126906037329 8.1962194144725782 7.4986844509840003 33.533664464950562 58.201265171170235 5.9944755285978317 15.519060671329497 5.5481629073619834 7.3469551503658277 36.345120847225189
leaf_count=42 7 51 19 34 213 132 30 54 26 44 101
internal_value=0.0429663 0.0225977 -0.00528865 0.0545837 -0.0171837 0.074187 0.00244063 0.0759128 -0.0278614 -0.0146472 0.0607773
internal_weight=202.98 128.055 70.6412 57.4139 62.445 74.9249 23.3631 73.7203 39.0818 13.3414 49.9152
internal_count=753 560 374 186 355 193 116 186 239 74 152
is_linear=0
shrinkage=0.03


Tree=4
num_leaves=10
num_cat=0
split_feature=17 19 8 29 19 30 14 9 8
split_gain=185.755 66.3251 47.4495 39.112 48.9779 10.423 6.64444 2.21627 2.18945
threshold=-0.17330861836671826 0.38651748001575476 0.095882367342710509 -1.3083735704421995 -1.4333746433258054 -0.091874383389949785 -0.12352122738957404 0.54657700657844555 -0.50069037079811085
decision_type=2 2 2 2 2 2 2 2 2
left_child=1 2 3 -1 -5 -6 -2 -4 -7
right_child=6 -3 7 4 5 8 -8 -9 -10
leaf_value=0.035751757094658811 0.047067775806222026 0.057325347105899434 0.04316495206318452 0.038010578163447689 -0.033192341555805985 0.007070583444048489 0.085473765839692642 0.010458641846313435 -0.011288095402988576
leaf_weight=12.136964142322539 29.339396744966507 28.055698066949844 20.746366262435917 8.5050385594367963 39.61622329056263 7.1788204163312912 63.262132883071899 6.2497323006391516 6.4819615483283979
leaf_count=44 97 80 70 29 252 34 119 27 35
internal_value=0.0449147 0.0203442 0.00784207 -0.00504827 -0.01514 -0.0261581 0.07634 0.0384109 -0.00233099
internal_weight=221.572 128.971 100.915 73.919 61.782 53.277 92.6015 26.9961 13.6608
internal_count=787 571 491 394 350 321 216 97 69
is_linear=0
shrinkage=0.03


Tree=5
num_leaves=10
num_cat=0
split_feature=17 29 2 25 7 18 21 4 18
split_gain=166.607 82.7731 45.7963 35.4121 22.8738 12.0477 6.71327 2.86317 2.03604
threshold=-0.20487888157367704 -1.2562471628189085 -0.25577870011329645 -0.91915407776832569 0.4106291681528092 -0.95302742719650257 -0.33484864234924311 0.69493263959884655 0.064322125166654601
decision_type=2 2 2 2 2 2 2 2 2
left_child=1 -1 8 -4 6 -2 -5 -8 -3
right_child=5 2 3 4 -6 -7 7 -9 -10
leaf_value=0.062864750015068943 0.0020015744522970612 0.040243952527529873 0.039417403796293875 0.0034578017987996028 0.015593995947052504 0.071164810351299207 -0.032872219711107632 -0.008547144523828527 0.0095474412728191165
leaf_weight=21.600982576608658 2.6190824061632147 17.008582428097728 6.704429402947425 5.3053033947944632 11.721746012568472 96.522030517458916 36.37944532930851 9.7296937555074674 6.3490774482488623
leaf_count=58 11 54 21 25 48 221 232 55 26
internal_value=0.0419201 0.0161767 0.00270561 -0.00973242 -0.0174612 0.0695215 -0.0257115 -0.0290776 0.0350546
internal_weight=213.94 114.799 93.1983 69.8406 63.1362 99.1411 51.4144 46.1091 23.3577
internal_count=751 519 461 381 360 232 312 287 80
is_linear=0
shrinkage=0.03


Tree=6
num_leaves=12
num_cat=0
split_feature=14 19 25 19 22 7 18 3 11 11 4
split_gain=147.261 68.1141 33.0313 22.5092 19.3431 11.926 9.69828 9.98352 7.77085 4.05414 2.96642
threshold=-0.12352122738957404 0.24179019778966906 -0.32695157825946802 -0.55512985587120045 -1.6999214887619016 0.14297857135534289 -1.077767491340637 0.11917744576931001 -0.14014987647533414 0.10629746690392496 -0.39583982527256006
decision_type=2 2 2 2 2 2 2 2 2 2 2
left_child=1 2 10 8 -2 -3 -6 -8 -4 -5 -1
right_child=4 5 3 9 6 -7 7 -9 -10 -11 -12
leaf_value=0.036078821268971287 -0.010655165271473909 0.055255580116737819 -0.0064800642696344517 -0.031654000534022363 0.0081894608048647243 0.0091208175517069265 0.041431469806854006 0.075290508323981251 0.02807027713099508 -0.0040830725729318063 0.0080409955952568425
leaf_weight=8.7846729010343569 1.8291718363761891 23.550488203763962 8.6204853653907758 30.55000302195549 4.2170726060867301 8.8785613328218442 35.461405128240585 68.516102284193039 6.8575517386198035 7.4324395805597296 9.4287206381559354
leaf_count=29 10 63 46 204 18 36 107 130 24 36 43
internal_value=0.0392476 0.0127039 -0.00414904 -0.0159335 0.0627188 0.0455303 0.0643752 0.0661737 0.0119437 -0.0273615 0.0264225
internal_weight=214.127 104.103 71.6739 53.4605 110.024 32.429 108.195 103.978 15.478 37.9824 18.2134
internal_count=746 481 382 310 265 99 255 237 70 240 72
is_linear=0
shrinkage=0.03


Tree=7
num_leaves=10
num_cat=0
split_feature=17 11 11 22 14 61 6 3 6
split_gain=137.388 64.3111 34.6114 18.5697 17.5345 13.5794 11.6291 9.95447 0.41958
threshold=-0.20487888157367704 1.0000000180025095e-35 -0.14014987647533414 0.060591403394937522 1.0000000180025095e-35 1.0000000180025095e-35 -0.27903633564710612 -0.44037659466266627 0.53373970091342937
decision_type=2 2 2 2 2 2 2 2 2
left_child=1 2 3 4 8 -2 -5 -3 -1
right_child=5 7 -4 6 -6 -7 -8 -9 -10
leaf_value=-0.026192857662757023 0.022102774665384108 0.010305081232311334 -0.030079281737228004 0.044210034735752697 0.019132306390342316 0.066847539272127804 0.0030979428947763058 0.048605922296470122 -0.005806833338911856
leaf_weight=11.321346625685694 13.340145900845526 11.057950139045714 22.82300654053688 11.693220168352129 10.616578653454779 91.474981755018234 11.130401924252508 33.639503180980682 4.6624978780746451
leaf_count=70 43 47 156 35 40 189 53 96 26
internal_value=0.0382093 0.0148415 -0.00302597 0.0110824 -0.00584897 0.0624184 0.0283205 0.0411206 -0.0230468
internal_weight=221.76 116.945 72.2471 49.424 26.6004 104.815 22.8236 44.6975 15.9838
internal_count=755 523 380 224 136 232 88 143 96
is_linear=0
shrinkage=0.03


Tree=8
num_leaves=13
num_cat=0
split_feature=14 19 14 27 30 6 7 17 5 17 6 10
split_gain=122.346 82.6276 33.8941 15.8327 13.1257 11.7912 29.5825 11.3389 10.0429 4.92232 4.11192 0.856787
threshold=1.0000000180025095e-35 0.17285594344139102 -0.27143290638923639 -0.059669708833098405 0.28521659970283514 -0.64847996830940235 -0.31944125890731806 -0.31965644657611841 -0.1549102962017059 -0.38846583664417261 -0.35292506217956537 0.55978818237781536
decision_type=2 2 2 2 2 2 2 2 2 2 2 2
left_child=1 2 3 8 -4 -3 -7 9 -1 -2 -10 -9
right_child=7 5 4 -5 -6 6 -8 11 10 -11 -12 -13
leaf_value=-0.018901421593323971 0.0069339820697847786 0.065493592538736239 -0.031292666084816671 0.033544519832827205 0.0099483916275377449 0.047728820908352995 -0.011544873576964066 0.068832991138124799 0.023500201880999074 0.038561649262437499 -0.0030585438736642104 0.034832165997824197
leaf_weight=10.972526550292969 9.4284657835960406 17.12519533932209 28.738387390971184 15.787393391132353 6.1964261531829825 13.554658263921739 10.098763510584829 76.169885113835335 7.6334103196859342 12.616983503103254 7.2265024483203906 17.777641922235489
leaf_count=62 38 32 196 55 25 34 46 140 27 34 37 46
internal_value=0.0378926 0.0152931 -0.00354959 0.0140475 -0.023648 0.047191 0.0248235 0.0591766 -0.00137553 0.0288177 0.0130661 0.0644843
internal_weight=233.326 117.333 76.5546 41.6198 34.9348 40.7786 23.6534 115.993 25.8324 22.0454 14.8599 93.9475
internal_count=772 514 402 181 221 112 80 258 126 72 64 186
is_linear=0
shrinkage=0.03


Tree=9
num_leaves=13
num_cat=0
split_feature=14 14 19 24 10 7 3 9 6 9 9 12
split_gain=106.595 61.0428 31.9452 23.9833 17.7828 17.5017 14.8519 14.375 6.63718 3.56921 3.03148 2.47123
threshold=1.0000000180025095e-35 -0.27143290638923639 0.43778336048126226 0.67732498049736034 0.55978818237781536 0.7725229561328889 0.75890609622001659 0.28545089066028601 -0.7223687171936034 1.0688292384147646 -0.015848450828343626 -0.37401565909385676
decision_type=2 2 2 2 2 2 2 2 2 2 2 2
left_child=1 3 5 7 10 -3 -6 8 -1 -9 -2 -10
right_child=4 2 -4 -5 6 -7 -8 9 11 -11 -12 -13
leaf_value=0.06015770342536076 0.068010026957297687 -0.031382355939320795 0.028516045240560752 -0.0087694843179018604 -0.0033033471225207413 0.017237807331318022 0.041691886052711812 -0.0051593695361581739 0.011577756582166343 0.018750273877288653 0.033297623474824289 0.035205784141947499
leaf_weight=20.713321790099144 77.310646742582321 30.243908807635307 9.8933099359273893 9.3846925348043424 9.8308214694261569 4.836141809821128 11.592725798487661 7.6127976775169355 13.040418654680247 6.6654510051012039 18.259836688637733 19.90080696344376
leaf_count=46 135 210 28 48 41 18 24 35 56 26 49 64
internal_value=0.0375109 0.0168755 -0.0102412 0.0323125 0.0575048 -0.0233653 0.0243264 0.0382 0.0448793 0.00797045 0.063363 0.0286106
internal_weight=239.285 122.291 44.9734 77.3175 116.994 35.0801 21.4235 67.9328 53.6545 14.2782 95.5705 32.9412
internal_count=780 531 256 275 249 228 65 227 166 61 184 120
is_linear=0
shrinkage=0.03


Tree=10
num_leaves=10
num_cat=0
split_feature=20 10 9 11 18 29 19 20 18
split_gain=88.8499 85.231 42.2144 20.135 17.45 15.823 9.90277 9.22244 7.96873
threshold=-0.19660779088735578 -0.23147577792406079 -0.21671468764543531 -0.37522369623184199 -1.0402500033378599 -0.94348853826522816 -0.55512985587120045 -0.837367683649063 0.4699519574642182
decision_type=2 2 2 2 2 2 2 2 2
left_child=1 3 7 -1 -2 -4 -6 -3 -7
right_child=4 2 5 -5 6 8 -8 -9 -10
leaf_value=0.0064119179109289612 -0.011493560364260955 0.040864260359578915 0.012726391616395836 0.058921226148108061 0.018654562592211228 -0.032315169349508337 0.058301850789361301 0.0045450992279624956 0.0042128743419107863
leaf_weight=9.7052349299192411 2.016361027956008 10.637282326817514 7.7823759466409674 30.315651208162308 12.246408089995382 33.66651950776577 110.79457084834576 12.904570072889326 5.000507876276969
leaf_count=42 11 28 29 68 40 227 227 56 22
internal_value=0.0368348 0.0160922 -0.00432486 0.0483138 0.0537618 -0.0203056 0.0552383 0.0252396 -0.0276498
internal_weight=235.069 110.012 69.9913 40.0209 125.057 46.4494 123.041 23.5419 38.667
internal_count=750 472 362 110 278 278 267 84 249
is_linear=0
shrinkage=0.03


Tree=11
num_leaves=12
num_cat=0
split_feature=17 23 12 5 29 25 17 17 16 4 2
split_gain=113.862 38.9132 29.1743 14.8544 14.1568 14.705 17.3243 19.9908 11.2488 2.1271 2.01197
threshold=-0.23697756230831143 1.0000000180025095e-35 1.0000000180025095e-35 -0.37424215674400324 -1.2041207551956175 -0.62305282056331623 -0.3028330504894256 -0.38846583664417261 -0.56938186287879933 0.89325490593910228 0.10893747303634883
decision_type=2 2 2 2 2 2 2 2 2 2 2
left_child=1 2 8 -4 -3 -6 7 -7 -1 -10 -2
right_child=10 4 3 -5 5 6 -8 -9 9 -11 -12
leaf_value=0.0094841161327749741 0.059086324138269933 0.049616198961001938 0.037104173181481195 -0.0055771430403658093 0.039863929556628812 -0.014571179518981028 -0.025012535931306028 0.036904280033334645 -0.030914282765712557 -0.0032766876156365594 0.036415200727210939
leaf_weight=6.3653107434511176 82.124637544155121 15.631305724382399 11.419905975461008 11.213555440306662 9.3619402945041639 7.9782551974058142 8.7995838373899478 11.408962666988375 25.761350035667423 4.1185506880283347 40.943621590733528
leaf_count=27 149 36 32 52 24 44 51 31 178 26 104
internal_value=0.0338744 0.0112185 -0.00554539 0.0187751 0.0286603 0.0151312 0.00214814 0.0170767 -0.0211674 -0.0281206 0.05326
internal_weight=235.127 112.059 58.8787 22.6335 53.18 37.5487 28.1868 19.3872 36.2452 29.8799 123.068
internal_count=754 501 315 84 186 150 126 75 231 204 253
is_linear=0
shrinkage=0.03


Tree=12
num_leaves=13
num_cat=0
split_feature=14 19 25 19 6 27 20 4 10 2 18 27
split_gain=87.2511 48.3317 40.6896 21.3359 13.6882 11.6813 9.65222 8.29915 7.85177 11.6447 6.71422 2.42217
threshold=1.0000000180025095e-35 0.17285594344139102 -0.32695157825946802 -0.55512985587120045 -0.64847996830940235 -0.075719472020864473 0.18310176581144336 1.0915771722793581 0.55978818237781536 -0.43813678622245783 -0.21775482594966886 -0.71381393074989308
decision_type=2 2 2 2 2 2 2 2 2 2 2 2
left_child=1 2 10 5 -3 -4 -6 11 -2 -10 -1 -5
right_child=8 4 3 7 6 -7 -8 -9 9 -11 -12 -13
leaf_value=0.043406657314418368 0.055392492596121834 0.05662340231701822 -0.0089421227176543962 -0.002269293716824741 0.0288006894213973 0.031429516128301853 -0.0067600846228305159 0.0073603611432571546 0.042530213312872975 0.0033181999698071955 0.008578475308237592 -0.031621571003351605
leaf_weight=11.55356301367283 107.24009896814823 18.617583617568016 9.5578809827566165 3.5987001657485953 16.496689468622211 7.8461570739746085 7.724715217947959 4.4707285463809958 12.533391103148462 12.652805909514425 11.516618788242338 30.271307364106178
leaf_count=29 201 32 50 19 48 24 32 22 23 47 49 211
internal_value=0.0345862 0.0153099 0.000819105 -0.0130311 0.039098 0.0122108 0.0182435 -0.0245759 0.0510931 0.0266438 0.0306454 -0.029196
internal_weight=254.08 121.654 78.815 55.7448 42.839 17.404 24.2214 38.3407 132.426 25.1862 23.0702 33.87
internal_count=787 516 404 326 112 74 80 252 271 70 78 230
is_linear=0
shrinkage=0.03


Tree=13
num_leaves=14
num_cat=0
split_feature=14 14 10 2 11 11 18 16 28 10 4 12 26
split_gain=72.8618 42.9302 20.7275 22.2718 18.4392 16.6556 13.6244 11.3735 7.28674 6.66266 5.22571 1.56645 1.35623
threshold=1.0000000180025095e-35 -0.27143290638923639 0.55978818237781536 -0.43813678622245783 0.5460549294948579 -0.83079570531845082 0.28716826438903814 -0.36013673245906824 0.48716732859611517 -0.42929178476333613 0.24870754033327105 -0.77100482583045948 -0.71593949198722828
decision_type=2 2 2 2 2 2 2 2 2 2 2 2 2
left_child=1 5 12 -4 7 10 8 -3 -7 -10 -1 -9 -2
right_child=2 4 3 -5 -6 6 -8 11 9 -11 -12 -13 -14
leaf_value=-0.015258707958471708 0.025427960310284638 0.010650236939093928 0.038183850626530458 -0.013643986886745616 0.018926628770916089 0.045695907874580666 -0.0012848756987105037 -0.0037994214422369162 0.028832607565028735 -0.0022563303776069353 0.013156997148927761 -0.030216977724504539 0.054662191466384423
leaf_weight=8.3203643262386304 15.037837654352186 5.9181799143552736 10.468775853514673 10.679194688796995 10.186190411448477 32.673475921154022 9.3571899980306608 3.8570613116025916 9.7551891803741473 9.5432713478803617 5.5339864343404761 24.48664294183255 81.172092512249947
leaf_count=46 38 23 19 47 33 82 41 20 27 41 21 179 144
internal_value=0.0293678 0.0121165 0.0457396 0.0144076 -0.0105352 0.0253299 0.0315954 -0.0205891 0.0371084 0.0161581 -0.00342923 -0.0277308 0.0515747
internal_weight=236.989 119.632 117.358 21.148 44.4481 75.1835 61.3291 34.2619 51.9719 19.2985 13.8544 28.3437 96.2099
internal_count=761 513 248 66 255 258 191 222 150 68 67 199 182
is_linear=0
shrinkage=0.03


Tree=14
num_leaves=13
num_cat=0
split_feature=14 17 17 28 20 4 10 4 18 11 27 17
split_gain=84.2148 44.1999 31.6422 18.9349 14.344 14.1659 11.3611 10.3939 6.90799 5.06436 2.07348 0.68636
threshold=1.0000000180025095e-35 -0.25323063880205149 -0.28615595400333399 1.0320501327514651 1.0000000180025095e-35 -0.2966786921024322 0.16415620595216754 0.34786868095397955 -0.34728738665580744 0.35644546151161199 -0.67486986517906178 -0.3028330504894256
decision_type=2 2 2 2 2 2 2 2 2 2 2 2
left_child=1 2 3 5 6 8 -2 -3 -1 -7 -4 -8
right_child=4 7 10 -5 -6 9 11 -9 -10 -11 -12 -13
leaf_value=0.015326200876047172 0.039078444998330561 0.040315164139342656 -0.0019787632363268341 -0.022679965086681568 0.056159992570910811 0.013044495189372536 -0.00013445819401664276 0.0083103749219585066 -0.01567819927970205 0.047631869751312596 -0.029323127546959107 0.010682894045051074
leaf_weight=7.2592327892780277 27.341797411441803 37.469984218478203 3.5822900831699398 7.0988318473100653 84.283139705657959 12.465514913201334 8.6926388442516345 15.579877793788908 8.722144678235054 9.3586377501487714 22.222935579717159 7.976304203271865
leaf_count=28 60 92 20 42 131 52 35 54 49 19 169 27
internal_value=0.0314832 0.0130326 -0.00270954 0.0122255 0.0481252 0.0206634 0.0285784 0.0324413 -0.00129882 0.0339902 -0.0264645 0.00631242
internal_weight=252.053 123.759 70.7096 44.9044 128.294 37.8055 44.0107 53.0499 15.9814 21.8242 25.8052 16.6689
internal_count=778 525 379 190 253 148 122 146 77 71 189 62
is_linear=0
shrinkage=0.03


Tree=15
num_leaves=10
num_cat=0
split_feature=2 11 30 27 11 9 11 20 14
split_gain=74.108 70.1136 24.9398 18.6536 16.5992 12.0712 9.13435 8.83903 7.5595
threshold=1.0000000180025095e-35 -0.096637118607759462 0.17912140488624576 -0.19034922122955319 -0.76706612110137928 0.40597064793109899 -0.47867554426193232 -0.67124474048614491 1.0000000180025095e-35
decision_type=2 2 2 2 2 2 2 2 2
left_child=5 2 4 8 7 -1 -4 -2 -3
right_child=1 3 6 -5 -6 -7 -8 -9 -10
leaf_value=0.049436022457362241 -0.016053633349195445 -0.0060792340535106761 -0.0029745157336623831 0.047034219090205241 -0.031767499125543192 0.015376111207511664 0.033823893947634041 0.016918259015246108 0.023488742256053977
leaf_weight=101.72720947861671 8.4979992210865039 11.392202995717527 9.5452343076467532 36.088630691170692 29.693495564162731 16.55700995028019 8.7473941743373853 11.073322698473929 11.887581661343573
leaf_count=202 46 53 40 72 211 51 23 43 28
internal_value=0.028824 0.0121616 -0.00861606 0.0346379 -0.0192921 0.0454854 0.0181055 0.00224818 0.0105028
internal_weight=245.21 126.926 67.5574 59.3684 49.2648 118.284 18.2926 19.5713 23.2798
internal_count=769 516 363 153 300 253 63 89 81
is_linear=0
shrinkage=0.03


Tree=16
num_leaves=14
num_cat=0
split_feature=14 14 1 16 3 11 40 8 26 8 20 8 7
split_gain=63.8543 41.3738 26.4217 21.5887 18.8527 19.1244 11.5062 9.23406 8.61243 6.74191 3.60791 2.29975 2.14138
threshold=-0.12352122738957404 -0.27143290638923639 -0.66603073477745045 -0.22892432659864423 0.11917744576931001 -0.27744553983211512 1.0000000180025095e-35 0.87810188531875621 -0.43790842592716211 -0.20448992401361463 -0.38646256923675532 -0.56535387039184559 -0.10456682741641997
decision_type=2 2 2 2 2 2 2 2 2 2 2 2 2
left_child=1 2 12 -3 5 -2 -7 8 9 -4 -10 -5 -1
right_child=4 3 7 11 -6 6 -8 -9 10 -11 -12 -13 -14
leaf_value=-0.021954318537834937 -0.0088039446881776357 0.019221159734715724 -0.0036452778313571638 -0.0017213187695166042 0.049285326169644789 0.010951119500342501 0.049032333630941879 -0.00015316194661491579 0.016760160840056774 0.0262701662412913 0.050364952630268502 -0.030101129100862083 0.00035958256143446663
leaf_weight=6.4314037263393402 11.944208130240439 8.2704453319311124 10.286441877484323 3.5053468793630591 82.397886976599693 17.738788336515427 13.618188485503198 8.34222663938999 11.069330960512156 10.240361541509627 21.398300647735599 24.506384916603569 5.612363323569296
leaf_count=38 50 28 47 20 141 53 20 31 41 29 43 186 23
internal_value=0.0264882 0.00912746 0.0216166 -0.0156906 0.0407055 0.020967 0.0319583 0.029267 0.0335121 0.0135012 0.0426735 -0.0273483 -0.0145011
internal_weight=235.362 109.663 73.3804 36.2822 125.699 43.3012 31.357 61.3367 52.9944 20.5268 32.4676 28.0117 12.0438
internal_count=750 486 252 234 264 123 73 191 160 76 84 206 61
is_linear=0
shrinkage=0.03


Tree=17
num_leaves=14
num_cat=0
split_feature=14 19 14 3 11 2 7 14 30 30 23 31 26
split_gain=59.4539 40.3064 19.945 13.145 10.6274 9.41943 7.95262 10.4288 7.57202 6.08592 5.90745 3.35753 3.28248
threshold=-0.12352122738957404 0.17285594344139102 -0.27143290638923639 -0.44037659466266627 -0.47867554426193232 0.10893747303634883 -0.32446755468845362 -0.58715945482254017 -0.33795437216758722 1.0940191745758059 1.0000000180025095e-35 1.1107677668333056 0.28593802452087408
decision_type=2 2 2 2 2 2 2 2 2 2 2 2 2
left_child=1 2 4 9 10 -4 -3 -8 -6 12 -1 -5 -2
right_child=3 6 5 11 8 -7 7 -9 -10 -11 -12 -13 -14
leaf_value=-0.022021016815774175 -0.005739780121728634 0.045517497435870607 0.0061569233875964488 0.048987404744810364 0.030730331247493626 -0.028688704942799455 0.030353774536133537 -0.0059891340832746425 -0.0012996334707139046 0.032512794916285261 0.0070591625334924506 0.023451796179812977 0.014966092546020417
leaf_weight=6.9231661558151272 9.9191072881221825 19.91138930618763 7.3813726752996471 93.006126895546913 16.036277100443844 21.596687696874142 10.802255794405939 10.405902847647665 9.1353235989809018 9.8969088494777662 9.5488191097974759 20.062452763319016 8.6772937625646573
leaf_count=43 38 39 37 157 49 175 26 41 38 19 42 49 25
internal_value=0.0282418 0.0111591 -0.00289031 0.0408853 0.0100383 -0.0202128 0.0329859 0.0147813 0.020817 0.0180156 -0.00744495 0.0456415 0.00504582
internal_weight=253.303 111.741 70.6216 141.562 41.6436 28.9781 41.1195 21.2082 25.1716 28.4933 16.472 113.069 18.5964
internal_count=778 490 384 288 172 212 106 67 87 82 85 206 63
is_linear=0
shrinkage=0.03


Tree=18
num_leaves=12
num_cat=0
split_feature=17 29 16 27 7 10 14 12 8 16 12
split_gain=58.2614 32.7811 36.3956 25.3085 12.0358 10.6565 7.2727 14.6032 5.82719 1.15814 0.81767
threshold=-0.20487888157367704 -1.3083735704421995 -0.51455947756767262 -0.19034922122955319 -0.13598121702671048 -0.42929178476333613 0.41321270167827612 1.0215593576431277 -0.53406506776809681 0.47463242709636694 -0.4332109242677688
decision_type=2 2 2 2 2 2 2 2 2 2 2
left_child=1 -1 8 5 9 -4 7 10 -3 -5 -2
right_child=6 2 3 4 -6 -7 -8 -9 -10 -11 -12
leaf_value=0.039302148832848646 0.017548317990149411 0.0060921584358443488 0.0019271600926853239 -0.013259617214818813 0.027809348701615794 -0.031622731695661231 0.048684378073079244 -0.0024911664583187527 0.034774214098897305 0.0020129149698481716 0.039065571599930182
leaf_weight=23.462966486811638 15.489208757877348 11.833889827132223 10.513539284467695 7.1533285304904002 13.161916643381117 30.220724903047085 66.1519675552845 10.90294401347637 20.484668537974358 5.2359493896365166 33.350011005997658
leaf_count=58 43 47 41 39 37 222 97 36 53 22 66
internal_value=0.0263683 0.0109239 0.0026004 -0.0100911 0.0119317 -0.0236995 0.0403539 0.0280822 0.0264952 -0.00808224 0.0345049
internal_weight=247.961 122.067 98.604 66.2855 25.5512 40.7343 125.894 59.7422 32.3186 12.3893 48.8392
internal_count=761 519 461 361 98 263 242 145 100 61 109
is_linear=0
shrinkage=0.03


Tree=19
num_leaves=11
num_cat=0
split_feature=20 11 26 22 10 10 9 7 27 25
split_gain=38.0756 39.9443 22.8852 25.1899 10.6972 10.6733 10.4993 4.99973 8.19472 4.04434
threshold=-0.22033964097499845 -0.096637118607759462 0.10810814052820207 0.050184791907668121 -0.23147577792406079 0.16415620595216754 0.22519102692604068 0.34528724849224096 0.28911022841930395 0.56135213375091564
decision_type=2 2 2 2 2 2 2 2 2 2
left_child=1 2 3 -1 -5 -3 9 8 -4 -2
right_child=6 5 7 4 -6 -7 -8 -9 -10 -11
leaf_value=-0.030624161272633958 0.043702620706028393 0.041510475561665552 0.020297662406921137 0.031053109902186894 -0.0082561295340934492 0.005972316963901568 0.011483907044640529 0.030859339066997862 -0.01413182621089263 0.02078180019641199
leaf_weight=26.393213383853436 97.859918162226677 32.671467795968056 8.1318637579679507 7.3766579329967525 9.2734951302409154 11.891978010535238 17.831909000873566 10.530184656381605 7.0993728935718527 22.746331989765167
leaf_count=201 179 67 29 17 52 46 55 26 35 59
internal_value=0.0267852 0.0130487 -0.00162713 -0.014464 0.0123089 0.0335861 0.0371872 0.0186861 0.00472338 0.0403791
internal_weight=251.806 113.368 68.8048 43.0434 16.6502 44.5634 138.438 25.7614 15.2312 120.606
internal_count=766 473 360 270 69 113 293 90 64 238
is_linear=0
shrinkage=0.03


Tree=20
num_leaves=14
num_cat=0
split_feature=17 29 20 11 5 7 16 27 3 18 14 19 9
split_gain=50.84 28.3282 30.788 23.8338 15.7676 15.4697 7.02676 5.38746 4.56841 4.24517 2.64291 1.9849 1.8056
threshold=-0.20487888157367704 -1.2562471628189085 1.0000000180025095e-35 0.79731348156929027 -1.2077032327651975 -1.0796694755554197 -0.97122657299041737 -0.075719472020864473 -0.44037659466266627 -0.31305301189422602 -0.12352122738957404 -1.4333746433258054 1.3500419259071352
decision_type=2 2 2 2 2 2 2 2 2 2 2 2 2
left_child=1 7 3 4 -3 -6 -7 -1 -2 -4 -10 -8 -13
right_child=8 2 9 -5 5 6 11 -9 10 -11 -12 12 -14
leaf_value=0.013558286421830254 0.02205617270428107 0.021731894922268194 0.036414120560393157 0.029121239045925881 0.02051263631809129 0.00041485586417994077 -0.0029136653695625014 0.048750278816552674 0.023989583484123125 0.011407193809961566 0.047816314348736282 -0.032768664128563461 -0.0051272646705291898
leaf_weight=11.341932877898218 27.544664964079857 5.7211724743247023 16.52320659160614 9.3862364888191205 4.2235388308763495 8.8036134541034681 3.678622379899017 14.961654111742972 22.095415383577347 17.89973509311676 78.040398254990578 33.039644159376628 4.4450950026512137
leaf_count=37 69 18 35 23 14 39 18 25 56 56 109 234 26
internal_value=0.0270449 0.0130814 0.00525759 -0.00637111 -0.0137465 -0.0190114 -0.0239143 0.0381651 0.0402358 0.0265067 0.0439498 -0.0285989 -0.03048
internal_weight=257.705 130.024 103.721 69.2979 59.9117 54.1905 49.967 26.3036 127.68 34.4229 100.136 41.1634 37.4847
internal_count=759 525 463 372 349 331 317 62 234 91 165 278 260
is_linear=0
shrinkage=0.03


Tree=21
num_leaves=12
num_cat=0
split_feature=2 25 29 24 6 22 19 67 17 3 7
split_gain=43.7124 28.2052 30.0964 17.4066 16.1841 13.727 12.2536 9.51315 8.25796 1.25677 1.13201
threshold=1.0000000180025095e-35 -0.91915407776832569 -0.47435060143470759 -0.56269074976444233 1.4942932128906252 0.090760096907615675 -0.55512985587120045 1.0000000180025095e-35 -0.371030643582344 0.11917744576931001 0.52372097969055187
decision_type=2 2 2 2 2 2 2 2 2 2 2
left_child=8 -2 5 7 6 -3 -5 -4 -1 -10 -8
right_child=1 2 3 4 -6 -7 10 -9 9 -11 -12
leaf_value=0.011509896738190121 0.035048089928912049 0.0038455607250572118 -0.0058298678741430642 0.0022511830623380279 0.019547449330562312 0.044296986351867948 -0.032102350962931604 0.029683837880643747 0.024939682384344377 0.043350154571845177 -0.0057288100998250432
leaf_weight=16.185975834727287 28.060282871127129 14.597799912095072 9.8695442155003548 13.481729574501513 6.2061842978000632 13.357923045754431 30.411625191569328 10.040322318673134 31.518739394843578 75.634540215134621 4.1031926721334449
leaf_count=55 62 53 40 58 20 24 228 20 82 125 19
internal_value=0.0237123 0.0109432 0.00298915 -0.00718624 -0.0156798 0.0269624 -0.0216494 0.0144428 0.0362331 0.0392881 -0.0300886
internal_weight=253.468 130.129 102.068 74.1126 54.2027 27.9557 47.9965 19.9099 123.339 107.153 34.5148
internal_count=786 524 462 385 325 77 305 60 262 207 247
is_linear=0
shrinkage=0.03


Tree=22
num_leaves=12
num_cat=0
split_feature=17 10 7 16 12 9 61 11 11 16 11
split_gain=43.2327 26.0494 31.3536 47.6962 13.0891 10.7717 6.32751 2.66009 1.46294 1.38817 0.356283
threshold=-0.18902878463268277 -0.23147577792406079 0.3528266996145249 -1.1886876225471494 0.27343384921550756 0.92822283506393444 1.0000000180025095e-35 -0.37522369623184199 -1.1112717390060423 -0.6450805366039275 1.0000000180025095e-35
decision_type=2 2 2 2 2 2 2 2 2 2 2
left_child=1 4 3 -3 7 8 -2 -1 -5 -8 -4
right_child=6 2 10 5 -6 -7 9 -9 -10 -11 -12
leaf_value=0.015928086985723067 0.01485142316916946 0.028912940113185594 0.013298356865254039 -0.0057973671082155514 0.0012533598876989485 0.0053466150508184283 0.019926676482145161 0.044138390535521717 -0.033075559253561149 0.042151345276248461 0.034631586268305578
leaf_weight=12.769649326801298 18.862276554107666 16.018632605671883 11.358780205249788 4.3759571462869635 12.530671179294584 7.2571976557373992 16.866551235318184 21.471751525998116 33.609646327793598 91.587323173880577 11.058155953884123
leaf_count=43 47 46 39 23 43 34 38 45 238 155 22
internal_value=0.0245478 0.0117308 0.00130266 -0.00993257 0.0284599 -0.0251948 0.0367408 0.0369879 -0.030973 0.0397255 0.0282185
internal_weight=257.767 130.45 83.6784 61.2614 46.7721 45.2428 127.316 34.2414 37.9856 108.454 22.4169
internal_count=773 533 402 341 131 295 240 88 261 193 61
is_linear=0
shrinkage=0.03


Tree=23
num_leaves=13
num_cat=0
split_feature=14 6 28 28 10 3 8 7 27 3 10 30
split_gain=44.6689 27.4076 20.5867 13.3777 9.17889 9.02027 8.78475 7.55508 7.25698 7.20918 4.47183 3.16034
threshold=1.0000000180025095e-35 -0.7223687171936034 -0.22799137979745862 0.31689143180847174 1.0000000180025095e-35 0.11917744576931001 0.3962546586990357 -0.69390079379081715 0.28911022841930395 0.45212295651435858 0.16415620595216754 -0.044981602579355233
decision_type=2 2 2 2 2 2 2 2 2 2 2 2
left_child=1 4 8 9 -1 10 7 -5 -3 -4 -2 -9
right_child=5 2 3 6 -6 -7 -8 11 -10 -11 -12 -13
leaf_value=0.039292637453200968 0.028455490845927411 0.033400657362569683 -0.02959573588091927 0.012912619688923805 0.0067888648097906524 0.043741245585950272 0.023024736859959542 -0.024883563631623955 0.0036098179103691238 0.0065846176119475318 0.0061145261044790837 0.0010823904049629249
leaf_weight=27.940422125160694 26.751691564917564 13.324362501502039 20.211493827402595 7.6785702630877521 13.437931187450884 87.894135162234306 9.1673168912529928 8.8681228831410426 14.577108174562452 4.1854576319456092 15.299886226654051 5.4857241362333289
leaf_count=58 56 36 165 31 50 135 28 55 53 16 50 23
internal_value=0.0256469 0.0121093 0.00173133 -0.00873804 0.0306067 0.0377258 0.00431422 -0.00628967 0.0207503 -0.0233245 0.0218406 -0.017244
internal_weight=254.822 124.877 83.4982 55.5967 41.3784 129.946 31.1997 22.0324 27.9015 24.397 42.0516 14.3538
internal_count=756 515 407 318 108 241 137 109 89 181 106 78
is_linear=0
shrinkage=0.03


Tree=24
num_leaves=12
num_cat=0
split_feature=14 14 16 10 2 16 25 9 26 19 19
split_gain=43.2188 43.5924 13.6053 12.5798 12.6739 11.6196 14.9247 7.8805 6.10877 5.70314 9.41738
threshold=-0.12352122738957404 -0.27143290638923639 -0.14154464006423947 0.55978818237781536 -0.43813678622245783 0.72195065021514904 -0.32695157825946802 0.3055375218391419 -0.57133942842483509 0.17285594344139102 -0.11667817085981368
decision_type=2 2 2 2 2 2 2 2 2 2 2
left_child=1 5 -3 8 -5 6 -1 9 -2 10 -8
right_child=3 2 -4 4 -6 -7 7 -9 -10 -11 -12
leaf_value=0.039585299956787792 0.017010758869839659 0.0099285850338049018 -0.029503656887250915 0.02897177073426703 -0.0076755572834655266 -0.00694122735754861 0.020224409229308918 -0.0077164684839094522 0.041477935456955072 0.030807692881849758 -0.015045537650946551
leaf_weight=28.351583629846573 21.049391105771065 8.0791882276535052 23.176889501512051 12.44338931143284 13.347704023122786 10.268362730741499 9.8804392516612989 11.911806955933569 97.668601781129837 11.898457571864126 7.8239279016852441
leaf_count=63 52 28 195 21 50 40 32 55 160 26 43
internal_value=0.0232926 0.00868537 -0.0193475 0.0338852 0.011839 0.0201136 0.0242879 0.0107086 0.0380026 0.0181664 0.00475702
internal_weight=255.9 111.391 31.2561 144.509 25.7911 80.1346 69.8662 41.5146 118.718 29.6028 17.7044
internal_count=765 482 223 283 71 259 219 156 212 101 75
is_linear=0
shrinkage=0.03


Tree=25
num_leaves=13
num_cat=0
split_feature=17 3 27 9 22 6 24 17 18 20 7 27
split_gain=48.0992 26.7613 26.864 13.388 8.79589 8.23608 11.4952 7.76039 3.25845 2.43458 2.25303 1.51205
threshold=-0.17330861836671826 0.11917744576931001 -0.075719472020864473 -0.25688792765140528 -0.069421034306287752 1.1248495578765871 0.50017988681793224 -0.31965644657611841 -0.95302742719650257 -0.30340111255645746 -0.9879394769668578 -0.43253476917743677
decision_type=2 2 2 2 2 2 2 2 2 2 2 2
left_child=1 2 5 -3 11 6 10 -4 -2 -10 -1 -5
right_child=8 3 7 4 -6 -7 -8 -9 9 -11 -12 -13
leaf_value=-0.0024997028207648145 0.0059244101594866641 0.036244797191948286 0.028618787123681873 0.024278524946374263 -0.010659796774407789 0.0099920331595823916 0.0041893599672316179 -0.0014821229771496988 0.015520035604661321 0.037871113178536121 -0.032231011134006601 0.0050059801807079843
leaf_weight=3.4229785054922095 5.677941918373107 26.994967587292194 16.034292757511142 9.9579982608556765 11.819429270923136 5.8501592278480521 10.523675076663492 11.424316942691801 14.851306095719336 96.728053212165833 27.221700996160511 9.1621477082371729
leaf_count=16 15 55 46 24 48 23 52 46 36 164 201 38
internal_value=0.0209284 0.0080481 -0.00388175 0.0224744 0.00708862 -0.0170352 -0.021542 0.017796 0.0345493 0.0356894 -0.0297265 0.0179955
internal_weight=249.669 132.412 74.4771 57.9345 30.9396 47.0185 41.1684 27.4586 117.257 111.579 30.6447 19.1201
internal_count=764 549 384 165 110 292 269 92 215 200 217 62
is_linear=0
shrinkage=0.03


Tree=26
num_leaves=14
num_cat=0
split_feature=3 8 22 10 19 20 24 26 25 19 7 19 7
split_gain=43.3665 17.8906 15.7442 15.1056 24.3487 14.012 12.7198 9.57516 8.15032 7.62102 3.74877 1.79894 1.30882
threshold=-0.44037659466266627 0.6590804159641267 0.37329749763011938 1.0000000180025095e-35 0.15984890609979632 0.91878905892372142 -0.56269074976444233 -0.71593949198722828 0.56135213375091564 -1.4333746433258054 -0.69390079379081715 -0.75121188163757313 -0.96657770872116078
decision_type=2 2 2 2 2 2 2 2 2 2 2 2 2
left_child=1 2 6 7 5 8 -1 -2 11 -8 -4 -5 -11
right_child=3 -3 10 4 -6 -7 9 -9 -10 12 -12 -13 -14
leaf_value=0.011489979820878373 0.012837016738201474 0.026430621330320897 0.023670882985909227 -0.0043179509119011146 0.032700438550339127 0.025302101388757832 0.0073688658232117007 0.041941342547102155 0.0076179016494467983 -0.0052907373004639421 -0.0007993456762725741 -0.02738314398807154 -0.031709678810344331
leaf_weight=8.882730580866335 17.853303238749504 16.059158965945244 10.239750862121584 6.4896391034126308 40.178250506520271 8.701029419898985 4.0720380842685726 83.776939392089844 10.801371231675146 4.2146673500537899 8.4373766854405385 10.555794194340708 22.672288380563259
leaf_count=26 50 40 27 26 75 16 15 141 40 23 38 71 168
internal_value=0.0220689 0.00259789 -0.00550815 0.0299177 0.0179723 -0.000205549 -0.0156075 0.0376703 -0.010814 -0.0238989 0.0147821 -0.0215726 -0.0290474
internal_weight=252.934 74.578 58.5189 178.356 76.7261 36.5478 39.8417 101.63 27.8468 30.959 18.6771 17.0454 26.887
internal_count=756 337 297 419 228 153 232 191 137 206 65 97 191
is_linear=0
shrinkage=0.03


Tree=27
num_leaves=10
num_cat=0
split_feature=3 26 30 18 24 20 0 61 26
split_gain=48.0632 23.819 16.3875 17.5577 11.4921 8.02341 11.5911 4.44216 2.93504
threshold=-0.44037659466266627 -1.0474530458450315 -0.31242194771766657 -0.056625219061970704 0.67732498049736034 -0.67124474048614491 0.11180475258152002 1.0000000180025095e-35 -0.71593949198722828
decision_type=2 2 2 2 2 2 2 2 2
left_child=2 -2 5 -4 7 -1 -7 -3 -9
right_child=1 4 3 -5 -6 6 -8 8 -10
leaf_value=-0.0060752994471807865 -0.0070765248051823876 0.012586772718807013 -0.028116678156495451 0.011082736382400525 0.0072398236764018688 0.039596087351105647 0.00094131098961675464 0.015409352402417273 0.038689862970281166
leaf_weight=10.916523247957228 13.451000854372976 14.320751205086706 21.802366271615028 13.187083862721918 18.198743186891079 10.424679927527906 13.211719214916227 14.623542889952658 116.53173477202654
leaf_count=52 53 45 158 39 58 24 54 37 221
internal_value=0.0209171 0.0290184 -0.00027942 -0.0138044 0.0321066 0.0134302 0.0219266 0.0348734 0.0367553
internal_weight=246.668 177.126 69.5424 34.9895 163.675 34.5529 23.6364 145.476 131.155
internal_count=741 414 327 197 361 130 78 303 258
is_linear=0
shrinkage=0.03


Tree=28
num_leaves=15
num_cat=0
split_feature=2 11 27 2 12 17 18 4 27 6 18 6 19 2
split_gain=39.0808 32.5555 20.4593 15.3033 11.7943 8.98485 7.75113 6.93778 5.80868 4.15763 3.98431 3.86958 2.9472 0.471454
threshold=0.10893747303634883 1.085252642631531 -0.059669708833098405 0.47365364432334905 -0.2094459533691406 -0.38846583664417261 -1.0302097201347349 0.59577149152755748 -0.2577188685536384 0.68151715397834789 -0.21775482594966886 -0.20514760911464688 -1.5107337832450864 -0.98521101474761952
decision_type=2 2 2 2 2 2 2 2 2 2 2 2 2 2
left_child=5 2 4 -4 7 8 -7 11 -1 -6 -5 -2 -8 -14
right_child=1 -3 3 10 9 6 12 -9 -10 -11 -12 -13 13 -15
leaf_value=-0.0088133747418943243 0.0044688761365245513 0.035572133558847703 -0.011873818453519824 0.034474498629668338 -0.031372166365942609 -0.0052122486162851289 -0.00035290123311837744 0.018729625574225431 0.01981622538172477 -0.0019312084045056644 0.0070460191144129354 -0.021685214275478485 0.039987158977667414 0.026495106794956435
leaf_weight=8.7356271445751208 6.8559637293219575 19.22624197602272 11.905523672699927 12.405264452099798 22.79803524166346 3.6379607319831839 2.2315631508827201 7.5681832507252684 7.5399294942617408 5.9227592125535002 10.972998864948751 6.0106040611863145 52.094812095165253 69.093222141265869
leaf_count=40 28 33 48 25 183 14 7 21 21 27 41 36 75 159
internal_value=0.0192703 0.00487794 -0.00370883 0.0127061 -0.0155767 0.0291643 0.0317937 0.00195059 0.00598982 -0.0264875 0.0251102 -0.0103984 0.0330449 0.0336495
internal_weight=246.999 103.666 84.4393 35.2838 49.1555 143.333 127.058 20.4348 16.2756 28.7208 23.3783 12.8666 123.42 121.188
internal_count=758 442 409 114 295 316 255 85 61 210 66 64 241 234
is_linear=0
shrinkage=0.03


Tree=29
num_leaves=14
num_cat=0
split_feature=14 14 19 8 3 16 4 8 17 22 4 7 17
split_gain=24.9693 19.845 17.1601 14.3914 13.9932 12.7267 11.1754 9.27139 7.52854 7.07198 4.74579 2.06619 0.326986
threshold=1.0000000180025095e-35 -0.27143290638923639 0.43778336048126226 0.12508522719144824 0.11917744576931001 0.72195065021514904 1.0000000180025095e-35 0.894789218902588 -0.40606097877025599 -0.35486505925655359 -0.14793698862195012 -0.24279014766216275 -0.28615595400333399
decision_type=2 2 2 2 2 2 2 2 2 2 2 2 2
left_child=1 5 3 -3 6 7 -2 8 -1 -10 -6 -11 -12
right_child=4 2 -4 -5 10 -7 -8 -9 9 11 12 -13 -14
leaf_value=0.0024747456405163526 0.023366561185572253 -0.029103106538878806 0.01838673488380918 0.012080295129264548 0.017347900150490158 -0.011190077370205697 -0.006731931629697859 -0.0040805090217620518 0.0072354110766077043 0.022030142228377576 0.018785628940810938 0.047995415872673253 0.043129033767664915
leaf_weight=10.97418589890003 23.651296079158783 21.536778181791309 12.679362833499907 7.4920684322714797 22.042167916893959 8.582456097006796 15.170619577169417 8.9792021811008436 12.244388483464709 22.929588697850697 12.145901620388029 15.249686509370816 54.78536257147789
leaf_count=50 53 194 31 28 46 35 53 32 39 67 27 27 69
internal_value=0.0203167 0.00991605 -0.00634426 -0.0182608 0.0293941 0.0183714 0.0121787 0.0224796 0.0263787 0.0308885 0.0358581 0.036758 0.0403243
internal_weight=248.463 120.668 41.7082 29.0288 127.795 78.9595 38.8219 70.3771 61.3978 50.4237 88.9734 38.1793 66.9313
internal_count=751 503 253 222 248 250 106 215 183 133 142 94 96
is_linear=0
shrinkage=0.03


Tree=30
num_leaves=15
num_cat=0
split_feature=14 11 5 25 20 2 26 22 10 25 11 21 27 22
split_gain=34.2408 21.9987 19.7507 18.7825 15.7493 9.90189 14.7935 9.60324 7.57436 8.39033 7.2546 5.87081 2.11578 1.84168
threshold=1.0000000180025095e-35 -0.096637118607759462 -1.1638368368148801 -0.32695157825946802 0.27802915871143347 -0.80285295844078053 -0.19845880568027494 0.52958652377128612 1.0000000180025095e-35 -0.62305282056331623 0.92298218607902538 -0.33484864234924311 -0.2747823148965835 1.1553508639335635
decision_type=2 2 2 2 2 2 2 2 2 2 2 2 2 2
left_child=1 2 -1 -4 12 -2 7 -7 -8 -10 -6 -5 -3 -13
right_child=5 4 3 11 10 6 8 -9 9 -11 -12 13 -14 -15
leaf_value=0.026054935288413662 0.041097586480602681 0.010803406697240121 0.011196857163179984 0.0031598535824031628 0.01067499187240788 -0.015486828087648301 0.038726656030948672 0.017078880270708943 0.025074794025753668 -0.0048071883196144031 -0.019561637894438672 -0.031067224033499853 0.032725581582103563 -0.0034703448149598433
leaf_weight=9.5777743533253652 44.600964188575745 12.063068568706511 16.334882542490959 5.0287844911217681 11.264999166131021 12.184178233146669 28.165863528847694 10.501143261790274 15.817246139049532 11.92839929461479 7.884155958890914 27.088944599032406 29.98587791621685 3.7918041050434104
leaf_count=27 59 41 58 21 32 45 40 23 29 42 32 222 65 20
internal_value=0.0184539 0.00682577 -0.00564227 -0.0132214 0.0188958 0.0293461 0.0206183 -5.00715e-05 0.02832 0.0134555 -0.00324676 -0.0243399 0.028253 -0.0286344
internal_weight=246.218 123.02 61.8222 52.2444 61.1981 123.198 78.5968 22.6853 55.9115 27.7456 19.1492 35.9095 42.0489 30.8807
internal_count=756 518 348 321 170 238 179 68 111 71 64 263 106 242
is_linear=0
shrinkage=0.03


Tree=31
num_leaves=14
num_cat=0
split_feature=17 17 1 18 16 17 9 28 39 16 12 31 25
split_gain=28.0939 19.1043 17.0203 17.0074 14.3378 13.3468 10.878 6.89254 6.17969 4.5414 3.56786 1.86451 0.877364
threshold=-0.17330861836671826 -0.3028330504894256 0.51810656487941753 1.6990166306495669 -0.48878046870231623 -0.38846583664417261 -0.25688792765140528 0.35094660520553594 1.0000000180025095e-35 -0.6450805366039275 0.19656762480735782 1.1107677668333056 -0.32695157825946802
decision_type=2 2 2 2 2 2 2 2 2 2 2 2 2
left_child=1 5 3 4 -3 6 -1 -8 -7 -2 -10 12 -11
right_child=9 2 -4 -5 -6 8 7 -9 10 11 -12 -13 -14
leaf_value=0.018916472494434299 0.0079978591324697708 0.0083491278199465703 0.016011084710491258 0.02194754339078064 -0.032485127797685635 0.04156964955106824 0.0054118611159835548 -0.025473714688495304 0.0015299338479718386 0.037801679913435582 0.02250394600644243 0.015413385083198502 0.021744501422731686
leaf_weight=13.340539753437044 13.941362142562864 7.9193438068032256 18.379736721515656 5.0623234510421744 26.738053403794765 14.495026022195814 9.4123899415135401 9.0680123344063741 12.766788929700853 47.48586605489254 14.880216181278227 21.15212145447731 34.744220525026321
leaf_count=42 34 26 60 10 210 23 37 53 47 71 36 46 70
internal_value=0.0174004 0.00746789 -0.00519769 -0.0157046 -0.0232781 0.0171161 0.00180798 -0.0119405 0.0272573 0.0278185 0.0145363 0.0299991 0.0326524
internal_weight=249.386 132.062 58.0995 39.7197 34.6574 73.963 31.8209 18.4804 42.142 117.324 27.647 103.382 82.2301
internal_count=765 544 306 246 236 238 132 90 106 221 83 187 141
is_linear=0
shrinkage=0.03


Tree=32
num_leaves=14
num_cat=0
split_feature=14 19 29 29 7 14 31 6 18 30 17 30 10
split_gain=37.1267 25.955 21.2574 16.6413 10.3223 9.88832 8.19666 7.40602 5.8093 5.61993 5.35855 2.93839 1.79861
threshold=1.0000000180025095e-35 0.17285594344139102 -0.78710922598838795 0.30754597485065466 -0.32446755468845362 -1.1206710338592527 1.1107677668333056 1.1248495578765871 -0.18556050211191175 0.42773994803428655 -0.23697756230831143 0.20064144581556323 0.95542019605636608
decision_type=2 2 2 2 2 2 2 2 2 2 2 2 2
left_child=1 2 -1 5 -3 -4 9 12 -6 10 -2 -8 -7
right_child=6 4 3 -5 8 7 11 -9 -10 -11 -12 -13 -14
leaf_value=0.020909266075387702 0.0064336028797927821 0.034121663158113685 0.0090221096538856543 0.015133278392712165 0.015361375048386521 -0.032602418236232777 0.017816479057667381 0.0047111623466349339 -0.011213505534565184 0.041086890321017783 0.028494668655178176 -0.0010227999558971312 -0.0045535277861896368
leaf_weight=16.593131259083748 18.048978105187416 24.364669248461723 5.9885895401239386 10.670633241534231 13.233965866267683 31.727205991744995 17.104121237993244 4.8291237875819197 7.9206704050302497 51.657069802284241 34.316137164831161 10.458898425102232 4.0734975785017005
leaf_count=50 52 46 22 33 33 249 41 24 29 72 56 29 22
internal_value=0.0183878 0.0058887 -0.00512943 -0.0137443 0.0225099 -0.0211798 0.0290987 -0.0261322 0.00516974 0.0329882 0.0221143 0.0116085 -0.0303601
internal_weight=250.987 119.401 73.8822 57.2891 45.5193 46.6184 131.585 40.6298 21.1546 104.022 52.3651 27.563 35.8007
internal_count=758 508 400 350 108 317 250 295 62 180 108 70 271
is_linear=0
shrinkage=0.03


Tree=33
num_leaves=14
num_cat=0
split_feature=17 29 16 25 4 26 22 12 8 12 24 39 2
split_gain=36.6446 25.8355 16.9344 12.0444 11.3224 8.40838 7.46004 6.10944 5.44095 4.82775 3.67899 3.1259 2.72399
threshold=-0.18902878463268277 -0.31797127425670618 -0.95814400911331166 -1.2152553200721739 0.39744924008846289 -0.19845880568027494 0.37329749763011938 -0.26229315996170038 1.4767605066299441 1.0660492181777956 0.50017988681793224 1.0000000180025095e-35 1.0000000180025095e-35
decision_type=2 2 2 2 2 2 2 2 2 2 2 2 2
left_child=1 5 12 -4 8 -1 7 -6 11 10 -2 -5 -3
right_child=9 2 3 4 6 -7 -8 -9 -10 -11 -12 -13 -14
leaf_value=0.0062147787481217319 0.03558552332696701 0.026202242173397759 0.020866226390359146 -0.0049776554769253049 0.0085191270576356285 0.035103667460156751 0.017259243594563579 -0.023628904242592189 0.0037839964177558941 0.012641589897372551 0.014361032340101415 -0.031913795499006498 0.0037842996419627166
leaf_weight=17.186282560229301 81.762055173516273 10.467166155576708 5.4470590576529494 6.8203141540288916 5.723085805773735 23.06354047358036 9.9462302550673467 7.6639445647597331 4.410236567258834 22.219555914402008 18.604400649666786 25.799478329718113 10.001159906387327
leaf_count=57 131 22 13 34 17 47 31 61 17 50 41 199 40
internal_value=0.018171 0.00643944 -0.00302422 -0.0104235 -0.0146272 0.0248181 0.00176742 -0.011306 -0.023939 0.029553 0.0325194 -0.027692 0.0181419
internal_weight=249.115 126.528 86.2787 65.8103 60.3633 40.2498 23.3333 13.387 37.03 122.586 100.366 32.6198 20.4683
internal_count=760 538 434 372 359 104 109 78 250 222 172 233 62
is_linear=0
shrinkage=0.03


Tree=34
num_leaves=15
num_cat=0
split_feature=14 19 14 27 2 10 27 10 7 25 26 4 5 9
split_gain=51.041 36.244 11.199 13.5102 9.56891 14.2708 7.22719 6.9398 6.57927 5.56522 7.11773 3.25802 2.65663 2.19058
threshold=1.0000000180025095e-35 0.24179019778966906 -0.27143290638923639 -0.059669708833098405 -0.80285295844078053 0.55978818237781536 -0.69428342580795277 -0.42929178476333613 0.14297857135534289 -0.91915407776832569 0.3684373944997788 -0.4454203844070434 -1.0761041045188902 -0.6586204171180724
decision_type=2 2 2 2 2 2 2 2 2 2 2 2 2 2
left_child=1 2 3 7 -2 9 -4 -1 12 -6 13 -9 -3 -11
right_child=4 8 6 -5 5 -7 -8 11 -10 10 -12 -13 -14 -15
leaf_value=0.0065251428577683731 0.039818896781057038 0.038632203355744535 0.0053994907340244227 0.016850819204056056 0.037405282969659656 -0.0041322046609776038 -0.029991717393252938 -0.0022797279442138998 0.0020302069530318632 0.032252023372920005 -0.0023634880859529231 -0.028670445415883625 0.015864104023294863 0.011652935862303617
leaf_weight=8.7623776644468325 50.646182104945183 11.655950292944906 4.6873908787965801 17.725217863917351 25.436774998903275 15.720487415790556 23.185284338891506 6.7777248099446341 13.730372890830038 12.650114476680754 12.293959945440291 12.386763267219063 25.524122297763824 19.125010073184971
leaf_count=31 65 14 24 55 35 52 210 35 41 19 33 70 65 49
internal_value=0.0165779 0.0024731 -0.0107688 -0.00103838 0.0289492 0.0206412 -0.0241239 -0.0132273 0.0208498 0.0261456 0.0164973 -0.02174 0.0267352 0.0231238
internal_weight=260.308 124.435 73.5248 45.6521 135.873 85.2263 27.8727 27.9269 50.9104 69.5059 44.0691 19.1645 37.1801 31.7751
internal_count=798 545 425 191 253 188 234 136 120 136 101 105 79 68
is_linear=0
shrinkage=0.03


Tree=35
num_leaves=15
num_cat=0
split_feature=14 14 29 16 27 10 10 2 5 17 18 26 12 0
split_gain=30.9362 19.8783 18.0081 15.8685 12.5433 14.1334 12.11 12.5958 10.3285 6.24001 5.70321 3.18315 1.93945 1.66218
threshold=1.0000000180025095e-35 -0.27143290638923639 -0.73498278856277455 0.75342202186584484 -0.091849088668823228 -0.42929178476333613 0.55978818237781536 -0.62049487233161915 -0.59357401728630055 -0.371030643582344 -0.68048539757728566 -0.57133942842483509 0.69430547952651989 0.11180475258152002
decision_type=2 2 2 2 2 2 2 2 2 2 2 2 2 2
left_child=1 3 -3 4 5 -1 11 -8 -7 -4 -11 -2 -10 -6
right_child=6 2 9 -5 13 8 7 -9 12 10 -12 -13 -14 -15
leaf_value=0.02438258176394132 0.015325339006704571 0.020922630141376065 0.0064161533502478914 -0.015255199980199748 0.040088667897033858 0.014144551925163914 0.025581472931910283 -0.010330497164252328 -0.025970836633461745 0.0032027976428165182 -0.030649777355026171 0.034752659670437745 -0.0028889283577490563 0.016001412818583027
leaf_weight=18.223271086812019 21.044443234801292 8.5732602626085264 4.6544575169682494 9.9467282593250257 17.297442004084587 8.7476818263530731 11.932105600833895 14.129922300577162 9.4498105570673925 4.3282099813222912 21.384043484926227 93.120000049471855 6.0341328978538522 15.180450573563574
leaf_count=47 47 21 25 41 29 29 19 53 56 17 189 145 23 40
internal_value=0.0184135 0.00706001 -0.00985107 0.0149347 0.0196457 0.00745018 0.0278503 0.00758246 -0.00727622 -0.0202689 -0.0253576 0.0319648 -0.0198766 0.0324669
internal_weight=264.046 123.819 38.94 84.8795 74.9328 42.4549 140.226 26.062 24.2316 30.3667 25.7123 114.164 15.4839 32.4779
internal_count=781 517 252 265 224 155 264 72 108 231 206 192 79 69
is_linear=0
shrinkage=0.03


Tree=36
num_leaves=13
num_cat=0
split_feature=2 11 7 21 30 27 9 6 2 6 23 18
split_gain=26.1023 22.8177 12.2283 15.9456 12.5544 9.6025 9.1244 7.46972 5.06494 4.01105 2.81754 0.224147
threshold=1.0000000180025095e-35 -0.096637118607759462 0.28497160971164709 -0.33484864234924311 0.36748218536376959 -0.2577188685536384 0.28545089066028601 -0.64847996830940235 0.29129555821418768 -0.13125888258218762 -0.76233616471290577 -0.27810773253440851
decision_type=2 2 2 2 2 2 2 2 2 2 2 2
left_child=6 2 3 -2 10 8 7 -1 -3 -9 -5 -7
right_child=1 5 -4 4 -6 11 -8 9 -10 -11 -12 -13
leaf_value=0.039879025953158002 0.018200382466376338 0.013600838590495615 0.013938573026248858 -0.0051927896534914343 0.0096407164251803776 0.013119535915879554 0.0049299150835028227 0.0049597150033120797 -0.0109329091063312 0.024329313397671398 -0.031609828394534675 0.031888523644249718
leaf_weight=44.589570581912994 8.2605422437190992 11.39234444499016 17.700272299349308 6.6555117145180658 7.6924653202295294 11.544421523809431 17.625069566071033 15.295751258730887 9.2431468367576581 50.224488377571106 25.633792802691463 25.563295684754848
leaf_count=66 26 29 54 34 26 29 52 42 43 102 220 45
internal_value=0.0173291 0.00707282 -0.0049157 -0.0124927 -0.0201524 0.0200644 0.0266197 0.0297266 0.00262256 0.0204797 -0.0275911 0.0283006
internal_weight=251.421 123.686 65.9426 48.2423 39.9818 57.7432 127.735 110.11 20.6355 65.5202 32.2893 37.1077
internal_count=768 506 360 306 280 146 262 210 72 144 254 74
is_linear=0
shrinkage=0.03


Tree=37
num_leaves=14
num_cat=0
split_feature=14 6 28 9 21 26 4 28 3 9 8 20 20
split_gain=28.3775 17.1725 25.6821 12.4534 11.5534 10.8344 10.1761 6.87328 6.72407 3.20983 1.3946 0.952931 0.723977
threshold=1.0000000180025095e-35 -0.87014618515968312 -0.22799137979745862 0.3858840167522431 -0.76095670461654652 0.10810814052820207 1.1411577463150027 -1.2155914902687071 -0.44037659466266627 -0.096194941550493226 -1.0701462030410764 -0.16101001948118207 0.67553758621215831
decision_type=2 2 2 2 2 2 2 2 2 2 2 2 2
left_child=1 9 7 8 -4 6 10 -3 11 -1 -6 -2 -10
right_child=3 2 4 -5 5 -7 -8 -9 12 -11 -12 -13 -14
leaf_value=0.029427198522420976 0.016806997185455873 0.0002986591172606702 0.016653916314796909 0.0039860979653954295 -0.0052223301786557801 0.0088263034947739863 0.00590235550252588 0.02753894102989075 0.023442827832874481 0.0067983269508032238 -0.032916177686805596 0.0030299509944782658 0.039456554867360605
leaf_weight=23.344315029680729 14.340694561600687 12.376618437469004 6.3394726738333693 19.229079872369766 3.9486297070980063 8.4516556560993177 6.682210959494113 21.257266774773598 36.372720494866371 11.689447492361067 27.399773962795738 9.314741373062132 58.196861982345581
leaf_count=54 37 43 18 53 19 35 30 53 70 35 223 23 73
internal_value=0.0184418 0.00742481 -9.17912e-05 0.0275769 -0.0127406 -0.0179776 -0.0242678 0.018851 0.0310964 0.0236689 -0.0306261 0.0128573 0.034784
internal_weight=258.943 121.489 86.4556 137.454 52.8217 46.4823 38.0306 33.6339 118.225 35.0338 31.3484 23.6554 94.5696
internal_count=766 510 421 256 325 307 272 96 203 89 242 60 143
is_linear=0
shrinkage=0.03


Tree=38
num_leaves=15
num_cat=0
split_feature=14 14 16 9 7 17 39 23 16 29 20 6 4 11
split_gain=26.7295 21.4939 10.4241 10.1029 9.25773 8.72517 8.14804 9.41004 7.55168 6.80208 5.74335 9.20915 3.9155 2.99481
threshold=-0.12352122738957404 -0.27143290638923639 0.73375710844993602 0.52649039030075084 -0.72405859827995289 0.048227302730083473 1.0000000180025095e-35 -0.19555450603365895 -0.18573293834924695 -0.73498278856277455 -0.25593741238117212 -0.42681379616260523 -0.39583982527256006 0.027872313279658559
decision_type=2 2 2 2 2 2 2 2 2 2 2 2 2 2
left_child=1 2 3 10 -3 6 13 8 -8 -6 11 -1 -12 -2
right_child=5 4 -4 -5 9 -7 7 -9 -10 -11 12 -13 -14 -15
leaf_value=0.023215963468473232 0.012793227190577938 0.012426982183375811 -0.012765479035316036 -0.0054589982471510996 0.0065144715617465277 0.033901146115481444 0.0084650465551278087 0.016943538669823462 -0.02307643792585936 -0.029186906140566762 0.039921766624001473 -0.011209054953290871 0.014863275629319722 0.036314486265336739
leaf_weight=8.5311671197414416 17.447326347231865 5.1529142186045673 8.8340327516198141 12.907320283353327 3.9889678210020092 58.612030148506165 9.8674163222312945 30.001522943377495 8.5767675265669805 19.468138687312603 14.41017341613769 10.054387241601942 22.177849479019645 15.893646255135534
leaf_count=21 41 20 36 53 14 84 25 73 38 191 22 51 59 20
internal_value=0.0164532 0.00470897 0.0128167 0.0167825 -0.0157519 0.0248148 0.0167251 0.007589 -0.00799559 -0.0230379 0.0220069 0.00616452 0.0283457 0.0272793
internal_weight=245.924 105.525 76.9149 68.0809 28.61 140.399 81.7867 48.4457 18.4442 23.4571 55.1736 18.5856 36.588 33.341
internal_count=748 467 242 206 225 281 197 136 63 205 153 72 81 61
is_linear=0
shrinkage=0.03


Tree=39
num_leaves=15
num_cat=0
split_feature=14 27 29 23 29 30 8 17 23 31 25 6 6 3
split_gain=26.794 15.9764 16.6005 10.7274 9.65044 9.01295 7.41046 6.49092 12.9255 7.11666 6.17489 5.44506 3.68104 3.14085
threshold=1.0000000180025095e-35 -0.075719472020864473 0.30754597485065466 -0.38448172807693476 -1.0998678207397459 -0.44230458140373224 0.16471768170595172 -0.31965644657611841 0.18229994177818301 1.1107677668333056 -0.32695157825946802 0.23818477243185046 -0.94403490424156178 0.11917744576931001
decision_type=2 2 2 2 2 2 2 2 2 2 2 2 2 2
left_child=1 2 3 6 -3 -6 11 8 -2 13 -7 -1 -5 -9
right_child=7 4 -4 12 5 10 -8 9 -10 -11 -12 -13 -14 -15
leaf_value=-0.018644476369407206 -0.0099393199367784572 0.035433632920536536 0.018428849493530346 0.00063139720644788766 0.021117272217446859 0.0078949250740825323 0.021566895596327785 0.016558254473128073 0.025580377593275288 0.010189805558431592 -0.019837962092240678 0.010079403068591791 -0.026846659344165781 0.037435059997851343
leaf_weight=9.862121485173704 12.786744669079782 14.404897794127463 17.91191241145134 4.9140987545251873 17.015814930200577 11.261726461350916 7.0611093714833251 20.853419035673141 15.904560193419455 20.372354418039322 8.5797316357493418 5.8207412585616103 23.650186307728291 60.80889330804348
leaf_count=57 44 25 48 18 46 31 18 46 31 47 41 24 208 81
internal_value=0.0166703 0.0060799 -0.0033491 -0.0119132 0.0179782 0.00773832 0.00331931 0.0258473 0.0106247 0.0294315 -0.00567636 -0.00812411 -0.0227296 0.0333668
internal_weight=251.208 120.482 69.2202 51.3083 51.2622 36.8573 22.744 130.726 28.6913 102.035 19.8415 15.6829 28.5643 81.6623
internal_count=765 516 373 325 143 118 99 249 75 174 72 81 226 127
is_linear=0
shrinkage=0.03


Tree=40
num_leaves=13
num_cat=0
split_feature=19 29 20 25 19 6 7 17 18 19 28 12
split_gain=25.6702 18.097 22.9132 16.9164 15.343 14.3864 12.2655 7.07438 5.07977 3.91598 3.56074 3.28662
threshold=0.22571710497140887 -1.3605000376701353 0.21869953721761706 -1.2152553200721739 -2.2536536455154415 1.5681819319725039 0.73859539628028881 -1.0000000180025095e-35 -1.0302097201347349 0.045182067900896079 -1.5220880508422849 1.1303710937500002
decision_type=2 2 2 2 2 2 2 2 2 2 2 2
left_child=1 -1 3 -3 -5 6 7 -6 -2 -4 -10 -12
right_child=8 2 9 4 5 -7 -8 -9 10 -11 11 -13
leaf_value=0.027288054201348829 -0.0046811847636682551 0.019708054380856009 0.0061396683470628672 0.021679934300295533 -0.034278844519104353 0.01335006910643243 0.009252212436155538 0.0037790960221753375 0.0094266606156645956 0.026446421605075893 0.032992299664632289 0.015155421300280568
leaf_weight=24.781188100576401 3.32860343158245 10.773817874491213 19.234151512384415 4.9154178798198691 39.025582030415528 6.8796212300658217 5.709483139216899 3.8460641950368943 15.589485481381415 19.347117140889168 71.255410879850388 26.049388661980629
leaf_count=55 12 24 52 11 310 22 20 10 35 35 120 56
internal_value=0.0158549 0.00654533 0.000875828 -0.00908994 -0.0153431 -0.0201459 -0.0256924 -0.0308265 0.0259152 0.0181886 0.0269775 0.0291913
internal_weight=250.735 134.512 109.731 71.15 60.3762 55.4608 48.5811 42.8716 116.223 38.5813 112.894 97.3048
internal_count=762 539 484 397 373 362 340 320 223 87 211 176
is_linear=0
shrinkage=0.03


Tree=41
num_leaves=13
num_cat=0
split_feature=19 5 17 8 29 18 19 4 8 17 8 4
split_gain=29.1497 26.3628 17.0336 13.2593 9.49091 9.2514 7.95528 6.34685 5.93345 3.40759 1.78343 0.931794
threshold=0.36649581789970404 -0.9445049762725829 -0.26962263882160181 0.70079877972602855 -1.6211322546005247 0.20790963619947436 -1.4333746433258054 1.1411577463150027 0.12508522719144824 -0.1269067972898483 0.87810188531875621 -0.79248434305191029
decision_type=2 2 2 2 2 2 2 2 2 2 2 2
left_child=1 11 3 4 -3 9 -6 -8 -2 -4 -10 -1
right_child=8 2 5 -5 6 -7 7 -9 10 -11 -12 -13
leaf_value=0.034268111703311455 0.031545790451105296 0.0085598104302543679 0.027598775761362149 0.014752828942467867 0.0036711603112845235 -0.0071698033621749842 -0.03262122528772634 0.0011136265134669182 0.018358183054491446 0.0056541525880390332 0.0035729283762538037 0.015274011003622922
leaf_weight=13.869216986000536 69.000113889575005 7.6248950809240332 15.946233004331589 9.7691465839743596 7.2450580671429625 14.077723853290079 31.492277421057224 5.4451423585414878 18.251954883337021 13.756759881973267 15.057784676551817 20.491458795964718
leaf_count=27 118 23 34 28 29 45 266 26 35 35 37 56
internal_value=0.0146071 0.00535833 -0.00236073 -0.0121347 -0.018057 0.0112208 -0.0230537 -0.0281083 0.0263994 0.0197143 0.0130131 0.0263199
internal_weight=242.028 139.718 105.357 61.5765 51.8074 43.7807 44.1825 36.9374 102.31 29.703 33.3097 34.3607
internal_count=759 569 486 372 344 114 321 292 190 69 72 83
is_linear=0
shrinkage=0.03


Tree=42
num_leaves=15
num_cat=0
split_feature=25 9 25 6 5 31 23 30 17 23 9 18 12 6
split_gain=20.6461 22.6482 18.1981 15.6437 12.3991 11.9891 10.1313 10.2597 5.68742 4.54843 3.39609 1.49023 1.36738 0.436316
threshold=-0.62305282056331623 -0.19662806391716001 0.26525090634822851 -0.94403490424156178 -0.11104393005371092 1.1107677668333056 0.56015436351299297 0.66655397415161144 -0.3028330504894256 0.56015436351299297 0.16493116319179538 -0.23918259888887403 -0.77100482583045948 0.68151715397834789
decision_type=2 2 2 2 2 2 2 2 2 2 2 2 2 2
left_child=8 5 6 -4 11 9 7 13 -1 -2 -6 -5 -7 -3
right_child=1 2 3 4 10 12 -8 -9 -10 -11 -12 -13 -14 -15
leaf_value=0.0072296262868033192 0.029566513104601545 -0.033361853756666573 0.029420738891414316 -0.0049545409354167617 -0.0041718812262977129 0.0048931198755215542 0.0087150364368616482 0.0090545560035017892 0.030124590120634138 0.0080121135476096065 0.017113226371930107 -0.028884677025426859 -0.0086651089409457149 -0.0070422471531410404
leaf_weight=15.586764365434645 47.34870745241642 20.636558752506978 16.404345214366913 6.0500284135341644 7.8277529850602177 8.6316874697804469 8.2359258159995061 4.7103029936552039 70.032795965671539 16.231370508670807 14.398729421198366 6.6204915046691877 8.6190780401229841 3.8076722696423522
leaf_count=47 103 185 29 23 30 30 24 13 122 41 46 37 31 19
internal_value=0.014913 0.00842482 -0.00209459 0.00919674 -0.0028058 0.0194169 -0.0168442 -0.0242833 0.0265855 0.0250492 0.0102275 -0.0220934 -0.00230596 -0.0311541
internal_weight=255.142 169.523 88.6918 51.3013 34.897 80.8308 37.3905 29.1545 85.6196 63.5801 22.2265 12.6705 17.2508 24.4442
internal_count=780 611 406 165 136 205 241 217 169 144 76 60 61 204
is_linear=0
shrinkage=0.03


Tree=43
num_leaves=13
num_cat=0
split_feature=9 17 52 68 18 13 12 12 18 9 14 4
split_gain=18.7356 17.322 10.1228 13.2014 15.2267 9.76392 19.8914 8.08953 7.80325 4.94091 4.0584 0.0266735
threshold=-0.91974651813507069 0.020126533228904012 1.0000000180025095e-35 1.0000000180025095e-35 0.6821822226047517 0.13232665136456492 -0.62650221586227406 -0.93118026852607716 -0.23089124262332913 -0.37740768492221827 -0.12352122738957404 1.2898994684219363
decision_type=2 2 2 2 2 2 2 2 2 2 2 2
left_child=-1 2 8 -4 5 6 7 -5 -2 -8 -3 -11
right_child=1 10 3 4 -6 -7 9 -9 -10 11 -12 -13
leaf_value=0.030436526128898446 0.031192799085232131 0.0075395037642861148 0.023004241881753363 -0.0066243414523539917 0.017002882004746585 0.0092656052418591019 -0.0054442922245592348 0.024732455820904622 -0.0018879873266272249 -0.031235516516652264 0.026849604321688921 -0.0081287942716789501
leaf_weight=45.460979484021664 13.185984715819361 18.594126001000404 13.518465325236319 12.838100597262384 19.199262373149395 15.809452742338179 12.426767684519289 8.5249264985322935 9.0797663107514364 31.157674871385098 43.433360427618027 4.3470588102936736
leaf_count=85 25 47 34 57 52 43 42 25 38 226 69 25
internal_value=0.013862 0.00948915 0.00335688 -0.000436802 -0.00438827 -0.00988979 -0.0145895 0.00820615 0.0198303 -0.024565 0.0220552 -0.0297591
internal_weight=247.576 202.115 140.087 117.822 104.303 85.104 69.2945 21.363 22.2658 47.9315 62.0275 35.5047
internal_count=768 683 567 504 470 418 375 82 63 293 116 251
is_linear=0
shrinkage=0.03


Tree=44
num_leaves=15
num_cat=0
split_feature=17 29 20 11 2 12 4 18 30 25 22 14 12 25
split_gain=23.4205 12.3912 11.7225 18.6946 11.2742 13.1349 9.48909 9.36506 8.47416 6.30615 3.94709 3.63115 2.70671 1.56378
threshold=-0.0965844690799713 -1.2562471628189085 0.34922468662261968 1.085252642631531 -0.98521101474761952 -0.62650221586227406 0.099965844303369536 0.17713944613933566 -0.72018054127693165 -0.32695157825946802 0.064371716231107726 1.0000000180025095e-35 0.38172458112239843 0.56135213375091564
decision_type=2 2 2 2 2 2 2 2 2 2 2 2 2 2
left_child=1 10 3 4 -3 6 9 -4 -7 -6 -1 12 -2 -10
right_child=11 2 7 -5 5 8 -8 -9 13 -11 -12 -13 -14 -15
leaf_value=0.0061267158480996127 0.019783323321357672 0.01799639021114869 0.024525583693401003 0.028888662396527615 0.0085944676837465209 0.0033738425563819086 0.01964264119255376 -0.0060972940521377321 -0.033417513241168699 -0.02377481259696803 0.031414058236959023 0.030761500978181002 0.0019425031144750908 -0.0094710785312566628
leaf_weight=11.604350566864015 24.865822657942772 7.3334094583988181 24.111479640007019 8.3949399739503843 5.7402760535478583 7.5823383405804625 11.059757761657236 10.561996854841707 24.11254346370697 8.2816278189420718 15.806437671184538 62.990069568157196 11.879091024398802 8.2422447353601438
leaf_count=35 53 14 48 15 19 39 34 35 211 54 29 93 31 41
internal_value=0.0150853 0.00689645 0.0021937 -0.00413918 -0.009591 -0.0137655 0.00305817 0.0156046 -0.0234959 -0.0117476 0.0233054 0.0259236 0.0149391 -0.0294015
internal_weight=242.566 142.831 115.421 80.7471 72.3522 65.0188 25.0817 34.6735 39.9371 14.0219 27.4108 99.735 36.7449 32.3548
internal_count=751 574 510 427 412 398 107 83 291 73 64 177 84 252
is_linear=0
shrinkage=0.03


Tree=45
num_leaves=15
num_cat=0
split_feature=17 5 26 27 19 10 28 4 14 5 5 5 12 30
split_gain=21.3552 13.2298 12.3562 16.9074 13.8835 10.9546 10.469 5.52655 4.65888 7.78201 2.02791 8.31955 1.54236 1.04649
threshold=-0.17330861836671826 0.76628351211547863 -0.090119067579507814 -0.65557184815406788 0.17285594344139102 1.0000000180025095e-35 -0.97720524668693531 1.4882217049598696 0.41321270167827612 0.10828792676329614 -0.41810853779315943 -1.1199704408645628 -0.4332109242677688 -0.38967770338058466
decision_type=2 2 2 2 2 2 2 2 2 2 2 2 2 2
left_child=1 2 3 13 7 -3 -4 -5 9 10 11 -2 -8 -1
right_child=8 5 6 4 -6 -7 12 -9 -10 -11 -12 -13 -14 -15
leaf_value=0.024681242326266645 0.024559072181487767 0.0085314651004879272 -0.0027129809138899978 -0.029641294151539859 0.0090670436212267041 -0.028363745215076713 0.011635096975602565 0.00475490476616544 0.029519222647866078 -0.0038596728700562143 0.028454554531337779 -0.0046068522788287871 0.032636218241435588 0.0066243166527625609
leaf_weight=11.74697905033827 14.486056596040724 9.3804354742169398 12.441851526498793 18.814204595983032 15.546410962939261 12.162050124257801 12.527719803154467 3.5845398604869834 61.511686280369759 13.507321909070013 18.044369280338291 13.618164122104643 23.770604893565178 9.4382117986679059
leaf_count=37 24 30 45 177 40 89 39 12 93 40 30 39 49 31
internal_value=0.0144852 0.00566684 0.00997418 0.000471065 -0.0111484 -0.0137174 0.0203866 -0.0242736 0.0233059 0.0151119 0.0204992 0.0118652 0.0276743 0.0194377
internal_weight=250.581 129.413 107.871 59.1303 37.9452 21.5425 48.7402 22.3987 121.168 59.6559 46.1486 28.1042 36.2983 21.1852
internal_count=775 549 430 297 229 119 133 189 226 133 93 63 88 68
is_linear=0
shrinkage=0.03


Tree=46
num_leaves=15
num_cat=0
split_feature=17 9 19 7 1 28 24 19 12 12 25 3 1 10
split_gain=17.7949 12.8081 13.6919 10.8397 13.0189 13.5206 10.2392 15.3687 6.12388 5.85162 5.62352 13.2416 6.73822 1.38947
threshold=-0.17330861836671826 -0.779140144586563 0.59471708536148082 0.28497160971164709 0.28127911686897283 -0.2620465531945228 1.031615197658539 -2.0454982519149776 0.4497497975826264 -0.2094459533691406 -0.32695157825946802 0.28919646888971334 0.87334778904914867 -0.62710776925086964
decision_type=2 2 2 2 2 2 2 2 2 2 2 2 2 2
left_child=1 9 3 4 6 -6 7 -3 -7 -1 13 12 -12 -2
right_child=10 2 -4 -5 5 8 -8 -9 -10 -11 11 -13 -14 -15
leaf_value=0.0047769927587862793 0.034730371805223058 0.014789680002143018 0.019804189429109938 0.012904546258381902 0.029477808557049508 -0.023130676592016071 0.01100877550745988 -0.031724747491487598 0.0095834088735068969 0.033202788253217347 -0.017005094095331085 0.025441938413617731 0.010641190820411423 0.018879696926777167
leaf_weight=12.61117620021105 32.834949567914009 4.6523625850677481 22.198868453502655 19.473320312798023 8.3283287584781664 7.5360659845173341 5.6999797895550719 32.09000338986516 5.0826471373438835 14.823718816041945 11.499395400285723 25.61131726205349 10.650461882352827 36.594375938177109
leaf_count=42 45 13 48 59 17 60 22 253 15 26 41 41 24 69
internal_value=0.014309 0.00640181 0.00125289 -0.00456117 -0.0104778 0.0076906 -0.0193102 -0.024769 -0.0109736 0.0228868 0.0226211 0.0125997 -0.00420018 0.0282054
internal_weight=249.687 132.496 105.062 82.8627 63.3894 20.947 42.4423 36.7424 12.6187 27.4349 117.191 47.7612 22.1499 69.4293
internal_count=775 555 487 439 380 92 288 266 75 68 220 106 65 114
is_linear=0
shrinkage=0.03


Tree=47
num_leaves=15
num_cat=0
split_feature=2 11 26 28 9 2 11 8 10 5 10 19 25 2
split_gain=26.3733 23.913 12.1358 12.965 11.3568 11.2908 8.3823 7.43606 3.85884 3.70503 7.58422 5.95058 2.09082 1.66214
threshold=0.10893747303634883 0.66211453080177318 -0.090119067579507814 -0.2620465531945228 0.3055375218391419 0.65601173043251049 -0.53274267911911 0.14803033322095874 -0.82492375373840321 -0.9445049762725829 1.0000000180025095e-35 0.53498154878616344 1.0000000180025095e-35 -0.25577870011329645
decision_type=2 2 2 2 2 2 2 2 2 2 2 2 2 2
left_child=4 2 3 -2 9 6 -4 -6 -5 -1 13 12 -12 -11
right_child=1 -3 5 8 7 -7 -8 -9 -10 10 11 -13 -14 -15
leaf_value=0.033149282052946309 0.014852916479783254 0.021026624596815948 -0.027644011862270296 -0.0012360971394738119 0.012723798956579872 0.016919644015451873 0.0064748077067232753 -0.017113926927270338 -0.031843765661479832 0.028795149747657817 0.0045206510500208907 0.017736274344434911 -0.012118423270547591 0.011592961697148312
leaf_weight=36.217883110046387 4.6097697764635077 30.713004559278488 8.7207021936774272 4.7273475602269199 12.619056507945063 19.451320216059685 9.3841141462326032 8.1109344810247404 23.9447151273489 39.237467631697655 8.8231447637081164 14.483411401510237 9.8758458308875543 17.164617940783501
leaf_count=56 14 64 47 17 35 54 31 31 226 66 24 27 44 41
internal_value=0.0126922 0.000820932 -0.00874829 -0.0206625 0.0206207 0.00299714 -0.0123853 -7.7047e-06 -0.0277302 0.0238903 0.0185925 0.0059656 -0.00496992 0.0249304
internal_weight=248.083 101.551 70.838 33.2818 146.532 37.5561 18.1048 20.73 28.6721 125.802 89.5845 33.1824 18.699 56.4021
internal_count=777 453 389 257 324 132 78 66 243 258 202 95 68 107
is_linear=0
shrinkage=0.03


Tree=48
num_leaves=14
num_cat=0
split_feature=19 27 10 30 19 9 18 18 18 8 19 28 17
split_gain=22.2229 23.3604 15.9357 11.5187 6.69001 6.16394 6.03884 5.00739 10.6095 3.61825 3.01288 2.37818 1.75152
threshold=0.15984890609979632 -0.059669708833098405 -0.42929178476333613 0.26429435610771185 -2.112035751342773 0.14484453946352008 -1.0302097201347349 -0.50386464595794667 1.2787212729454043 0.87810188531875621 0.069653369486331954 -0.46637761592864985 -0.17330861836671826
decision_type=2 2 2 2 2 2 2 2 2 2 2 2 2
left_child=1 2 10 4 -4 7 -2 -3 -9 11 -1 -8 -6
right_child=6 5 3 -5 12 -7 9 8 -10 -11 -12 -13 -14
leaf_value=3.2411591440644925e-05 -0.011483363579045459 0.036512605499474597 0.0063167891860665022 0.0099291865523777438 -0.031214902535933734 -0.0001941463400892819 0.014556123954200582 -0.003557060765698792 0.030703061979514008 0.0094349783630224629 0.019380239097400959 0.030119821538659806 -0.005508432512201315
leaf_weight=12.900438614189625 1.7558633536100376 13.888726547360418 3.9537419974803916 8.4520695954561216 26.315480120480061 12.318738073110579 28.283583417534828 16.341759078204635 9.589357838034628 21.447911620140076 11.568721406161785 64.12508425116539 5.2313760519027737
leaf_count=42 9 19 15 27 247 45 58 57 14 48 29 112 17
internal_value=0.0135784 0.00427111 -0.00711036 -0.0172359 -0.0241307 0.0185223 0.0227047 0.0236882 0.0120275 0.0236928 0.010916 0.0263479 -0.0282888
internal_weight=236.173 120.56 68.4218 43.9527 35.5006 52.1386 115.612 39.8198 25.9311 113.857 24.4692 92.4087 31.5469
internal_count=739 512 377 306 279 135 227 90 71 218 71 170 264
is_linear=0
shrinkage=0.03


Tree=49
num_leaves=15
num_cat=0
split_feature=14 14 9 18 17 9 18 7 27 2 10 16 9 2
split_gain=16.0569 14.6687 11.1764 11.1542 8.45275 7.43726 7.39054 6.74306 7.5577 2.90082 1.99017 1.62981 1.55762 0.568186
threshold=-0.12352122738957404 -0.27143290638923639 -0.2368013113737106 0.22575887292623523 -0.11168570443987845 -0.19662806391716001 1.0000000180025095e-35 0.14297857135534289 -0.52360963821411122 0.10893747303634883 1.0000000180025095e-35 -1.0408790707588194 0.92822283506393444 0.10893747303634883
decision_type=2 2 2 2 2 2 2 2 2 2 2 2 2 2
left_child=1 3 -3 7 5 10 12 8 -1 -10 -2 -4 -7 -6
right_child=4 2 11 -5 13 6 -8 -9 9 -11 -12 -13 -14 -15
leaf_value=0.00045099563996901511 0.025550661421018313 0.010585231807660699 -0.00065181576366214321 -0.010216091258624852 0.032470213573543773 -0.017313443606128021 0.014306819769525489 -0.0016628909292445294 0.032882537620460686 0.011583672915367558 0.008002847074403803 -0.027087308466925676 -0.00022064829839572552 0.016897511283388792
leaf_weight=13.190140284597872 22.481795161962509 9.5072539672255534 2.6229327321052578 14.135668538510798 42.732717126607895 9.0602867454290443 13.825217507779596 14.362464115023611 24.670602954924107 17.088110476732254 15.465192049741743 15.150612123310564 7.4822631180286399 23.37910769879818
leaf_count=54 38 34 11 57 59 34 33 46 43 59 42 184 27 43
internal_value=0.0141245 0.00531237 -0.0123055 0.0114421 0.0209324 0.0121272 0.000654348 0.0162494 0.0206795 0.0263375 0.0201634 -0.0241857 -0.0114279 0.0285385
internal_weight=245.154 110.728 27.2808 83.447 134.427 68.3148 30.3678 69.3113 54.9489 41.7587 37.947 17.7735 16.5425 66.1118
internal_count=764 488 229 259 276 174 94 202 156 102 80 195 61 102
is_linear=0
shrinkage=0.03


Tree=50
num_leaves=12
num_cat=0
split_feature=17 29 7 20 11 24 7 40 61 1 20
split_gain=23.1159 15.9431 10.8398 12.8449 9.41845 5.73887 5.51699 9.43648 4.7387 3.06191 2.52041
threshold=-0.17330861836671826 -1.7253850698471067 -1.0997747182846067 0.40855431556701666 -0.096637118607759462 -0.38554565608501429 0.72100335359573375 1.0000000180025095e-35 1.0000000180025095e-35 0.28127911686897283 -0.13727817684412
decision_type=2 2 2 2 2 2 2 2 2 2 2
left_child=1 -1 -3 4 6 -6 7 -4 -2 -7 -10
right_child=8 2 3 -5 5 9 -8 -9 10 -11 -12
leaf_value=0.025488993879269464 0.0053931897542856171 0.023591436755176279 -0.031315441999803365 0.012962100811917737 -0.013603142891062405 -0.0018172155590585784 0.0043079297326240858 0.0015379549892834024 0.0096967632900270846 0.017965488496537473 0.026568474115442487
leaf_weight=18.479026645421982 17.484463304281235 8.5022161677479726 26.75609278306365 22.540400266647339 10.072502218186854 11.106385655701162 6.0284628719091407 9.8594188764691335 17.417210757732391 10.964344695210455 80.789877384901047
leaf_count=39 42 24 259 55 36 43 21 46 40 25 136
internal_value=0.0123279 0.00311183 -0.00176911 -0.00502901 -0.0109239 0.00141358 -0.0193958 -0.0233471 0.0216912 0.00951354 0.024191
internal_weight=240 124.309 105.83 97.3276 74.7872 32.1432 42.644 36.6155 115.692 22.0707 98.2071
internal_count=766 548 509 485 430 104 326 305 218 68 176
is_linear=0
shrinkage=0.03


Tree=51
num_leaves=13
num_cat=0
split_feature=14 11 20 14 23 6 9 10 6 16 19 3
split_gain=25.9065 11.023 12.7463 15.4985 9.75249 8.82293 7.75267 6.45532 4.26443 4.21735 2.75923 1.7583
threshold=1.0000000180025095e-35 1.085252642631531 -0.22033964097499845 -1.317975580692291 -1.1401906013488767 1.1248495578765871 0.3858840167522431 -0.23147577792406079 -0.35292506217956537 -0.28887841105461115 -1.8604742884635923 0.11917744576931001
decision_type=2 2 2 2 2 2 2 2 2 2 2 2
left_child=1 2 3 -1 -5 10 9 8 -4 -2 -6 -11
right_child=6 -3 7 4 5 -7 -8 -9 -10 11 -12 -13
leaf_value=0.021870738326104554 0.0094478381185814555 0.017644353920279673 0.0073156618776429221 0.011367112268108558 -0.0011842883905566729 0.0051640332301001891 0.0019890073228288085 0.017923610730258617 -0.015440007807191104 0.015660300136812813 -0.032679114803251322 0.031383470358641086
leaf_weight=5.3178255781531325 22.382954210042953 22.457266740500927 11.195244729518892 4.9709351733326903 3.1151603385806039 6.042823549360036 17.875709608197212 20.767876163125038 9.0932866483926755 27.186989977955818 29.376281466335062 51.885422572493553
leaf_count=14 51 50 27 17 15 26 51 54 35 61 281 77
internal_value=0.0114243 0.000939392 -0.00394438 -0.0136925 -0.0198459 -0.0247155 0.0208599 0.00787582 -0.00391962 0.0239352 -0.0302202 0.0272303
internal_weight=231.668 112.337 89.8794 48.823 43.5052 38.5343 119.331 41.0564 20.2885 101.455 32.4914 79.0724
internal_count=759 519 469 353 339 322 240 116 62 189 296 138
is_linear=0
shrinkage=0.03


Tree=52
num_leaves=13
num_cat=0
split_feature=25 29 29 19 40 11 13 1 27 7 23 11
split_gain=15.9579 22.4522 18.13 16.1109 9.7026 5.78 7.37398 5.67018 4.00148 2.55413 2.3955 1.61039
threshold=-0.62305282056331623 -1.2562471628189085 1.0000000180025095e-35 0.34580872952938085 1.0000000180025095e-35 1.085252642631531 0.066417468711733832 0.63652029633522045 -0.059669708833098405 -0.10959313064813613 0.93800884485244762 -0.76706612110137928
decision_type=2 2 2 2 2 2 2 2 2 2 2 2
left_child=11 8 3 4 5 6 10 9 -2 -4 -3 -1
right_child=1 2 7 -5 -6 -7 -8 -9 -10 -11 -12 -13
leaf_value=0.0085404196386882261 0.010553485939579324 -0.033499832280619417 0.0060300347452151015 0.011037998255854149 0.0046581201004422404 0.0055458348444897831 0.0063220493932456519 -0.0034946317253604343 0.034893298726984684 0.024929423271010224 -0.0046121591457303724 0.024917671008971243
leaf_weight=13.301688671112059 16.515789389610291 29.366340834647417 13.737925864756106 22.859543457627296 12.742942404001949 3.9528571441769591 3.8056150898337355 11.090768069028853 18.372325852513313 22.18767224997282 4.6966048032045355 68.113081879913807
leaf_count=35 43 273 39 53 47 12 13 31 27 44 20 130
internal_value=0.0124306 0.0065517 0.000262871 -0.00849882 -0.0169232 -0.0232942 -0.0266004 0.0141212 0.0261382 0.019322 -0.030617 0.0228909
internal_weight=240.743 159.328 124.44 77.4239 54.5644 41.8214 37.8686 47.0164 34.8881 35.9256 34.0629 81.4148
internal_count=767 602 532 418 365 318 306 114 70 83 293 165
is_linear=0
shrinkage=0.03


Tree=53
num_leaves=15
num_cat=0
split_feature=61 17 6 25 29 14 52 8 28 19 18 28 5 18
split_gain=16.6557 11.959 11.8076 8.5948 7.34211 10.4933 6.76134 6.73862 12.375 8.94877 10.7281 7.52125 7.15897 5.30329
threshold=1.0000000180025095e-35 -0.38846583664417261 -0.057370150461792939 -0.32695157825946802 -1.2562471628189085 0.98683875799179088 1.0000000180025095e-35 -0.12939685583114621 0.82771906256675731 0.40780134499073034 -0.41122765839099878 -0.77287420630455006 1.1172144412994387 -0.3381750881671905
decision_type=2 2 2 2 2 2 2 2 2 2 2 2 2 2
left_child=3 2 -2 -1 -3 6 -6 9 11 10 -8 -9 -12 -5
right_child=1 4 -4 13 5 -7 7 8 -10 -11 12 -13 -14 -15
leaf_value=0.0096170509445541418 0.014586824269108066 0.033401492496360666 -0.021458704903189126 0.00073650033831563382 0.025055511141013401 0.029763719395400946 0.019606818056916248 0.0034368578913578107 0.015302078618199679 0.022957293757414884 -0.021571041387094897 -0.026895009248184092 0.0096068104942127648 -0.027707510492074892
leaf_weight=16.472831696271896 12.166957199573519 27.439664408564568 10.738882228732107 9.334778770804407 20.482880156487226 34.098127096891403 11.681458923965694 10.707223340868952 16.044725835323334 31.530853793025017 13.578919023275377 13.057360894978045 6.7177490368485442 9.9329949133098108
leaf_count=42 42 43 59 33 45 51 33 28 39 58 116 52 29 87
internal_value=0.0135333 0.0167239 -0.00312926 -0.00482794 0.0191953 0.0157771 0.0109189 0.00708913 -0.00244684 0.0128089 0.00105127 -0.015007 -0.0113927 -0.0166146
internal_weight=243.985 208.245 22.9058 35.7406 185.339 157.899 123.801 103.318 39.8093 63.509 31.9781 23.7646 20.2967 19.2678
internal_count=757 595 101 162 494 451 400 355 119 236 178 80 145 120
is_linear=0
shrinkage=0.03


Tree=54
num_leaves=15
num_cat=0
split_feature=0 9 11 26 3 19 19 9 25 3 26 6 3 5
split_gain=13.6338 14.0451 10.4558 9.20492 10.0545 7.98289 7.61076 5.11807 3.27155 10.6057 9.14626 5.952 3.50031 2.43247
threshold=-1.7491278648376463 0.3055375218391419 -0.47867554426193232 -0.87375488877296437 -0.86358290910720814 0.40780134499073034 0.25872664153575903 -0.83940002322196949 -0.32695157825946802 0.11917744576931001 0.10810814052820207 -0.7223687171936034 0.97228002548217785 -1.0000000180025095e-35
decision_type=2 2 2 2 2 2 2 2 2 2 2 2 2 2
left_child=-1 3 -3 5 7 -2 -4 -5 -6 10 11 -10 -11 -9
right_child=1 2 6 4 8 -7 -8 13 9 12 -12 -13 -14 -15
leaf_value=-0.01451054570089008 -0.014708413502749368 -0.020661670115338513 0.017714193990115819 0.014612395457267864 0.026739076503225503 0.014764744855263854 -0.0092772672020298031 0.0012181313583719748 0.0082726683943742437 0.030557142459083374 0.013578885558366813 -0.025046421307808001 0.0082981566818308532 -0.021552642526130105
leaf_weight=13.174924582242964 12.447592586278917 12.786153249442576 18.75030912831426 5.5127045437693623 72.084154546260834 10.738264486193655 11.531691595911978 6.4429797343909749 4.4250502288341478 26.108878828585148 19.314594656229019 8.6702722236514109 14.086639150977133 4.9825861603021595
leaf_count=62 58 67 56 12 131 22 35 35 11 49 53 106 33 42
internal_value=0.0113801 0.0131564 -0.00208335 0.0166692 0.0191342 -0.000860536 0.00757748 -0.00216955 0.0216173 0.0151372 0.0017574 -0.0146127 0.0245374 -0.0122499
internal_weight=241.057 227.882 43.0682 184.814 161.628 23.1859 30.282 16.9383 144.69 72.6054 32.4099 13.0953 40.1955 11.4256
internal_count=772 710 158 552 472 80 91 89 383 252 170 117 82 77
is_linear=0
shrinkage=0.03


Tree=55
num_leaves=15
num_cat=0
split_feature=25 29 29 10 53 22 7 3 28 4 10 22 7 23
split_gain=14.4992 17.5313 15.6323 10.6699 12.3992 7.93826 7.8566 5.97015 6.62246 4.97922 4.18294 3.83497 2.07545 1.50481
threshold=-0.62305282056331623 -0.31797127425670618 1.5585805177688601 1.0000000180025095e-35 1.0000000180025095e-35 0.064371716231107726 0.89441078901290905 -0.44037659466266627 0.21472591161727908 0.050385277718305595 -0.62710776925086964 0.506892889738083 0.30758997797966009 0.18229994177818301
decision_type=2 2 2 2 2 2 2 2 2 2 2 2 2 2
left_child=10 5 3 7 6 9 11 -3 -9 -2 -1 -5 13 -12
right_child=1 2 -4 4 -6 -7 -8 8 -10 -11 12 -13 -14 -15
leaf_value=0.028124539363158459 0.014498405011088391 -0.011479786920686007 0.020262494314523372 -0.03407548960131012 0.0098397458256377392 0.028186566886844015 0.0046681687129644395 0.022491562519791425 -0.0039370206165663824 -0.0083954405230580384 -0.0027329356123600461 -0.0039460333785613557 0.018627469142952904 0.010388723237228375
leaf_weight=36.143070235848427 13.803714513778688 11.672946713864802 17.05558817833662 24.818476065993313 9.4376037828624231 26.928136758506298 5.7530786246061316 13.560049094259741 13.447450950741766 11.253333479166029 11.954039528965952 5.993365090340375 16.488503322005272 11.41011095792055
leaf_count=61 33 54 33 227 36 49 19 25 47 39 37 34 32 28
internal_value=0.0104413 0.00484635 -0.00250035 -0.00795898 -0.0170031 0.0181822 -0.0242816 0.0035122 0.010773 0.00453038 0.020761 -0.0295841 0.0116921 0.00437686
internal_weight=229.719 153.724 101.739 84.683 46.0025 51.9852 36.5649 38.6804 27.0075 25.057 75.9957 30.8118 39.8527 23.3642
internal_count=754 596 475 442 316 121 280 126 72 72 158 261 97 65
is_linear=0
shrinkage=0.03


Tree=56
num_leaves=14
num_cat=0
split_feature=61 14 9 30 1 27 2 7 22 23 16 8 10
split_gain=19.3186 13.814 12.6441 11.9755 9.77597 8.78377 11.9165 14.136 8.43272 7.48796 3.74364 2.11257 1.14518
threshold=1.0000000180025095e-35 1.0000000180025095e-35 0.3055375218391419 0.26429435610771185 0.39969284832477575 -0.075719472020864473 0.29129555821418768 0.12664308398962024 0.060591403394937522 1.0000000180025095e-35 1.0575990080833437 0.50680834054946911 -0.62710776925086964
decision_type=2 2 2 2 2 2 2 2 2 2 2 2 2
left_child=1 12 5 4 -4 6 8 -8 9 11 -7 -2 -1
right_child=2 -3 3 -5 -6 10 7 -9 -10 -11 -12 -13 -14
leaf_value=-0.0058931008993128751 0.0035093090766426709 0.010025020055263689 -0.029135884495865613 0.015708546180077713 0.0064242322122255004 0.030085806105514361 -0.026784990656412253 0.016233064757321516 0.026747894922528909 -0.012751374053183126 0.01156087157231815 0.021140025845465545 -0.028104900436938543
leaf_weight=6.017078239470723 14.175164662301542 16.172317549586296 11.369642399251463 15.894920401275156 9.4946224801242334 50.832222804427147 10.759155668318273 7.7892316207289687 29.607473563402891 10.332953527569769 23.034361831843853 10.417906776070593 12.82116389647126
leaf_count=22 49 39 69 38 29 89 108 17 63 37 52 19 112
internal_value=0.0107121 -0.00883601 0.0143786 -0.0013314 -0.0148401 0.0179856 0.0103187 -0.00910892 0.0161561 0.00495192 0.0254082 0.0132878 -0.0237344
internal_weight=228.718 35.0106 193.708 36.7592 20.8643 156.948 83.0819 18.5484 64.5335 34.926 73.8666 24.5931 18.8382
internal_count=743 173 570 136 98 434 293 125 168 105 141 68 134
is_linear=0
shrinkage=0.03


Tree=57
num_leaves=14
num_cat=0
split_feature=2 29 20 13 21 21 29 6 20 20 27 25 23
split_gain=14.2438 16.7076 14.6928 14.8447 9.21495 8.01538 10.3891 13.6782 7.707 4.05916 3.23074 2.98597 0.506394
threshold=-0.98521101474761952 -1.2562471628189085 0.70520243048667919 -0.33918945491313929 0.06867123302072288 -1.096955358982086 0.30754597485065466 -1.4612560272216795 0.98998460173606884 1.9807892441749575 -0.091849088668823228 1.1535546183586123 0.37122716009616857
decision_type=2 2 2 2 2 2 2 2 2 2 2 2 2
left_child=12 10 3 -3 5 -5 7 -7 -4 -10 -2 -9 -1
right_child=1 2 8 4 -6 6 -8 11 9 -11 -12 -13 -14
leaf_value=0.014919783706365406 0.0080129179635455676 0.015427247918067974 0.02836713065584719 0.011384288497489604 0.0088374975402550158 0.011223821339136164 0.005414721963252574 -0.032397952392318366 -0.0074967585944193125 0.013029809803148376 0.029687977629518449 -0.0055559153495344351 0.02932328697204211
leaf_weight=25.991677470505238 14.567423105239866 20.330077737569809 16.388826936483383 5.8612413108348838 14.294612318277357 6.1080231592059127 11.549643814563749 37.716118562966585 12.685214623808863 12.397582486271856 20.893954440951347 6.6533752009272566 22.673149824142456
leaf_count=55 42 53 26 15 37 16 34 309 37 24 33 30 34
internal_value=0.0100845 0.00583878 0.00101627 -0.00511042 -0.0107843 -0.0152387 -0.018416 -0.0238653 0.0150811 0.00312821 0.0228744 -0.0293432 0.0237373
internal_weight=228.111 179.446 143.985 102.513 82.183 67.8884 62.0272 50.4775 41.4716 25.0828 35.4614 44.3695 48.6648
internal_count=745 656 581 494 441 404 389 355 87 61 75 339 89
is_linear=0
shrinkage=0.03


Tree=58
num_leaves=15
num_cat=0
split_feature=14 29 6 18 31 30 25 19 7 26 12 26 19 27
split_gain=12.6485 11.7184 12.7707 9.00133 8.86543 8.5123 8.31334 5.51929 5.33733 3.96043 3.42592 1.83129 2.49406 1.30518
threshold=-0.12352122738957404 -0.78710922598838795 -0.7223687171936034 -0.3713094294071197 1.1107677668333056 -0.33795437216758722 1.0000000180025095e-35 1.0032176375389101 -0.26038220524787897 1.0298837423324587 0.80292063951492321 -0.19845880568027494 0.31050065159797674 0.050507470965385444
decision_type=2 2 2 2 2 2 2 2 2 2 2 2 2 2
left_child=1 13 3 -3 7 6 -4 11 -7 -6 -8 12 -2 -1
right_child=4 2 5 -5 9 8 10 -9 -10 -11 -12 -13 -14 -15
leaf_value=0.0076089641637860578 0.005645162158327552 0.026537113789233409 0.013903164384029349 -0.0041404964262323971 0.0096887971160118051 -0.0028135990161771225 -0.022419194460911982 0.004677530902830373 -0.030543052969429656 -0.010016682343480821 0.004603806616887151 0.029388642902380153 0.023352753921460821 0.023828008538387412
leaf_weight=14.899169042706491 19.427176147699356 12.99658937752247 15.071431074291469 14.275010507553814 17.344889044761661 10.44058831036091 7.9737310111522657 17.984260782599449 16.1107072904706 10.683823630213736 4.0999225378036499 44.740079797804356 12.671267524361609 14.050045043230055
leaf_count=46 56 23 48 53 44 47 68 40 174 31 14 73 20 26
internal_value=0.0106163 0.00300188 -0.00302868 0.0123257 0.0170453 -0.0112126 0.000936071 0.0212363 -0.021813 0.00179829 -0.0145819 0.0245894 0.0148407 0.0178307
internal_weight=232.769 109.917 80.968 27.2716 122.851 53.6964 27.1451 94.8228 26.5513 28.0287 12.0737 76.8385 32.0984 28.9492
internal_count=763 499 427 76 264 351 130 189 221 75 82 149 76 72
is_linear=0
shrinkage=0.03


Tree=59
num_leaves=15
num_cat=0
split_feature=14 14 2 27 28 16 16 25 11 30 21 18 17 4
split_gain=15.4943 14.8611 8.33844 10.5211 13.6705 7.84261 6.856 10.3783 7.50229 5.93705 4.43146 4.84983 4.3948 3.34283
threshold=-0.12352122738957404 -0.27143290638923639 -0.80285295844078053 -0.075719472020864473 0.69149836897850048 -0.14154464006423947 0.73375710844993602 -0.32695157825946802 -0.096637118607759462 -0.52300980687141407 1.0000000180025095e-35 0.44282750785350805 -0.26962263882160181 -0.24709812551736829
decision_type=2 2 2 2 2 2 2 2 2 2 2 2 2 2
left_child=1 6 -2 4 -4 -3 7 13 9 -9 11 -5 -10 -1
right_child=2 5 3 10 -6 -7 -8 8 12 -11 -12 -13 -14 -15
leaf_value=0.033228067547817514 0.028176331965466872 0.0053613439763540629 -0.017781136344081475 -0.0014062562211321385 0.014147529944828739 -0.027076002870233106 -0.011201566831936849 0.0047085583966744674 0.019956744237645811 -0.025033274315825527 0.031117608683855501 0.020688043136876048 -0.0025197985536030941 0.00903054374510881
leaf_weight=14.488637834787371 46.642949387431145 8.05320603400469 16.958045616745949 15.862245455384256 21.799234822392464 14.5048561245203 9.4884742349386197 8.9059329032897931 14.492993451654913 7.8468776419758823 17.575400792062283 13.874087393283842 11.40453018248081 13.909705013036726
leaf_count=24 73 27 61 46 49 186 35 44 36 47 24 25 33 37
internal_value=0.0116147 0.0026779 0.0182078 0.0115553 -0.000258152 -0.0166242 0.00874005 0.0119646 0.00192146 -0.0117742 0.0203324 0.0103963 0.0112527 0.0245023
internal_weight=235.807 103.095 132.712 86.069 38.7573 22.5581 80.5372 71.0487 42.6503 16.7528 47.3117 29.7363 25.8975 28.3983
internal_count=747 469 278 205 110 213 256 221 160 91 95 71 69 61
is_linear=0
shrinkage=0.03


Tree=60
num_leaves=15
num_cat=0
split_feature=14 11 14 7 2 14 25 21 4 16 23 12 17 22
split_gain=17.1658 15.3726 16.1759 13.3219 7.06378 8.18871 11.9985 9.4474 4.85958 7.94993 7.38185 4.85345 1.6262 0.610879
threshold=-0.12352122738957404 -0.83079570531845082 -0.27143290638923639 -0.72405859827995289 -0.80285295844078053 0.15498968958854678 -0.32695157825946802 1.0000000180025095e-35 0.099965844303369536 1.0000000180025095e-35 -0.19555450603365895 0.11548595875501634 -0.35375253856182093 0.060591403394937522
decision_type=2 2 2 2 2 2 2 2 2 2 2 2 2 2
left_child=1 -1 8 -4 -2 -6 11 13 9 -3 -10 -7 -5 -8
right_child=4 2 3 12 5 6 7 -9 10 -11 -12 -13 -14 -15
leaf_value=-0.023111661225510977 0.028213175211669793 0.026284973011250566 0.017112219278321246 -0.0012591309556745109 0.025474292798367489 0.0023649271754869051 -0.026327700376811872 0.011658226473289575 0.014207302171580519 -0.0020349639789894692 -0.013865517581400071 0.022954156946678177 -0.028141454543508356 -0.0068979417581157745
leaf_weight=13.26990023255348 43.974079161882401 32.157564215362072 5.7090612016618243 2.8084208853542831 25.62144261598587 18.257467404007912 8.5134796798229235 8.5110476315021497 14.940462484955789 10.842619463801382 9.7209496274590474 23.145233914256096 14.004410978406669 6.9417337775230399
leaf_count=82 69 78 20 16 54 44 37 17 41 36 36 38 176 23
internal_value=0.011594 0.00221291 0.00695756 -0.0131309 0.0184489 0.0125062 0.00597444 -0.00968842 0.0140877 0.0196759 0.00266968 0.015108 -0.024969 -0.0214201
internal_weight=238.418 103.453 90.1835 22.5219 134.964 90.9904 65.369 23.9663 67.6616 43.0002 24.6614 41.4027 16.8128 15.4552
internal_count=767 485 403 212 282 213 159 77 191 114 77 82 192 60
is_linear=0
shrinkage=0.03


Tree=61
num_leaves=15
num_cat=0
split_feature=14 18 58 28 16 2 2 29 7 18 28 66 2 30
split_gain=12.6939 12.1135 10.0979 9.75331 15.0555 12.1005 8.98969 6.4505 14.4429 6.07885 5.96348 5.74308 5.69122 4.59707
threshold=-0.12352122738957404 0.27769026160240179 1.0000000180025095e-35 1.1682708263397219 -0.24390887469053266 0.10893747303634883 -0.80285295844078053 -0.057339081540703767 -0.13598121702671048 1.6990166306495669 -0.023660323582589623 1.0000000180025095e-35 1.020727872848511 1.218921482563019
decision_type=2 2 2 2 2 2 2 2 2 2 2 2 2 2
left_child=1 2 3 4 -1 11 -2 -8 13 -3 -10 -6 -7 -9
right_child=6 9 -4 -5 5 12 7 8 10 -11 -12 -13 -14 -15
leaf_value=0.029584045171822903 0.027231411198038812 -0.029406089155541264 -0.01656322748515688 -0.012888150763117355 0.026861920703397182 -0.022471415921032297 0.020909331702962386 -0.023681085943021436 0.022455170263255414 0.0034426016450340214 -0.00054834933788214712 0.00049025052715513412 0.010184598673749358 0.0026762222116073898
leaf_weight=27.961096659302704 41.669880941510201 9.4963644668459875 10.02042571082711 9.9639421217143518 10.638666417449713 13.334963731467726 25.529255330562592 12.203558303415777 21.78795450925827 6.3362193256616584 15.947607308626173 14.524516340345151 3.2371995076537123 7.6928987503051749
leaf_count=59 66 50 56 54 21 146 49 53 39 22 45 54 17 19
internal_value=0.0100857 0.0022419 0.0067069 0.0104394 0.0144138 0.00217258 0.0163739 0.00969766 0.00345848 -0.0185889 0.0138068 0.0142444 -0.0152103 -0.0149993
internal_weight=230.345 105.513 89.6808 79.6604 69.6964 41.7353 124.831 83.1613 57.632 15.8326 37.7356 25.1632 16.5722 19.8965
internal_count=750 479 407 351 297 238 271 205 156 72 84 75 163 72
is_linear=0
shrinkage=0.03


Tree=62
num_leaves=15
num_cat=0
split_feature=17 2 14 22 13 19 11 27 16 9 38 1 9 20
split_gain=17.6657 17.7098 11.1635 8.28281 9.79577 7.63216 6.36251 5.33831 4.74837 4.84042 4.4263 4.5029 5.08024 0.7621
threshold=0.30867289006710058 0.10893747303634883 -0.12352122738957404 1.4112346172332766 1.2259134054183962 -0.12387454509735106 1.085252642631531 -0.059669708833098405 -0.012192256050184367 -0.035935074090957635 1.0000000180025095e-35 -0.31078955531120295 -0.19662806391716001 0.19496768712997439
decision_type=2 2 2 2 2 2 2 2 2 2 2 2 2 2
left_child=1 5 3 4 6 7 -3 -1 9 -4 11 -7 -13 -12
right_child=-2 2 8 -5 -6 10 -8 -9 -10 -11 13 12 -14 -15
leaf_value=-0.015878148419162467 0.024392826162811767 -0.031389242932558958 0.0078896284053074205 0.01124697616061613 0.010928269979694876 0.01795101661398291 0.0055113210448610389 0.010498088840959475 0.015220241273432238 -0.016054229088484299 0.011992787238865266 0.0098149397246078806 -0.01332746627401726 0.027407714713255621
leaf_weight=9.6113671660423297 51.340269327163696 26.10913268849254 11.536350697278978 5.3509020693600169 4.5771026983857146 16.774004712700844 3.2990817055106154 8.4304778426885587 17.511434093117714 9.4454204961657506 17.63834773004055 14.036052107810976 10.490496162325142 25.269231632351875
leaf_count=43 89 265 30 21 12 42 9 20 39 41 42 33 42 41
internal_value=0.00967416 0.00493228 -0.00565609 -0.0160067 -0.0211898 0.0128798 -0.0270503 -0.00394964 0.00554535 -0.00390445 0.0165048 0.00801835 -0.000664194 0.022984
internal_weight=231.42 180.079 77.8294 39.3362 33.9853 102.25 29.4082 18.0418 38.4932 20.9818 84.2081 41.3006 24.5265 42.9076
internal_count=769 680 417 307 286 263 274 63 110 71 200 117 75 83
is_linear=0
shrinkage=0.03


Tree=63
num_leaves=14
num_cat=0
split_feature=17 52 28 25 22 16 68 8 27 28 26 27 17
split_gain=12.1053 13.5199 12.55 13.1292 15.4199 9.43035 12.4995 8.66562 6.4872 6.40544 5.61387 5.57775 2.64529
threshold=0.38037602603435522 1.0000000180025095e-35 -1.4539777040481565 -0.32695157825946802 0.090760096907615675 1.1029658913612368 1.0000000180025095e-35 -0.17320114374160764 -0.075719472020864473 0.24878108501434329 -0.57133942842483509 -0.17372330278158185 1.0054583549499514
decision_type=2 2 2 2 2 2 2 2 2 2 2 2 2
left_child=1 11 -3 10 5 6 -5 -6 -8 -9 -4 -1 -2
right_child=12 2 3 4 7 -7 8 9 -10 -11 -12 -13 -14
leaf_value=0.0026155473474274026 0.030412856631765288 -0.025305535878497432 -0.0016481835617861195 0.012901420348942554 0.022576926011939946 0.013836038204322661 -0.03305040783225463 0.011329607683935492 -0.0035946652408366821 -0.017885679534235758 0.020096303419810266 0.028788210749820513 0.011634403374047529
leaf_weight=11.451679464429615 21.256566971540451 9.3439124301075918 13.051002703607081 6.0839055106043807 18.465532682836056 5.6616627052426329 24.089419260621067 8.44246354699135 10.490304671227934 8.9436346516013128 40.235107429325581 22.56720732152462 22.741865038871765
leaf_count=45 31 42 44 20 45 15 225 28 37 40 87 41 48
internal_value=0.00957038 0.00576125 0.00148475 0.00416769 -0.00337131 -0.0141565 -0.0191422 0.0105916 -0.0256975 -0.00433722 0.015086 0.0214419 0.0228843
internal_weight=222.824 178.826 144.807 135.463 82.1769 46.3253 40.6636 35.8516 34.5797 17.3861 53.2861 34.0189 43.9984
internal_count=748 669 583 541 410 297 282 113 262 68 131 86 79
is_linear=0
shrinkage=0.03


Tree=64
num_leaves=14
num_cat=0
split_feature=24 25 25 2 22 53 18 13 29 6 9 1 6
split_gain=13.0018 15.66 8.97001 10.7409 12.9295 10.9696 19.6463 10.3565 6.3272 10.4427 5.50972 2.62038 1.06885
threshold=0.67732498049736034 -0.62305282056331623 -1.2152553200721739 1.0000000180025095e-35 0.19696162641048434 1.0000000180025095e-35 0.20790963619947436 1.2862942814826968 -0.057339081540703767 0.60762843489646923 0.28545089066028601 0.63652029633522045 -0.057370150461792939
decision_type=2 2 2 2 2 2 2 2 2 2 2 2 2
left_child=2 -2 -1 10 5 6 7 -5 -6 -10 11 12 -4
right_child=1 -3 3 4 8 -7 -8 -9 9 -11 -12 -13 -14
leaf_value=0.027699915079749261 0.011398677476280155 -0.02655305929502387 0.027324820398995607 -0.034299589578639336 0.026413938331264812 0.015508418630609758 0.012144365478220282 0.0096841955786987604 -0.016240439323533733 0.020305693615198239 0.00013247792441086723 0.0082988540921394571 0.011512323136715982
leaf_weight=30.320824190974236 16.744672276079658 13.256997123360632 37.449437260627747 22.530469361692671 16.450271725654602 10.47093018889427 13.754324555397032 3.5563772842288008 9.5167096555233019 8.6951491199433786 14.373648732900618 20.521689608693123 16.63684668391943
leaf_count=51 42 83 65 218 29 37 33 7 54 19 43 49 40
internal_value=0.0107826 -0.00676878 0.0134604 0.0102739 0.00239163 -0.00711839 -0.0141313 -0.0277102 0.0153526 0.00182371 0.0172734 0.02036 0.0238467
internal_weight=234.278 30.0017 204.277 173.956 84.9742 50.3121 39.8412 26.0868 34.6621 18.2119 88.9816 74.608 54.0863
internal_count=770 125 645 594 397 295 258 225 102 73 197 154 105
is_linear=0
shrinkage=0.03


Tree=65
num_leaves=15
num_cat=0
split_feature=61 39 9 17 4 9 5 2 16 28 28 26 29 16
split_gain=13.0177 8.47737 8.03331 10.0849 8.22422 7.9681 7.52226 6.96896 8.63581 4.75329 13.2832 5.00956 4.67468 3.69509
threshold=1.0000000180025095e-35 1.0000000180025095e-35 -0.779140144586563 -0.38846583664417261 -0.74290376901626576 -1.0603528618812559 -0.06717756018042563 -1.5322852730751035 -0.66133150458335865 -0.22799137979745862 0.58933284878730785 -0.31404201686382288 0.88093680143356334 -1.3799730539321897
decision_type=2 2 2 2 2 2 2 2 2 2 2 2 2 2
left_child=1 -1 -2 6 12 -3 -4 -6 13 -10 11 -11 -5 -9
right_child=2 5 3 4 7 -7 -8 8 9 10 -12 -13 -14 -15
leaf_value=0.010289432344909359 0.022804121980997152 0.0096955187070068734 0.0070021302864236327 -0.015955911562827777 0.028220982121032381 -0.025349072022906365 -0.026530224605181344 0.0052243415643078899 0.022580469470116191 0.0033843298535173589 0.018634556135247313 -0.025753612714318194 0.0089550062062058317 -0.016300767877392357
leaf_weight=12.401812102645634 45.650618687272072 4.9664944633841506 8.3052993081510085 10.984330937266352 21.322991013526917 16.714641362428669 7.7346318401396266 10.220459267497064 29.677398167550564 7.6470323726534826 23.512667641043663 7.0854351632297039 7.5326950550079337 10.04045122861862
leaf_count=36 91 13 37 67 32 119 46 28 56 25 61 83 16 36
internal_value=0.00924793 -0.0070302 0.0122778 0.0082892 0.0111281 -0.0170089 -0.0116297 0.0141749 0.00944649 0.0143428 0.00607881 -0.0136041 -0.0060728 -0.00655772
internal_weight=223.797 34.0829 189.714 144.063 128.023 21.6811 16.0399 109.506 88.1834 67.9225 38.2451 14.7325 18.517 20.2609
internal_count=746 168 578 487 404 132 83 321 289 225 169 108 83 64
is_linear=0
shrinkage=0.03


Tree=66
num_leaves=15
num_cat=0
split_feature=2 27 9 4 17 0 30 27 25 3 17 11 17 30
split_gain=14.5297 15.9396 12.3036 13.7859 7.41186 7.21703 7.59849 6.49063 7.55864 13.2198 4.91635 3.68279 3.44179 2.75936
threshold=-0.98521101474761952 -0.075719472020864473 -0.91974651813507069 0.49661035835742956 -0.18902878463268277 0.82619526982307445 0.22200885415077212 -0.027806597761809822 -0.32695157825946802 -1.0000000180025095e-35 -0.17330861836671826 -0.27744553983211512 -0.42381905019283289 -0.4958671480417251
decision_type=2 2 2 2 2 2 2 2 2 2 2 2 2 2
left_child=-1 2 -2 4 12 6 10 -3 11 13 -5 -9 -4 -10
right_child=1 7 3 5 -6 -7 -8 8 9 -11 -12 -13 -14 -15
leaf_value=0.023815135739209205 0.017910844724023368 0.03198817808523665 -0.0031102577359066598 -0.024964500256863326 0.00031419322405523361 0.024310640833193013 0.013393017706293964 0.0033719696749194036 -0.00044638046690342192 0.017385279951259273 0.0042652517494212094 0.022421984027146926 -0.029662923097779702 -0.024012486091912495
leaf_weight=51.031509675085545 16.55667208135128 12.661608271300791 6.6858301013708106 8.4788542129099351 14.445029005408285 8.3625419884920102 10.851236283779143 14.858223780989645 6.5886895060539272 13.594563491642477 6.3591697514057186 31.548021405935287 23.674245504662398 10.310236096382139
leaf_count=94 37 19 35 76 37 18 26 41 25 28 16 56 217 52
internal_value=0.0103344 0.00608643 -0.00244584 -0.007533 -0.0176849 0.00637883 -0.0024682 0.0148249 0.0102186 -0.0013957 -0.0145197 0.0172438 -0.0250822 -0.0170241
internal_weight=236.006 184.975 95.4136 78.8569 44.8051 34.0518 25.6893 89.5613 76.8997 30.4935 14.838 46.4062 30.3601 16.8989
internal_count=777 683 462 425 289 136 118 221 202 105 92 97 252 77
is_linear=0
shrinkage=0.03


Tree=67
num_leaves=15
num_cat=0
split_feature=14 30 10 9 28 0 11 5 5 18 61 28 23 2
split_gain=10.5401 12.0692 10.5004 10.101 11.3733 9.82575 11.6991 7.90897 6.21792 4.1925 3.81391 2.93798 1.68801 4.20232
threshold=-0.12352122738957404 -0.31242194771766657 0.55978818237781536 0.3055375218391419 -0.2620465531945228 0.67429283261299144 1.2339831590652468 0.32761977612972265 -0.9445049762725829 0.86418411135673534 1.0000000180025095e-35 0.044450027868151672 0.37122716009616857 1.0000000180025095e-35
decision_type=2 2 2 2 2 2 2 2 2 2 2 2 2 2
left_child=1 3 10 7 -5 6 8 11 -3 -4 -2 -1 13 -12
right_child=2 5 9 4 -6 -7 -8 -9 -10 -11 12 -13 -14 -15
leaf_value=0.0061957708461077097 0.0042972302935463114 0.0028481025554635566 -0.011902051091654047 0.01473110844969199 -0.025803669388287417 0.012120160555285345 0.015317030990338829 -0.0043313905342520958 -0.029898332872643645 0.010176542269189206 0.021136596275812793 0.028410049257965444 0.027853583074617234 0.0026890424633101775
leaf_weight=10.580687582492827 15.680415689945219 5.4730987139046183 12.853157430887224 7.2167884223163119 8.3877023570239526 11.032395390793679 5.0185590088367453 10.06565275788307 21.656483108177785 8.8593164235353452 32.314205095171928 25.696629889309406 38.234057977795601 18.148816227912903
leaf_count=37 39 24 46 18 60 45 9 44 188 20 58 65 63 48
internal_value=0.0101224 0.0028921 0.0158104 0.0110219 -0.0080315 -0.00870447 -0.0165204 0.0175949 -0.0238769 -0.00267475 0.0196022 0.0234663 0.0219342 0.0153425
internal_weight=231.218 105.128 126.09 61.9475 15.6045 43.1805 32.1481 46.343 27.1296 21.7125 104.377 36.2773 88.6971 50.463
internal_count=764 490 274 224 78 266 221 146 212 66 208 102 169 106
is_linear=0
shrinkage=0.03


Tree=68
num_leaves=15
num_cat=0
split_feature=17 61 17 16 10 25 18 18 29 52 1 8 8 19
split_gain=9.85053 7.43694 7.29167 6.15516 5.5188 7.29364 5.11152 9.18955 8.46135 11.0034 10.3532 5.08226 4.77306 3.3142
threshold=-0.38846583664417261 1.0000000180025095e-35 -0.44174310564994806 -0.6450805366039275 -0.62710776925086964 0.8574533760547639 -0.42680774629116053 -0.036948652938008301 -1.3083735704421995 1.0000000180025095e-35 0.51810656487941753 -0.13565460592508313 0.79257920384407055 0.08220826089382173
decision_type=2 2 2 2 2 2 2 2 2 2 2 2 2 2
left_child=2 4 -1 -4 -2 -6 11 8 -8 -10 12 -3 -11 -9
right_child=1 6 3 -5 5 -7 7 13 9 10 -12 -13 -14 -15
leaf_value=0.01191787411297592 0.011598884645564298 0.028740657630973051 0.0048359551456945366 -0.024405940118008337 -0.023110859653343287 0.011780967507045596 0.021246276143758899 0.0058207921723993977 0.018737496234837038 -0.033915676550373114 0.0071694300962249656 0.0079147654134759764 -0.00048221406983718629 0.021008560678117783
leaf_weight=10.938087005168201 10.782219514250757 36.044241882860661 8.0868432372808474 12.335199184715746 10.354000078514217 4.5300915315747252 7.1767374575138083 23.67396517843008 6.7234832905232897 13.0632496457547 9.8272007144987565 20.892538189888 5.0669214949011794 47.977588534355164
leaf_count=44 23 71 30 73 85 15 11 67 19 127 36 49 14 92
internal_value=0.0103337 0.0127896 -0.00467122 -0.0141529 -0.00194071 -0.0121992 0.0149998 0.0105231 -0.000699996 -0.00734637 -0.0155103 0.0223546 -0.0266959 0.0166975
internal_weight=227.472 196.112 31.3601 20.422 25.6663 14.8841 170.446 113.509 41.8576 34.6809 27.9574 56.9368 18.1302 71.6516
internal_count=756 609 147 103 123 100 486 366 207 196 177 120 141 159
is_linear=0
shrinkage=0.03


Tree=69
num_leaves=15
num_cat=0
split_feature=17 29 2 45 29 11 13 17 22 4 3 27 1 27
split_gain=12.8875 13.335 12.742 14.0011 15.168 11.9347 9.11012 6.40097 7.33729 4.17349 5.42884 2.25609 0.456778 0.333204
threshold=0.38037602603435522 -1.2562471628189085 -1.3499271869659422 1.0000000180025095e-35 0.82881036400794994 1.085252642631531 0.032267775386571891 -0.42381905019283289 1.9000594615936282 -1.1395483016967771 1.1781529784202578 -0.091849088668823228 -0.31078955531120295 -0.83353424072265614
decision_type=2 2 2 2 2 2 2 2 2 2 2 2 2 2
left_child=1 11 -3 -4 5 6 7 -5 9 -9 13 -1 -2 -11
right_child=12 2 3 4 -6 -7 -8 8 -10 10 -12 -13 -14 -15
leaf_value=0.0078901554007214294 0.012632818699774983 0.019567419549765569 0.024639386879171159 0.00096366156715420022 0.012185814354601613 0.0083862983242538082 0.0040847831302402281 -0.0026180138535924781 0.005851401412248723 -0.0097241134795060472 -0.0004044541242335772 0.026283161325744396 0.026239342872802458 -0.038261403818487423
leaf_weight=15.911674737930296 20.891219049692154 20.937107861042023 9.3453463762998563 8.5966264307498914 24.78896689414978 16.508419185876846 12.492383562028406 5.5689785610884348 4.1904346644878379 4.5605446994304577 4.3356713876128188 19.41400471329689 26.12092113494873 30.398551179096117
leaf_count=45 43 40 20 47 59 40 37 37 10 25 14 33 43 263
internal_value=0.00879342 0.00478199 0.000435392 -0.00352695 -0.00684556 -0.0126578 -0.017839 -0.0225365 -0.0263631 -0.0296571 -0.032761 0.020004 0.0219886 -0.0362212
internal_weight=224.061 177.049 141.723 120.786 111.441 86.6516 70.1432 57.6508 49.0542 44.8637 39.2948 35.3257 47.0121 34.9591
internal_count=756 670 592 552 532 473 433 396 349 339 302 78 86 288
is_linear=0
shrinkage=0.03


Tree=70
num_leaves=15
num_cat=0
split_feature=9 17 52 10 22 7 8 2 20 12 4 10 18 12
split_gain=11.4275 12.2102 12.5287 12.1942 8.00841 12.3149 5.56308 5.10236 8.64654 4.46474 4.3936 6.1939 4.37356 1.90477
threshold=-1.0000930130481718 0.38037602603435522 1.0000000180025095e-35 -0.62710776925086964 0.090760096907615675 0.64183908700943004 -0.19406033307313916 -0.62049487233161915 -0.23220556229352948 0.27343384921550756 -1.4370317459106443 0.55978818237781536 -0.44857849180698389 -0.37401565909385676
decision_type=2 2 2 2 2 2 2 2 2 2 2 2 2 2
left_child=13 2 12 7 5 10 -6 -4 -9 -8 -5 -12 -2 -1
right_child=1 -3 3 4 6 -7 9 8 -10 -11 11 -13 -14 -15
leaf_value=0.0093208068128581428 0.02740589556401769 0.019815798237725037 0.02197293330167201 0.0036068247391792827 0.012356598429573052 0.0068855428012276525 -0.020518591371656188 0.015664879285337906 -0.013812079347189228 0.0048109820793346024 -0.034639350243961378 -0.0059910071642264012 0.0037903123955122906 0.028220757951894986
leaf_weight=14.572170481085776 13.195783108472826 33.667839184403419 13.279436752200125 3.5407513882964841 16.954000160098076 13.242620229721068 8.0144744068384188 12.891346864402294 12.954898089170456 9.1369841843843442 23.503712598234415 12.121925838291643 14.589655455201862 20.855756714940071
leaf_count=38 24 63 22 16 54 38 50 32 44 25 213 61 52 33
internal_value=0.00801646 0.00474675 0.000918951 -0.0032711 -0.00941121 -0.0162607 0.00184759 0.00983382 0.0010462 -0.00898478 -0.0239803 -0.0268286 0.0174749 0.0225611
internal_weight=222.521 187.093 153.426 125.64 86.5145 52.409 34.1055 39.1257 25.8462 17.1515 39.1664 35.6256 27.7854 35.4279
internal_count=765 694 631 555 457 328 129 98 76 75 290 274 76 71
is_linear=0
shrinkage=0.03


Tree=71
num_leaves=15
num_cat=0
split_feature=0 17 9 53 18 28 12 28 25 20 14 11 7 0
split_gain=14.335 8.34554 9.57381 6.74189 7.47784 7.2529 12.5274 7.69862 7.48225 8.42586 7.585 4.56752 6.19337 4.08622
threshold=-1.7491278648376463 0.38037602603435522 -1.0000930130481718 1.0000000180025095e-35 -0.97817927598953236 0.69149836897850048 0.80292063951492321 1.0661053061485293 0.8574533760547639 -0.84923359751701344 -0.27143290638923639 0.5460549294948579 0.89441078901290905 0.11180475258152002
decision_type=2 2 2 2 2 2 2 2 2 2 2 2 2 2
left_child=-1 2 -2 4 -4 6 8 -7 9 -6 -11 12 -12 -5
right_child=1 -3 3 13 5 7 -8 -9 -10 10 11 -13 -14 -15
leaf_value=-0.018691473763337556 0.024205119578752852 0.023529138757302993 -0.018574608534387596 0.027940813983815205 0.016400518277290093 0.02312695843697243 -0.024016516681021036 -0.0015196105672220012 0.020195633874996621 0.0059039756487095996 -0.032449875919981136 0.0042508001144983907 0.0056724001338337229 0.0030461239424286967
leaf_weight=10.285619553178547 24.989400304853916 41.363989964127541 9.0858816467225534 12.004616603255274 11.930536702275267 24.588636483997107 12.151090510189531 17.612849574536085 14.851710963994263 15.861523747444144 12.575679326429979 4.4672246873378745 3.210475079715251 11.218937944620846
leaf_count=55 47 73 48 24 29 55 45 73 39 49 153 10 9 39
internal_value=0.0101655 0.0119321 0.00860519 0.00529993 0.00224329 0.00455023 -0.00117015 0.0137693 0.00468711 -0.0015586 -0.00876437 -0.0191464 -0.0251973 0.0185848
internal_weight=226.198 215.913 174.549 149.559 126.336 117.25 75.0482 42.2015 62.8972 48.0454 36.1149 20.2534 15.7862 23.2236
internal_count=748 693 620 573 510 462 334 128 289 250 221 172 162 63
is_linear=0
shrinkage=0.03


Tree=72
num_leaves=15
num_cat=0
split_feature=14 30 12 61 2 27 12 22 1 9 25 16 10 22
split_gain=11.9193 9.69198 9.17981 9.07715 8.68918 8.11117 7.12418 6.94104 6.40506 5.46382 3.26579 3.15676 3.08817 1.52219
threshold=1.0000000180025095e-35 -0.31242194771766657 1.0000000180025095e-35 1.0000000180025095e-35 -0.80285295844078053 -0.2577188685536384 -1.2096027731895445 0.027405347675085071 -0.19237581640481946 0.3055375218391419 -0.91915407776832569 0.15391295403242114 -0.42929178476333613 -0.20343699306249616
decision_type=2 2 2 2 2 2 2 2 2 2 2 2 2 2
left_child=1 3 6 -1 -2 7 -3 -6 -4 12 -7 -12 -5 -14
right_child=4 2 8 9 5 10 -8 -9 -10 -11 11 -13 13 -15
leaf_value=-0.012747627987697673 0.02696254335649393 0.0060209693444911189 0.015573313321617108 0.029039069655322013 -0.017631844286486863 0.023578196858064924 -0.027982291417501141 0.010141689469800494 -0.010024538679413187 -0.0029324870439772768 -0.0021580847079470246 0.015411294173104084 0.016552579203848512 0.0020064207394382043
leaf_weight=9.2983277626335603 38.709772497415543 5.419420130550864 14.417811810970308 15.120470024645323 12.136602163314821 20.37455452978611 16.296034339815378 10.866003707051275 11.519624657928942 10.971068702638147 15.939642056822779 13.797440975904463 9.5054640918970073 14.589957535266883
leaf_count=56 63 19 36 27 45 33 184 26 42 54 46 28 26 58
internal_value=0.0094582 0.00212421 -0.00752815 0.00984075 0.0160932 0.00898105 -0.0199576 -0.00504388 0.00442176 0.0148016 0.0152924 0.00703868 0.0195334 0.00960318
internal_weight=218.962 107.138 47.6529 59.4853 111.824 73.1142 21.7155 23.0026 25.9374 50.187 50.1116 29.7371 39.2159 24.0954
internal_count=743 502 281 221 241 178 203 71 78 165 107 74 111 84
is_linear=0
shrinkage=0.03


Tree=73
num_leaves=15
num_cat=0
split_feature=22 9 5 0 1 20 9 32 14 29 18 7 18 4
split_gain=9.45178 14.0042 7.2163 5.98321 5.2193 5.16521 3.9104 5.16966 7.02574 2.96628 6.69915 10.0605 4.56851 1.17794
threshold=-0.31436178088188166 -0.53810065984725941 1.3365463018417361 0.11180475258152002 -0.54761700332164753 0.5746772587299348 1.4504750370979311 1.0000000180025095e-35 1.0000000180025095e-35 -0.47435060143470759 -0.3291435688734054 -0.13598121702671048 -0.02585536707192659 -0.2966786921024322
decision_type=2 2 2 2 2 2 2 2 2 2 2 2 2 2
left_child=1 5 6 -3 -5 -1 7 9 13 -2 -11 12 -12 -9
right_child=2 3 -4 4 -6 -7 -8 8 -10 10 11 -13 -14 -15
leaf_value=0.0015301890976065716 0.027550828881604695 0.0025269583433413017 -0.0082338070739852044 -0.0024559821127161413 -0.03397035910739802 0.024879374690792485 -0.0023154655760694756 -0.00011023925270830314 0.014358585166186572 0.023032933007288179 -0.023097364443766224 0.015938838944006033 0.0039125068867682973 -0.01537249382336001
leaf_weight=18.888203352689747 32.913810186088085 11.390640692785384 10.025377018377183 8.2496520131826419 9.5453048311173898 11.683160185813902 9.8811555095016939 7.7220999449491483 24.899643488228321 35.041189130395651 7.6838952433317846 23.330217726528648 7.9171836115419865 6.3440087847411633
leaf_count=57 62 42 48 36 52 18 43 28 51 79 122 60 24 34
internal_value=0.00970734 -0.000519042 0.0133013 -0.014194 -0.0231038 0.0126962 0.0149006 0.016105 0.0057665 0.0194478 0.0143264 0.00476027 -0.0117676 -0.00921993
internal_weight=225.516 59.757 165.759 29.1856 17.795 30.5714 155.733 145.852 38.9658 106.886 73.9725 38.9313 15.6011 14.0661
internal_count=756 205 551 130 88 75 503 460 113 347 285 206 146 62
is_linear=0
shrinkage=0.03


Tree=74
num_leaves=14
num_cat=0
split_feature=19 9 28 40 22 27 4 7 9 22 22 12 20
split_gain=9.66354 14.0497 12.0873 8.83174 10.339 10.2392 6.57716 6.24643 5.36431 4.17226 2.2819 1.91758 4.03119
threshold=0.31050065159797674 -1.0000930130481718 1.1342156529426577 1.0000000180025095e-35 0.25938908755779272 -0.075719472020864473 -0.4454203844070434 0.58654978871345531 0.3055375218391419 1.5112150311470034 -1.1503549814224241 1.3080835342407229 -0.29153518378734583
decision_type=2 2 2 2 2 2 2 2 2 2 2 2 2
left_child=1 -1 3 5 -5 7 -7 9 11 10 -3 12 -2
right_child=8 2 -4 4 -6 6 -8 -9 -10 -11 -12 -13 -14
leaf_value=0.020514417325054674 0.002777968768249353 -0.00066961460528254719 -0.028092262730832391 -0.0046944075122308604 0.028588021043798022 -0.0095637774317637991 0.01499146527840118 0.0051398448070815598 -0.0015510166763850143 0.0031736822783576847 -0.030742702939367844 0.0057152588736656398 0.023539020516600121
leaf_weight=22.721455156803131 11.767590120434759 2.7825508508831325 10.369242407381533 13.354317327961327 13.196711637079714 11.646628223359583 20.568633981049061 7.2770143300294867 15.03596258163452 3.6012417040765277 17.115629335865382 15.700143918395041 47.30015067756176
leaf_count=50 32 14 74 49 23 48 56 23 42 13 204 36 85
internal_value=0.00719878 0.00156995 -0.00351067 0.000671083 0.0137569 -0.00545066 0.0060219 -0.0166228 0.0143971 -0.0230814 -0.0275163 0.0175005 0.0199426
internal_weight=212.437 122.633 99.912 89.5427 26.551 62.9917 32.2153 30.7764 89.8038 23.4994 19.8982 74.7679 59.0677
internal_count=749 554 504 430 72 358 104 254 195 231 218 153 117
is_linear=0
shrinkage=0.03


Tree=75
num_leaves=15
num_cat=0
split_feature=28 30 9 6 61 2 19 19 29 20 8 19 1 6
split_gain=9.48749 9.32824 7.6543 13.6855 13.6059 6.43729 4.0846 10.0026 6.33764 8.25005 4.14862 5.18675 3.85971 3.82254
threshold=1.1342156529426577 -0.044981602579355233 0.3055375218391419 0.16429603844881061 1.0000000180025095e-35 -0.25577870011329645 0.36649581789970404 -1.0568305850028989 -1.2562471628189085 0.75266608595848095 0.18349094688892367 -0.28461210429668421 0.39969284832477575 -0.057370150461792939
decision_type=2 2 2 2 2 2 2 2 2 2 2 2 2 2
left_child=2 -2 4 -4 5 -1 7 -6 -9 10 11 -10 -5 -7
right_child=1 -3 3 12 6 13 -8 8 9 -11 -12 -13 -14 -15
leaf_value=0.011887395445162633 -0.023214166126296499 0.0082384451963424966 -0.020993998783328291 -0.00074323666227490352 0.026462042837160506 0.00086431364058960211 0.022804987573471013 0.02103617042121974 0.0049441584478409992 0.014021293347545118 0.0032546600306069436 -0.02468283881905519 0.022316289168600515 -0.026794496696395373
leaf_weight=6.3676757365465191 11.311752855777742 13.767973165959118 13.689022216945885 10.834514409303667 21.215250603854656 6.4994766153395185 63.10834051668644 9.3295489996671659 5.3597233407199392 14.941335961222647 11.95629847794771 14.060783889144663 10.34174771606922 7.6770898010581705
leaf_count=13 72 39 66 44 43 23 114 16 21 31 35 140 20 80
internal_value=0.0087975 -0.00744837 0.0110167 -0.0015491 0.0137104 -0.00761835 0.0169957 0.0111245 0.00357763 -0.00164589 -0.0100082 -0.0171681 0.0126298 -0.0171948
internal_weight=220.461 25.0797 195.381 34.8653 160.516 20.5442 139.971 76.8629 55.6477 46.3181 31.3768 19.4205 21.1763 14.1766
internal_count=757 111 646 130 516 116 400 286 243 227 196 161 64 103
is_linear=0
shrinkage=0.03


Tree=76
num_leaves=15
num_cat=0
split_feature=26 2 4 1 68 52 14 8 17 24 17 4 4 22
split_gain=12.2433 8.12044 11.7473 13.6585 7.95466 10.1166 7.65985 7.26932 7.66624 11.9058 7.26032 6.09167 4.4922 4.4118
threshold=-0.71593949198722828 -0.62049487233161915 0.29828810691833502 -0.90285822749137867 1.0000000180025095e-35 1.0000000180025095e-35 -0.12352122738957404 -0.17320114374160764 -0.28615595400333399 -0.38554565608501429 -0.26962263882160181 -0.54458153247833241 -0.14793698862195012 0.050184791907668121
decision_type=2 2 2 2 2 2 2 2 2 2 2 2 2 2
left_child=4 12 3 11 -1 -6 -4 10 -9 -10 -5 -3 -2 -11
right_child=1 2 6 7 5 -7 -8 8 9 13 -12 -13 -14 -15
leaf_value=0.01403105151781466 0.0044330340794291583 -0.02692757186313326 -0.022399403575293637 0.0083254446262233401 0.011805843504565696 -0.022344599433145099 0.0033254309992361416 0.019892396241500718 0.014993406651180159 -0.028369323099332419 0.035245609227063816 0.00482091875708542 0.025014896576456815 0.0027641541235968394
leaf_weight=7.7889051996171466 15.549854829907416 6.3707958944141865 13.414126662537454 20.169236212968826 7.1153029501438168 23.964740369468927 21.480436339974403 14.844484962522982 11.441348370164631 9.278745239600541 20.573794469237328 7.9893511515110713 37.313576392829418 4.5917908530682316
leaf_count=21 37 42 100 77 16 126 55 39 23 100 28 29 67 17
internal_value=0.00718629 0.0103991 0.00596087 0.0112712 -0.00740233 -0.0139738 -0.0081316 0.0159909 0.00581759 -0.00435649 0.0242859 -0.0125809 0.0198669 -0.0200612
internal_weight=221.886 183.018 130.154 95.2595 38.8689 31.08 34.8946 80.8994 40.1564 25.3119 40.743 14.3601 52.8634 13.8705
internal_count=777 614 510 355 163 142 155 284 179 140 105 71 104 117
is_linear=0
shrinkage=0.03


Tree=77
num_leaves=15
num_cat=0
split_feature=20 5 0 9 30 9 61 12 24 20 20 25 7 1
split_gain=11.507 9.4148 6.64474 6.0712 6.51316 9.25305 6.34346 5.61913 6.53477 5.22393 5.55364 3.07998 3.36512 2.35776
threshold=-1.062820255756378 1.4681454300880434 -1.7491278648376463 0.3055375218391419 0.22200885415077212 1.0688292384147646 1.0000000180025095e-35 1.6324952244758608 0.67732498049736034 -0.56445142626762379 0.5746772587299348 -0.62305282056331623 -0.77683478593826283 1.2285889983177187
decision_type=2 2 2 2 2 2 2 2 2 2 2 2 2 2
left_child=-1 2 -2 6 5 -5 9 8 11 -4 -11 -8 -13 -14
right_child=1 -3 3 4 -6 -7 7 -9 -10 10 -12 12 13 -15
leaf_value=-0.016740459795343457 -0.009040921057829221 -0.01364683959992569 0.015147923318230812 -0.027072266564778121 0.012844515562763425 0.0082253179255815465 0.029876658047751345 -0.0019783762361610452 -0.00031925253233828333 -0.024755854236296226 0.0067722975955672848 0.0011890268668090784 0.021078964423333738 0.0038483289762196132
leaf_weight=10.744084686040877 9.7255797628313285 9.9404542036354524 6.1970874816179302 7.9934222325682667 17.675678681582212 10.178272530436514 34.873703729361296 11.263392046093939 13.605006106197832 5.8270940016955119 6.2564904093742371 12.151920810341833 57.04894806817174 10.956250058487056
leaf_count=62 46 51 15 47 45 38 58 30 45 59 15 44 187 37
internal_value=0.0086493 0.0102794 0.0117456 0.0129885 0.0015752 -0.00979278 0.0154475 0.0175495 0.0192694 -0.00095311 -0.0112272 0.021503 0.0163196 0.0187566
internal_weight=224.437 213.693 203.753 194.027 35.8474 18.1717 158.18 139.899 128.636 18.2807 12.0836 115.031 80.1571 68.0052
internal_count=779 717 666 620 130 85 490 401 371 89 74 326 268 224
is_linear=0
shrinkage=0.03


Tree=78
num_leaves=15
num_cat=0
split_feature=17 53 22 5 8 25 8 19 22 27 23 23 24 30
split_gain=11.1598 9.55169 8.97876 10.2311 8.28081 9.42829 6.69419 6.58919 6.37868 4.26638 3.96028 3.68092 2.79201 4.50199
threshold=0.38037602603435522 1.0000000180025095e-35 0.050184791907668121 0.72241711616516124 0.50680834054946911 -0.62305282056331623 -0.19406033307313916 -1.4333746433258054 -1.0945974588394163 -0.17372330278158185 0.56015436351299297 -1.3291178345680235 -0.38554565608501429 -0.31242194771766657
decision_type=2 2 2 2 2 2 2 2 2 2 2 2 2 2
left_child=1 2 4 6 5 -1 -4 -7 -9 -3 -6 -10 -8 -14
right_child=-2 9 3 -5 10 7 12 8 11 -11 -12 -13 13 -15
leaf_value=0.0060242280186040787 0.02025887231495941 0.0019132866183352486 0.024160453551198502 -0.013976137809042923 -0.0033793197761392978 0.0063427859431320517 0.011257667711876604 0.0016594336637683527 -0.00086414391183350567 0.024161940870195721 0.016160248453891166 -0.033552913681403319 0.0081499459131305022 -0.018634193656421202
leaf_weight=15.484935857355593 44.33736164867878 12.376435955986379 24.447841044515371 10.113901976495979 16.582267384976152 5.458897538483142 10.907292149960995 6.4906472265720323 3.7907468155026427 20.962861426174641 12.903908893465994 22.881948582828052 7.1772179752588254 6.2368688974529523
leaf_count=45 85 46 55 44 51 19 24 28 14 41 27 221 23 37
internal_value=0.0076008 0.00393674 0.000347618 0.00890958 -0.00584588 -0.0124233 0.014514 -0.0196622 -0.024213 0.0172293 0.00627493 -0.029777 0.00235094 -0.00598163
internal_weight=220.153 175.816 142.476 58.8831 83.5934 54.1072 48.7692 38.6222 33.1633 33.3393 29.4862 26.6727 24.3214 13.4141
internal_count=760 675 588 183 405 327 139 282 263 87 78 235 84 60
is_linear=0
shrinkage=0.03


Tree=79
num_leaves=15
num_cat=0
split_feature=0 25 29 12 11 20 11 18 6 20 29 27 8 25
split_gain=9.00822 7.03219 8.01194 11.5521 7.8279 12.3452 6.61482 5.28574 5.15691 6.86257 5.59822 8.64812 7.05803 2.5726
threshold=-1.7491278648376463 -1.2152553200721739 -0.057339081540703767 1.6023054718971255 1.0403763055801394 -0.67124474048614491 0.60502856969833385 0.45375992357730871 0.23818477243185046 1.2629008293151858 0.30754597485065466 -0.059669708833098405 1.2473095059394839 0.26525090634822851
decision_type=2 2 2 2 2 2 2 2 2 2 2 2 2 2
left_child=-1 -2 7 4 5 -4 8 -3 10 13 11 12 -7 -10
right_child=1 2 3 -5 -6 6 -8 -9 9 -11 -12 -13 -14 -15
leaf_value=-0.01359109141890453 0.022623472884842677 0.01953962573996634 -0.020063275207752054 -0.022323174209585739 0.022854592838273138 -0.019978296399960314 -0.012712932677796019 -0.0021570235463671396 -0.02411253370262045 0.014119041239394925 0.024439933506837205 0.019780977973247526 0.013737857208649971 0.00054970326161442957
leaf_weight=11.34631019644439 29.787285067141056 50.018167443573475 13.901550471782683 10.036423511803148 14.809432059526442 11.101291799917808 9.1219566911458951 11.239980705082415 5.4825435299426335 7.8889604061841956 22.548388481140137 11.686935983598239 4.3253222182393083 5.635254479944706
leaf_count=60 57 114 87 39 25 156 32 33 38 15 43 25 8 24
internal_value=0.00852066 0.0100205 0.00734799 0.00249453 0.00572944 0.00192472 0.00682845 0.0156962 0.010111 -0.00270485 0.0148147 0.00425109 -0.00947619 -0.0153194
internal_weight=218.93 207.583 177.796 116.538 106.502 91.6922 77.7907 61.2581 68.6687 19.0068 49.6619 27.1136 15.4266 11.1178
internal_count=756 696 639 492 453 428 341 147 309 77 232 189 164 62
is_linear=0
shrinkage=0.03


Tree=80
num_leaves=15
num_cat=0
split_feature=9 61 30 9 12 25 28 27 28 7 16 23 5 11
split_gain=11.5857 9.26922 8.89731 9.47307 7.73204 6.23657 6.55215 12.8118 13.0509 5.85729 5.20144 5.11265 6.27376 3.6002
threshold=0.3055375218391419 1.0000000180025095e-35 0.66655397415161144 0.92822283506393444 1.6023054718971255 -0.62305282056331623 -1.3518121838569639 -0.075719472020864473 0.28283625841140753 0.10905102640390398 -0.16423119604587552 0.18229994177818301 -0.06717756018042563 0.51582035422325145
decision_type=2 2 2 2 2 2 2 2 2 2 2 2 2 2
left_child=1 10 3 -2 5 -3 -7 8 -8 -5 -1 12 -10 -12
right_child=2 4 -4 9 -6 6 7 -9 11 -11 13 -13 -14 -15
leaf_value=0.0088529764331421925 -0.03254968330497366 0.022088195547970424 0.010204762420278917 0.011807814459273215 -0.0082180043149301819 -0.012595633929275629 -0.021879539196022601 0.024419535599885724 0.024124268717442325 -0.016500789402519384 -0.02237956489378292 -0.0059695188631088327 -0.0027755925907933282 0.0040383544801699863
leaf_weight=7.7687487825751331 12.482417322695257 42.437896508723497 11.717469248920677 10.011204257607462 13.955709531903265 8.3571189939975721 11.645107408985494 30.388598255813122 17.966034062206745 6.7181477993726721 12.198953358456494 11.390441559255121 10.390669345855715 4.5140718370676032
leaf_count=20 73 82 30 39 41 30 130 58 43 39 99 39 41 12
internal_value=0.00456001 0.00797564 -0.00902603 -0.0171039 0.0108048 0.0130331 0.00783307 0.0105261 0.00087406 -0.000741355 -0.0079182 0.00924031 0.0153289 -0.0159574
internal_weight=211.943 171.013 40.9292 29.2118 146.532 132.576 90.138 81.7809 51.3923 16.7294 24.4818 39.7471 28.3567 16.713
internal_count=776 595 181 151 464 423 341 311 253 78 131 123 84 111
is_linear=0
shrinkage=0.03


Tree=81
num_leaves=14
num_cat=0
split_feature=2 25 9 29 29 21 16 3 12 8 4 11 14
split_gain=11.3172 11.434 9.81184 10.6246 9.67765 11.0455 8.15077 8.79672 7.08065 5.57053 7.97017 5.33837 5.17325
threshold=-0.98521101474761952 -0.62305282056331623 -0.2368013113737106 -1.5168793201446531 0.72455748915672313 0.06867123302072288 -0.6950973868370055 0.11917744576931001 -1.0000000180025095e-35 -0.070991132408380495 0.59577149152755748 1.3617219328880312 0.15498968958854678
decision_type=2 2 2 2 2 2 2 2 2 2 2 2 2
left_child=12 9 6 -4 5 11 -3 8 -8 -2 -11 -5 -1
right_child=1 2 3 4 -6 -7 7 -9 -10 10 -12 -13 -14
leaf_value=0.0028133054491182182 0.020056454636379232 0.022108566664922821 0.013287713521023819 -0.033120466874323358 0.0054860361979751499 0.0058774278874547774 -0.027271433504281847 0.012686916155707608 0.0023559295219102009 -0.013111963433174025 0.015798026569477232 0.0026840985176317289 0.024746208932936008
leaf_weight=14.975642316043375 34.026549581438303 14.688688747584818 10.119802072644232 28.41069429367781 12.780286617577074 8.2914020344614965 9.2777553386986256 17.651436433196068 13.299091033637524 12.305881105363371 12.069058801978825 3.4165533110499373 32.279896721243858
leaf_count=41 74 33 26 280 35 26 57 41 40 40 27 9 56
internal_value=0.00644463 0.00272676 -0.00269258 -0.0104003 -0.0156881 -0.0222938 0.00628206 -0.00130199 -0.0125563 0.0130198 0.0014551 -0.0294344 0.0187298
internal_weight=223.593 176.337 117.936 63.0187 52.8989 40.1186 54.917 40.2283 22.5768 58.4015 24.3749 31.8272 47.2555
internal_count=785 688 547 376 350 315 171 138 97 141 67 289 97
is_linear=0
shrinkage=0.03


Tree=82
num_leaves=15
num_cat=0
split_feature=5 17 68 9 53 16 2 9 24 0 20 20 18 8
split_gain=10.9019 11.5827 10.5963 6.45043 7.3984 5.69806 8.53436 6.75753 6.03471 7.10317 4.70359 3.86449 3.41673 2.78852
threshold=-1.1638368368148801 0.38037602603435522 1.0000000180025095e-35 -1.1406993269920347 1.0000000180025095e-35 -0.61374208331108082 1.020727872848511 -0.25688792765140528 -0.91698095202445973 1.0938091874122622 0.98998460173606884 -0.14914409816265103 -0.21775482594966886 -0.46940159797668451
decision_type=2 2 2 2 2 2 2 2 2 2 2 2 2 2
left_child=-1 2 -2 -4 5 7 8 -5 -7 10 13 -9 -6 -10
right_child=1 -3 3 4 12 6 -8 11 9 -11 -12 -13 -14 -15
leaf_value=0.019651589449609687 0.017540387535492544 0.016694862603513803 0.012310048527255119 0.013369058326232131 0.017297569214177091 0.0017006763206845197 0.012637094060268443 -0.021350069596017911 -0.011722467903958377 0.0045882489574725471 0.0012950928240784529 0.0033642238863081861 -0.0041804980316515333 -0.035274420231524564
leaf_weight=33.094266088679433 16.769492300227284 32.721891015768051 12.490957811474798 13.61870811879635 9.7603395693004149 10.217871479690073 5.385965706780552 8.3556247577071208 13.444277055561534 6.1036495734006158 4.5203625261783591 7.870698630809783 9.2859860584139806 25.945549413561828
leaf_count=75 45 66 31 35 23 29 23 47 79 25 13 21 42 212
internal_value=0.00508332 0.00188546 -0.00193297 -0.00507131 -0.00740301 -0.0107535 -0.0153983 0.000202927 -0.0186817 -0.022622 -0.0264867 -0.0113936 0.00813411 -0.0294617
internal_weight=209.586 176.491 143.769 127 114.509 95.4627 65.6177 29.845 60.2317 50.0138 43.9102 16.2263 19.0463 39.3898
internal_count=766 691 625 580 549 484 381 103 358 329 304 68 65 291
is_linear=0
shrinkage=0.03


Tree=83
num_leaves=15
num_cat=0
split_feature=17 6 2 29 18 12 19 24 16 25 19 4 13 1
split_gain=12.6901 8.22041 5.37348 9.28314 10.4104 7.72882 6.36528 6.77746 6.22751 3.40652 3.29554 3.16957 2.85609 4.09862
threshold=-0.38846583664417261 -0.57459124922752369 1.0000000180025095e-35 -0.94348853826522816 1.3260983824729922 1.1512047648429873 -1.2334050536155698 -0.56269074976444233 -0.16423119604587552 -0.32695157825946802 0.28258453309535986 -0.098356422036886201 1.4393278360366824 0.87334778904914867
decision_type=2 2 2 2 2 2 2 2 2 2 2 2 2 2
left_child=1 -1 5 -4 6 10 -5 -8 -9 -3 11 -2 13 -10
right_child=2 9 3 4 -6 -7 7 8 12 -11 -12 -13 -14 -15
leaf_value=0.010010229685118444 -0.0018701336157568335 -0.0012630382973332227 0.019950065313731731 0.013232800811398918 0.020681959223114572 -0.0034154633523517655 0.00509415832716091 0.0019687940831194638 -0.032214721106746849 -0.027023541828077476 0.024614985685051889 0.015736068919341328 0.00047063490479303346 0.00075894220662204161
leaf_weight=9.4112538807094115 12.350012134760616 7.1313456371426627 23.283621609210968 8.7813115715980512 11.945780262351034 14.507457643747328 16.470840658992529 10.92182713747024 16.951548358425509 11.472275428473946 45.178819477558136 22.600842958316207 3.6492047011852256 3.7450517285615197
leaf_count=31 36 28 48 24 24 39 45 34 202 88 79 57 11 24
internal_value=0.00803742 -0.00957755 0.0108082 0.00537339 -0.000295557 0.0157613 -0.00569854 -0.00979464 -0.0165172 -0.0195081 0.0192299 0.0100594 -0.0237327 -0.0272614
internal_weight=218.401 28.0149 190.386 95.7492 72.4656 94.6371 60.5198 51.7385 35.2676 18.6036 80.1297 34.9509 24.3458 20.6966
internal_count=770 147 623 412 364 211 340 316 271 116 172 93 237 226
is_linear=0
shrinkage=0.03


Tree=84
num_leaves=15
num_cat=0
split_feature=8 2 53 20 30 11 6 5 11 12 25 18 3 5
split_gain=7.50498 9.36019 9.65514 7.31301 8.85236 9.36236 6.44597 7.70621 7.72871 6.35611 4.88663 4.72797 4.64821 2.26398
threshold=-1.4977594614028928 -0.98521101474761952 1.0000000180025095e-35 0.70520243048667919 2.9112368822097783 1.085252642631531 1.4942932128906252 -1.2954359650611875 -1.5382263064384458 0.69430547952651989 -0.62305282056331623 -0.23089124262332913 -1.0000000180025095e-35 0.064421555027365698
decision_type=2 2 2 2 2 2 2 2 2 2 2 2 2 2
left_child=-1 -2 3 4 5 6 7 -3 -9 -5 -10 -4 -12 -14
right_child=1 2 11 9 -6 -7 -8 8 10 -11 12 -13 13 -15
leaf_value=0.029733331868826245 0.017779890492765137 0.009821088572257046 0.025398348471965544 0.016394031366858394 0.020092065303118817 0.010236469171120645 0.0075887474594176652 0.01010411758185902 -0.0052408282591946279 -0.0068467752829960227 -0.033824236233985297 0.0015062612794534496 -0.016539708391362689 0.0034611356020501573
leaf_weight=8.3823209777474386 43.120664991438389 6.4764303937554351 16.729357048869137 27.689238235354424 6.5145772546529761 16.664278201758862 9.5862319227308017 4.6572483144700447 14.954570844769469 12.290184050798414 26.352007888257496 12.361035594716666 6.3492271546274619 6.6518094949424267
leaf_count=15 91 21 31 57 10 39 29 19 51 35 254 48 34 26
internal_value=0.0076447 0.00609491 0.00265413 -0.000843635 -0.00521599 -0.00796008 -0.0123887 -0.0156461 -0.0189923 0.00928261 -0.022129 0.0169561 -0.0272325 -0.00818755
internal_weight=218.779 210.397 167.276 138.186 98.2064 91.6918 75.0275 65.4413 58.9649 39.9794 54.3076 29.0904 39.353 13.001
internal_count=760 745 654 575 483 473 434 405 384 92 365 79 314 60
is_linear=0
shrinkage=0.03


Tree=85
num_leaves=15
num_cat=0
split_feature=5 0 5 25 28 22 12 3 27 7 7 28 8 14
split_gain=11.2645 7.70106 6.7952 8.33482 12.7879 6.45355 9.80823 7.04788 9.80014 6.60835 5.50838 6.5967 4.42278 7.3357
threshold=1.512011766433716 -1.7491278648376463 -1.2515696287155149 -0.62305282056331623 -0.97720524668693531 0.064371716231107726 1.0215593576431277 0.11917744576931001 -0.043699009343981736 0.89441078901290905 0.27114927768707281 -0.87503972649574269 -0.44854241609573359 1.0000000180025095e-35
decision_type=2 2 2 2 2 2 2 2 2 2 2 2 2 2
left_child=1 -1 -3 10 -5 6 7 8 9 -6 11 -4 -7 -14
right_child=-2 2 3 4 5 12 -8 -9 -10 -11 -12 -13 13 -15
leaf_value=-0.013116090756945973 -0.018370333875542131 0.022003636371058836 0.016946925359578615 -0.02524094937759443 -0.024882814479312329 0.023070951040421228 -0.021457531490407349 0.01487578417919159 0.015791058830711257 0.010731414265433878 0.023845600556401531 -0.009250666086107159 -0.010779062617637097 0.016731007971410472
leaf_weight=10.682871289551256 11.323828492313622 27.237983908504248 12.167975887656214 9.1452938914298993 13.791983509436248 17.673680357635021 11.496541447937487 25.024428132921457 7.9733282774686876 3.0986803993582717 28.141076803207397 12.884779516607521 12.203286627307536 13.048294164240358
leaf_count=58 63 57 24 45 172 43 45 65 21 8 51 47 59 27
internal_value=0.00597109 0.00772463 0.00917379 0.00649695 0.00168359 0.00509075 -0.00125273 0.00493387 -0.00588751 -0.0173904 0.0157365 0.00417593 0.0133465 0.00385206
internal_weight=215.894 204.57 193.887 166.649 113.456 104.31 61.385 49.8884 24.864 16.8907 53.1938 25.0528 42.9253 25.2516
internal_count=785 722 664 607 485 440 311 266 201 180 122 71 129 86
is_linear=0
shrinkage=0.03


Tree=86
num_leaves=15
num_cat=0
split_feature=0 5 17 53 13 10 6 20 13 37 18 29 18 20
split_gain=7.40057 7.80475 8.54001 8.30789 10.8334 11.0902 7.46868 6.92422 6.39381 5.26374 8.37424 4.30537 4.12675 3.51012
threshold=-1.7491278648376463 -1.2954359650611875 0.39207018911838537 1.0000000180025095e-35 -0.25385545939207071 -0.23147577792406079 1.0000000180025095e-35 1.2629008293151858 0.8422650694847108 1.0000000180025095e-35 -0.036948652938008301 0.25541954487562185 -0.21775482594966886 -0.36866368353366846
decision_type=2 2 2 2 2 2 2 2 2 2 2 2 2 2
left_child=-1 -2 3 4 6 9 -3 8 11 -6 13 -7 -5 -11
right_child=1 2 -4 12 5 7 -8 -9 -10 10 -12 -13 -14 -15
leaf_value=-0.014800780940282685 0.020062849943462618 0.023249212273511961 0.016643872279479978 0.023292178447989378 0.012063992362827762 -0.032059613867841015 -0.0055075591883845349 0.0070586315606856655 0.0027537765808092313 -0.00095729393611859628 0.012667666575960192 0.0012891745531122256 -0.00072370444123571532 -0.029289940632479295
leaf_weight=11.620675221085547 26.034646106883883 14.461762219667436 29.778044387698174 12.778925292193891 19.379178151488304 26.117267433553938 11.247247897088526 5.6303134411573401 6.0979207009077063 6.4518340453505525 7.7993262633681288 3.4988071098923674 9.636972686275838 6.715577870607377
leaf_count=63 55 32 61 24 47 259 41 13 17 26 18 12 38 34
internal_value=0.00466294 0.00623766 0.00344138 -9.20741e-05 -0.00370047 -0.00898507 0.0118202 -0.0190111 -0.0234831 0.00225239 -0.00739306 -0.0285027 0.0147184 -0.0194916
internal_weight=197.248 185.628 159.593 129.815 107.399 81.6902 25.709 41.3443 35.714 40.3459 20.9667 29.6161 22.4159 13.1674
internal_count=740 677 622 561 499 426 73 301 288 125 78 271 62 60
is_linear=0
shrinkage=0.03


Tree=87
num_leaves=15
num_cat=0
split_feature=17 9 24 24 9 19 20 22 4 66 11 26 18 20
split_gain=8.3176 8.02282 7.36444 9.13958 8.22733 8.51576 7.43902 6.94082 6.12863 5.93396 5.76976 5.09661 3.8673 3.16945
threshold=0.30867289006710058 -1.0000930130481718 -1.8027065396308897 -0.20840055495500562 -0.035935074090957635 0.38651748001575476 0.32549284398555761 0.35087133944034582 0.099965844303369536 1.0000000180025095e-35 -0.47867554426193232 0.10810814052820207 2.1284536123275761 -0.62378105521202076
decision_type=2 2 2 2 2 2 2 2 2 2 2 2 2 2
left_child=1 -1 -3 7 5 8 10 9 12 -4 -6 -10 -5 -12
right_child=-2 2 3 4 6 -7 -8 -9 11 -11 13 -13 -14 -15
leaf_value=0.016021949770433381 0.016098811098181034 0.019542446418031555 -0.0013144458802669329 -0.028374649577998508 -0.012653106790445229 0.010682042642460041 0.027590596589599392 0.0011618732798894069 -0.011524546550183335 -0.030831408710007883 0.019682050362248148 0.01608905582551939 0.0028849306751844374 -0.0027527720914503019
leaf_weight=26.162610419094563 46.953001379966736 9.5287102460861188 9.256099611520769 14.598169956356289 10.039583671838047 15.508516460657118 12.204388126730917 17.779457084834576 8.2050771657377464 16.294202413409948 9.6305226050317305 6.0811391510069361 3.299277812242507 7.4756225869059554
leaf_count=62 97 17 32 160 64 34 19 51 82 75 30 14 10 40
internal_value=0.00560424 0.00225317 -0.000785715 -0.0029384 0.00272728 -0.00544622 0.0121307 -0.0134245 -0.0136094 -0.0221035 0.00196974 0.00135343 -0.0232405 0.0114727
internal_weight=213.016 166.063 139.901 130.372 87.0423 47.6922 39.3501 43.3298 32.1837 25.5503 27.1457 14.2862 17.8974 17.1061
internal_count=787 690 628 611 453 300 153 158 266 107 134 96 170 70
is_linear=0
shrinkage=0.03


Tree=88
num_leaves=15
num_cat=0
split_feature=2 29 17 14 1 30 11 14 14 11 24 4 9 8
split_gain=8.97042 6.78827 7.49635 9.8851 8.16361 7.14887 5.18958 4.76304 6.00094 4.70094 2.83564 2.45729 2.01497 1.64818
threshold=-1.1675691008567808 -1.2562471628189085 0.38037602603435522 0.15498968958854678 1.7022439241409304 1.3315205574035647 -0.83079570531845082 1.0000000180025095e-35 -0.27143290638923639 0.51582035422325145 -0.38554565608501429 0.050385277718305595 -0.2368013113737106 -0.92413187026977528
decision_type=2 2 2 2 2 2 2 2 2 2 2 2 2 2
left_child=-1 -2 3 4 6 -5 11 8 10 13 -8 -3 -12 -10
right_child=1 2 -4 5 -6 -7 7 -9 9 -11 12 -13 -14 -15
leaf_value=0.018928252558226319 0.014475119116845264 -0.019490379772339576 0.012553153744033796 -0.026295467790100016 -0.020815877796883157 0.0017145912859969574 -0.0022621845065608206 0.024217940874593915 0.0024040813443629203 0.0066601879476000918 0.0020012709483385321 0.0037310512170683459 0.019823852598934263 -0.022955791074270305
leaf_weight=32.83032551407814 29.914867930114269 5.4366653338074666 27.039299249649048 19.149665936827663 7.4783609006553879 11.538309097290037 10.173741728067396 9.1605217158794385 1.7337952479720069 7.6939677745103827 9.2777685970067996 4.5160005055367947 17.607937339693301 8.021065399050725
leaf_count=68 73 47 57 81 45 28 33 16 12 23 35 22 55 151
internal_value=0.0056954 0.00265019 -0.000312508 -0.00382866 0.00185284 -0.0169993 0.00533286 0.008551 0.00410444 -0.0088279 0.010519 -0.0112294 0.0149518 -0.0191612
internal_weight=201.572 168.742 138.827 111.788 81.0998 30.688 73.6215 63.6688 54.5083 17.4488 37.0594 9.95267 26.8857 9.75486
internal_count=746 678 605 548 439 109 394 325 309 186 123 69 90 163
is_linear=0
shrinkage=0.03


Tree=89
num_leaves=15
num_cat=0
split_feature=7 7 11 22 9 52 28 12 9 39 7 11 12 21
split_gain=6.15654 6.95926 5.55848 8.44217 8.11707 5.59153 6.23148 7.02975 6.40541 6.69953 6.37577 4.55786 4.39098 3.04692
threshold=-1.0997747182846067 -0.85851219296455372 -0.53274267911911 -0.30126412212848658 0.16493116319179538 1.0000000180025095e-35 -1.5561432242393491 1.6023054718971255 -0.37740768492221827 1.0000000180025095e-35 0.4106291681528092 0.35644546151161199 -0.49487546086311335 -0.65217328071594227
decision_type=2 2 2 2 2 2 2 2 2 2 2 2 2 2
left_child=-1 -2 3 -3 -5 -4 -7 8 11 -10 12 -8 -11 -14
right_child=1 2 5 4 -6 6 7 -9 9 10 -12 -13 13 -15
leaf_value=0.024450761848594217 -0.013241136629976023 -0.01910984881546204 0.021784410479992342 0.015451316224273903 -0.012116648686940923 -0.012935018699473857 0.0062484705640524548 -0.0095231920872630854 0.017799808385395188 0.0095057079266755613 0.0089383534765864487 0.028160943132580704 0.003937788912091492 -0.022169085070176058
leaf_weight=13.066518466919659 11.648756142705677 12.209657061845062 25.27346022054553 22.363804157823324 10.367447096854447 8.8126554414629918 17.787333577871316 12.747799605131148 17.429595028981566 3.5402887687087015 19.673196472227573 21.933731630444527 3.3520762324333235 14.960819257423292
leaf_count=30 57 62 61 65 58 30 51 41 44 8 50 35 10 167
internal_value=0.00741724 0.00575224 0.00722296 -0.00184757 0.00627079 0.00999269 0.00674335 0.00878839 0.0114992 0.00455528 -0.00231922 0.0201441 -0.0122311 -0.0175707
internal_weight=215.167 202.101 190.452 44.9409 32.7313 145.511 120.237 111.425 98.677 58.956 41.5264 39.7211 21.8532 18.3129
internal_count=769 739 682 185 123 497 436 406 365 279 235 86 185 177
is_linear=0
shrinkage=0.03


Tree=90
num_leaves=15
num_cat=0
split_feature=8 24 14 15 29 29 22 12 66 29 12 28 21 14
split_gain=7.1699 9.08595 8.64974 6.92954 5.63526 7.89329 7.42521 6.67488 6.4338 5.59831 6.44373 5.47557 3.72997 3.19922
threshold=-0.17320114374160764 0.50017988681793224 0.98683875799179088 1.0000000180025095e-35 1.5585805177688601 -1.3083735704421995 -0.073290538042783723 1.0215593576431277 1.0000000180025095e-35 0.30754597485065466 -1.0000000180025095e-35 -0.9090948998928069 0.45187777280807501 0.28645075112581259
decision_type=2 2 2 2 2 2 2 2 2 2 2 2 2 2
left_child=1 -1 3 4 5 -2 7 8 -7 10 -10 -3 13 -8
right_child=2 11 -4 -5 -6 6 12 -9 9 -11 -12 -13 -14 -15
leaf_value=0.016231227799143898 0.01384107531753747 0.0097852074343551219 0.01418281357051508 -0.023031678070690186 0.01580063178813941 0.019857659515269143 -0.033007292247264904 -0.019942673918010842 -0.025758954671164781 0.013728790250133448 0.0051295683727778643 -0.02178003474076964 -0.0012122419948820712 -0.0029939323207360201
leaf_weight=66.196575805544853 14.251207485795019 4.7651504203677177 27.806713163852692 9.0993453711271268 11.247292473912237 12.217706156894563 10.837881283834589 6.6315164119005194 8.0415279716253245 6.6949728429317465 8.8056497015058994 6.5885809250175935 7.9390814602375022 5.3574229851365081
leaf_count=187 33 14 61 36 23 38 72 27 134 15 27 57 22 16
internal_value=0.00519393 0.0120988 0.000744066 -0.0034454 -0.000421615 -0.00346975 -0.00788641 0.000113492 0.00582294 -0.0036634 -0.0121352 -0.00959082 -0.019546 -0.0261272
internal_weight=206.481 77.5503 128.93 101.124 92.0243 80.777 66.5258 42.3914 35.7599 23.5422 16.8472 11.3537 24.1344 16.1953
internal_count=762 258 504 443 407 384 351 241 214 176 161 71 110 88
is_linear=0
shrinkage=0.03


Tree=91
num_leaves=15
num_cat=0
split_feature=25 24 6 2 4 19 19 4 7 0 28 5 9 7
split_gain=10.3814 13.7232 12.6139 8.1672 8.49211 7.32382 10.616 7.05355 5.13417 4.53339 7.03828 3.74064 1.5432 1.39392
threshold=-0.62305282056331623 0.50017988681793224 -0.79625746607780445 -1.5322852730751035 1.1411577463150027 -1.4333746433258054 0.50146746635437023 -0.19751755893230435 -0.96657770872116078 1.0938091874122622 -1.045315623283386 0.37148615717887884 -0.35732105374336237 0.30758997797966009
decision_type=2 2 2 2 2 2 2 2 2 2 2 2 2 2
left_child=9 2 12 -4 5 -5 8 -8 -7 10 -1 -12 -2 -3
right_child=1 13 3 4 -6 6 7 -9 -10 -11 11 -13 -14 -15
leaf_value=0.015672648276469098 0.022657789430843383 -0.029280860462601668 0.015599252705112976 0.010555475857277213 0.01100203412115369 0.0029295734496642212 0.013267330658526803 -0.014648238815402351 -0.031005226716641902 0.024592918409915458 -0.012200098000712442 0.0076904359367081961 0.0070083579088541671 -0.0041498349968736364
leaf_weight=28.367224872112274 14.478890791535379 11.278297845274208 10.468312740325926 6.9081505313515583 12.510870844125746 3.6613433435559228 11.514830261468889 11.083584025502203 26.621353044174626 13.956590645015238 15.860675740987064 10.012554634362457 17.356265351176262 4.3880684375762931
leaf_count=59 27 87 21 22 41 17 25 36 253 24 56 25 52 19
internal_value=0.00255881 -0.00243564 0.00155625 -0.00469299 -0.00845005 -0.0130553 -0.0167851 -0.000597443 -0.0270686 0.0116139 0.00648043 -0.00450388 0.0162353 -0.0249488
internal_weight=198.467 130.27 114.604 82.7684 72.3001 59.7893 52.8811 22.5984 30.2827 68.197 54.2405 25.8732 31.8352 15.6664
internal_count=764 600 494 415 394 353 331 61 270 164 140 81 79 106
is_linear=0
shrinkage=0.03


Tree=92
num_leaves=15
num_cat=0
split_feature=7 25 9 29 12 27 30 16 2 29 13 1 23 19
split_gain=10.5582 7.67779 11.0825 11.7668 9.45862 7.3643 7.26513 6.88962 6.41506 4.9493 6.61816 3.60386 3.31167 4.39732
threshold=-1.1098272800445554 -0.62305282056331623 -0.19662806391716001 -0.057339081540703767 0.2355000972747803 -0.85392460227012623 -0.69121086597442616 1.0575990080833437 -1.7146433591842649 0.30754597485065466 0.066417468711733832 0.16286537796258929 1.0000000180025095e-35 0.44931271672248846
decision_type=2 2 2 2 2 2 2 2 2 2 2 2 2 2
left_child=-1 7 4 11 9 -5 -7 12 -8 10 -3 -4 13 -2
right_child=1 2 3 5 -6 6 8 -9 -10 -11 -12 -13 -14 -15
leaf_value=0.026635724210361436 0.014566332348270591 -0.020204180987046044 -0.004528102028926965 0.0083431452846621929 0.017713131202105242 0.00083215910489055768 0.0040183286132653706 -0.0055478061503062689 -0.034075363254159517 0.011305729789501135 0.0095196835219346736 0.016103318356599599 0.022451281939232834 -0.0083630286121536349
leaf_weight=14.152142271399496 13.038283806294205 15.399599269032484 11.036984398961069 5.5033094678074113 32.105469137430191 8.8371642101556009 3.4715827852487555 14.513759493827818 24.023562240414329 8.3145864158868772 6.4830948561429969 11.377664245665072 27.488199882209301 8.6651288866996747
leaf_count=31 35 84 39 21 69 44 8 42 246 20 16 27 53 25
internal_value=0.00534836 0.00312341 -0.00121427 -0.00959829 0.00750257 -0.0182724 -0.0228255 0.0112016 -0.0293874 -0.00432734 -0.0112653 0.00697137 0.0161994 0.00555996
internal_weight=204.411 190.258 126.553 64.2503 62.3027 41.8356 36.3323 63.7054 27.4951 30.1973 21.8827 22.4146 49.1916 21.7034
internal_count=760 729 574 385 189 319 298 155 254 120 100 66 113 60
is_linear=0
shrinkage=0.03


Tree=93
num_leaves=15
num_cat=0
split_feature=22 29 4 5 18 20 18 27 38 18 26 13 20 20
split_gain=10.0312 9.25456 9.93326 9.10932 5.69796 9.37805 5.63644 4.77483 9.22793 6.19852 4.37928 3.88348 2.91532 2.59178
threshold=-0.38951960206031794 -0.057339081540703767 0.59577149152755748 -1.2515696287155149 1.2787212729454043 0.70520243048667919 -0.48720411956310267 -0.48687209188938135 -1.0000000180025095e-35 0.028042914345860485 1.6665938496589663 0.066417468711733832 0.79419684410095226 -0.38646256923675532
decision_type=2 2 2 2 2 2 2 2 2 2 2 2 2 2
left_child=4 13 3 -3 5 11 -4 9 10 -5 -9 -1 -10 -2
right_child=1 2 6 7 -6 -7 -8 8 12 -11 -12 -13 -14 -15
leaf_value=-0.028738442723914903 0.0063053803075979022 0.014271835585026307 -0.0045562109219385366 -0.011387893607488903 0.0082510985138228715 0.0059038620929019276 0.019130048577373285 -0.035667412909832323 -0.0094913105237843052 0.018513136422581514 0.0005883319522542056 -0.00081603186474984914 0.0092359267494985867 0.021349075646975964
leaf_weight=17.659268042072657 21.832354672253132 12.004501312971113 10.270074365660546 8.9058082550764066 11.112116962671278 12.884160682559012 27.251292072236538 13.259809290058909 11.823003082536166 6.4191222451627246 3.3956560939550391 5.9607376903295508 8.544831305742262 33.508256055414677
leaf_count=107 64 27 35 64 29 30 90 141 59 14 9 20 19 67
internal_value=0.00348808 0.00711105 0.00151779 -0.00555397 -0.00801288 -0.0133613 0.0128734 -0.0109483 -0.0162032 0.00260989 -0.0298465 -0.0230656 -0.00136288 0.0164285
internal_weight=204.831 157.215 101.874 64.3527 47.6163 36.5042 37.5214 52.3482 37.0233 15.3249 16.6555 23.62 20.3678 55.3406
internal_count=775 589 458 333 186 157 125 306 228 78 150 127 78 131
is_linear=0
shrinkage=0.03


Tree=94
num_leaves=15
num_cat=0
split_feature=5 31 17 22 8 11 28 8 10 27 14 6 40 22
split_gain=7.15875 9.59511 6.44428 8.75508 10.1003 4.78938 4.75952 5.34691 9.02833 7.90127 5.89693 4.12282 3.85922 3.71446
threshold=-1.2954359650611875 1.1107677668333056 0.38037602603435522 -0.30126412212848658 0.50680834054946911 -0.47867554426193232 -0.46637761592864985 -0.17320114374160764 0.36197219789028173 -0.075719472020864473 0.41321270167827612 0.23818477243185046 1.0000000180025095e-35 0.060591403394937522
decision_type=2 2 2 2 2 2 2 2 2 2 2 2 2 2
left_child=-1 2 3 4 -2 -3 -5 13 9 10 12 -7 -9 -8
right_child=1 5 -4 6 -6 11 7 8 -10 -11 -12 -13 -14 -15
leaf_value=0.019013615397496211 -0.024794454758424987 -0.02343673686745654 0.018411907718973337 -0.0068298211881989762 0.0085815553230842844 -0.012787075684712735 0.00090565356483299578 -0.030270057774369238 0.019607957277893977 0.013343083912211357 0.004497752578088334 0.0087276580436534638 0.00015004089787266949 0.022944877174929927
leaf_weight=26.127908889204264 14.036214246414604 10.212772764265535 27.639485910534859 14.585188657045363 10.842807054519652 9.7855585049837845 9.3585163801908475 10.704774118959902 13.791993234306572 9.2302556708455104 8.4702690839767438 12.582494374364613 4.867557128891348 26.376846164464951
leaf_count=57 84 60 56 50 28 41 54 147 41 19 21 32 20 61
internal_value=0.005659 0.00329082 0.00651454 0.00320727 -0.0112466 -0.0104348 0.0072687 0.00999966 0.00278557 -0.00583814 -0.0142314 -0.00130115 -0.023036 0.0179928
internal_weight=208.613 182.485 149.904 122.264 24.879 32.5808 97.3854 82.8002 47.0648 33.2729 24.0426 22.3681 15.5723 35.7354
internal_count=771 714 581 525 112 133 413 363 248 207 188 73 167 115
is_linear=0
shrinkage=0.03


Tree=95
num_leaves=15
num_cat=0
split_feature=30 30 5 15 9 14 28 19 22 20 8 5 0 9
split_gain=7.42309 12.9936 9.66277 9.45228 8.51609 7.3683 6.44626 5.65245 4.27503 8.87495 4.19484 2.97778 2.87367 5.41134
threshold=-0.31242194771766657 -0.16361115127801892 0.76628351211547863 -0.1107279136776924 -0.6987936496734618 0.98683875799179088 1.0320501327514651 0.045182067900896079 0.73072421550750744 0.67553758621215831 -0.17320114374160764 -1.1638368368148801 0.32118908315896993 -0.43766753375530237
decision_type=2 2 2 2 2 2 2 2 2 2 2 2 2 2
left_child=2 11 6 4 -3 -5 12 10 9 -9 -6 -2 13 -1
right_child=1 3 -4 5 7 -7 -8 8 -10 -11 -12 -13 -14 -15
leaf_value=0.0066376306859272233 0.0034736509745024796 0.022118483106420502 -0.011810644151981778 -0.025423595032110769 0.0035542317083770295 0.0049311674043444409 -0.0048299312499808433 -0.015195040646931945 0.019007244597231944 0.013707547368846912 -0.022171415111171166 -0.026248378875057383 0.0048667880476003624 0.028432818784631136
leaf_weight=18.871112663298838 2.3913702908903351 26.208155900239944 9.4239902645349485 9.71528058499098 8.4409156888723356 11.454165890812872 9.8099592514336091 12.641576988622548 14.01071911305189 15.884310409426687 7.289711967110633 11.940480321645735 14.306080993264912 35.032153293490417
leaf_count=57 11 53 51 39 30 27 53 57 33 33 34 161 44 88
internal_value=0.00603475 0.00106545 0.0124265 0.00499021 0.00944526 -0.0111954 0.0158891 0.00244742 0.00798436 0.000543109 -0.0108394 -0.0216733 0.0189953 0.0220136
internal_weight=207.42 119.977 87.4433 105.645 84.4754 21.1694 78.0193 58.2672 42.5366 28.5259 15.7306 14.3319 68.2093 53.9033
internal_count=771 478 293 306 240 66 242 187 123 90 64 172 189 145
is_linear=0
shrinkage=0.03


Tree=96
num_leaves=15
num_cat=0
split_feature=7 2 10 7 9 3 18 14 26 17 24 39 9 30
split_gain=6.44202 6.59687 7.17238 11.6234 9.9471 8.8491 8.04059 6.91739 6.59229 5.5747 3.78255 2.87948 2.84129 1.45363
threshold=-1.0997747182846067 -0.98521101474761952 1.0000000180025095e-35 0.39303712546825414 0.92822283506393444 -0.44037659466266627 -0.6301743984222411 0.28645075112581259 -0.57133942842483509 -0.051981380209326737 -0.38554565608501429 1.0000000180025095e-35 -0.51801404356956471 -0.18790809065103528
decision_type=2 2 2 2 2 2 2 2 2 2 2 2 2 2
left_child=-1 7 5 4 6 9 -4 -2 -7 11 -10 -3 -8 -5
right_child=1 2 3 13 -6 8 12 -9 10 -11 -12 -13 -14 -15
leaf_value=0.022764114676684436 -0.0029837682964026224 -5.7341263130903648e-05 0.0022144008070600326 0.015890820419659706 0.010581600880740855 -0.0036567387792845415 -0.0096408266357165453 0.021613107379184159 0.0073361340230188674 0.0093473994774430705 0.02651740578721672 -0.02312826909748698 -0.034258037711731255 0.0013018593997328612
leaf_weight=13.407807461917399 13.528266087174414 7.2922672480344799 10.304034389555449 11.765695966780187 8.8632842190563661 14.611834507435558 11.762119784951205 27.112222760915756 22.818700771778822 8.6796406805515272 20.692137539386749 9.802955090999605 16.854173515923332 11.237493716180323
leaf_count=31 39 22 39 31 42 52 45 52 56 19 35 61 216 33
internal_value=0.00568053 0.00396894 0.000978903 -0.00583396 -0.0138243 0.00673194 -0.0199541 0.0139955 0.0128901 -0.0069928 0.018251 -0.015527 -0.0270786 0.0102688
internal_weight=208.733 195.325 154.684 70.7868 47.7836 83.8975 38.9203 40.6405 58.1227 25.7749 43.5108 17.0952 28.6163 23.0032
internal_count=773 742 651 406 342 245 300 91 143 102 91 83 261 64
is_linear=0
shrinkage=0.03


Tree=97
num_leaves=15
num_cat=0
split_feature=22 29 2 5 24 4 8 25 4 28 1 1 6 6
split_gain=7.51516 7.93384 8.42563 4.78354 4.67948 4.32371 4.83987 4.44112 4.24047 2.51107 4.3631 2.6705 3.75281 5.79927
threshold=-0.31436178088188166 0.35967241227626806 -0.62049487233161915 0.81014987826347362 -0.56269074976444233 -0.94122606515884388 0.84264123439788829 0.56135213375091564 -0.79248434305191029 -0.46637761592864985 -0.19237581640481946 1.7022439241409304 -0.7223687171936034 0.23818477243185046
decision_type=2 2 2 2 2 2 2 2 2 2 2 2 2 2
left_child=1 2 -1 5 -5 7 9 -2 -4 -7 -11 12 -12 -14
right_child=3 -3 8 4 -6 6 -8 -9 -10 10 11 -13 13 -15
leaf_value=0.0078902729041433993 -0.015310450179512221 0.009996574026079107 -6.7013528707715483e-05 0.010252623980747819 -0.013735842296246579 0.0057751924839363296 -0.00048834701334667953 0.010833259751894711 -0.026821740093134209 0.025606119600542602 0.014859142908411484 0.017834411962460214 -0.020535765036932455 0.0086378214397372158
leaf_weight=10.943631291389464 7.4047759138047677 20.157861962914467 7.0768175926059511 8.3268901035189646 11.735524092800913 24.153305906802416 19.429050207138062 6.3320932984352112 16.934398671612144 35.767667971551418 6.9001031424850217 12.428311476483939 6.9730374673381474 8.4065321926027519
leaf_count=26 45 50 34 23 75 67 56 21 97 126 18 35 62 26
internal_value=0.0057012 -0.00352398 -0.0115963 0.00914261 -0.00372035 0.011226 0.0130853 -0.00358433 -0.0203069 0.0157569 0.0185686 0.00900516 0.00171384 -0.00638248
internal_weight=202.97 55.1127 34.9548 147.857 20.0624 127.795 114.058 13.7369 24.0112 94.629 70.4757 34.708 22.2797 15.3796
internal_count=761 207 157 554 98 456 390 66 131 334 267 141 106 88
is_linear=0
shrinkage=0.03


Tree=98
num_leaves=15
num_cat=0
split_feature=13 26 11 15 26 3 22 7 28 39 27 27 28 20
split_gain=6.65826 6.15108 4.9911 7.44514 5.57725 12.5294 8.61813 4.39797 4.20683 4.03962 4.14545 7.79468 5.35256 4.01202
threshold=-1.4827547073364256 -1.2406035065650938 1.085252642631531 1.0000000180025095e-35 -0.19845880568027494 0.11917744576931001 1.6561986207962038 0.49858947098255163 -1.4539777040481565 1.0000000180025095e-35 -0.059669708833098405 -0.34394866228103632 0.45311214029788976 -0.2796692550182342
decision_type=2 2 2 2 2 2 2 2 2 2 2 2 2 2
left_child=-1 -2 3 4 5 6 -3 -5 -6 -10 11 -11 -13 -4
right_child=1 2 13 7 8 -7 -8 -9 9 10 -12 12 -14 -15
leaf_value=-0.014391565145892498 -0.012449949516844515 -0.025415870693408362 0.025622323350259789 -0.020302882077445645 -0.0048424531413372544 0.011303345785966566 0.010258333779963661 0.0041084194250728305 0.025778904889644114 0.014248267362880044 0.014903882814134605 -0.027414348866178117 0.0081369703725260659 0.0057414337515172657
leaf_weight=10.785545289516447 10.706402542069553 15.757228447124364 17.082467094063759 11.02302046865225 8.9026492871344072 30.476680543273687 5.4366660416126242 8.9227405562996847 17.816001456230879 8.7825316563248581 28.483780805021532 6.4883785359561426 2.9415963739156723 22.091141685843468
leaf_count=45 52 112 30 44 33 82 13 22 40 35 71 134 9 54
internal_value=0.00463677 0.00602333 0.00739768 0.00452126 0.00727555 -0.000344006 -0.0160534 -0.0107478 0.0123183 0.0148644 0.0086097 -0.00232412 -0.0173476 0.0163298
internal_weight=205.697 194.911 184.205 145.031 125.086 51.6706 21.1939 19.9458 73.4149 64.5123 46.6963 18.2125 9.42997 39.1736
internal_count=776 731 679 595 529 207 125 66 322 289 249 178 143 84
is_linear=0
shrinkage=0.03


Tree=99
num_leaves=15
num_cat=0
split_feature=20 22 29 8 4 20 28 9 18 7 9 8 4 14
split_gain=7.49979 11.3846 8.30557 7.96954 7.70648 6.85731 7.5672 5.59139 5.04661 5.05884 4.82287 5.16541 3.86006 1.82849
threshold=0.70520243048667919 -0.35486505925655359 -0.057339081540703767 0.84264123439788829 -0.84206491708755482 -0.066082635894417749 0.92988458275794994 -0.6787070333957671 -0.3381750881671905 -0.13598121702671048 -0.096194941550493226 0.55895629525184642 -0.098356422036886201 -0.93377065658569325
decision_type=2 2 2 2 2 2 2 2 2 2 2 2 2 2
left_child=1 10 7 -2 -4 6 8 -3 -6 13 11 -1 -9 -10
right_child=3 2 4 -5 5 -7 -8 12 9 -11 -12 -13 -14 -15
leaf_value=-0.028874532393934574 0.017942085517825539 0.026506340177795233 -0.022264754191676034 -0.005112723348788541 0.022674967460290026 -0.012067841204206014 -0.014015513135336079 0.014020251138754087 0.0047503315924994922 0.012951079998598467 0.0010394366235393876 0.00060190999470998547 -0.0058563023642555717 -0.019402316961453663
leaf_weight=15.190973836928608 44.879384964704514 14.942743569612501 8.768518088385461 15.937625244259833 19.657019268721335 15.551072031259535 6.5164480190724126 12.381345570087433 1.6314812898635791 8.4726036638021576 12.342801261693237 7.0063029527664176 13.655142799019814 5.0798687012866148
leaf_count=92 95 24 79 45 48 53 49 29 8 23 47 21 49 116
internal_value=0.00360717 -0.000281536 0.00462663 0.0119709 -0.00207221 0.00258599 0.00880338 0.0144206 0.0142946 0.000515939 -0.014106 -0.0211704 0.0043317 -0.0140096
internal_weight=202.013 141.196 106.656 60.817 65.677 56.9085 41.3574 40.9792 34.841 15.184 34.5401 22.1973 26.0365 6.71135
internal_count=778 638 478 140 376 297 244 102 195 147 160 113 78 124
is_linear=0
shrinkage=0.03


Tree=100
num_leaves=15
num_cat=0
split_feature=2 25 27 27 7 7 19 10 19 26 26 5 31 1
split_gain=7.76709 8.63801 9.23247 7.11211 7.34611 8.66534 7.36754 5.69762 5.7347 4.01827 4.68037 3.38007 2.72888 2.63429
threshold=-1.5322852730751035 -0.32695157825946802 -0.027806597761809822 -0.075719472020864473 -0.15734300762414929 0.14297857135534289 0.53498154878616344 -0.62710776925086964 0.62174126505851757 0.97401994466781627 -0.19845880568027494 -0.85677224397659291 1.0000000180025095e-35 1.8206576704978945
decision_type=2 2 2 2 2 2 2 2 2 2 2 2 2 2
left_child=-1 7 3 4 6 -6 13 -2 9 10 -9 -4 -7 -3
right_child=1 2 11 -5 5 12 -8 8 -10 -11 -12 -13 -14 -15
leaf_value=0.017459021630433658 0.016926572594393653 -0.025087197703360414 -0.0022504866518710865 0.022576445048294889 0.019810113496858746 -0.016519942561101338 0.0069548258237275892 -0.0020760814682982045 -0.01369766616946726 -0.0071067202255776854 0.020948609827838482 -0.02651985537560287 0.0039666491251327176 0.0023356876356796872
leaf_weight=23.013104036450386 28.814444378018379 17.63034273497761 8.2269994020462054 6.0452738404273978 15.016466381028296 8.3065899796783906 8.9841660112142545 11.676151320338247 12.415513239800928 10.009749256074427 15.353997662663462 15.583513878285883 7.6415753811597815 2.729921404272317
leaf_count=48 60 232 27 9 41 41 22 48 38 33 32 79 23 14
internal_value=0.00283099 0.000386664 -0.00579885 0.000333439 -0.0034539 0.00630756 -0.013173 0.00743255 0.000854735 0.00678158 0.0122312 -0.0199802 -0.00809997 -0.0216747
internal_weight=191.448 168.435 90.1648 66.3543 60.3091 30.9646 29.3444 78.2699 49.4554 37.0399 27.0301 23.8105 15.9482 20.3603
internal_count=747 699 488 382 373 105 268 211 151 113 80 106 64 246
is_linear=0
shrinkage=0.03


Tree=101
num_leaves=15
num_cat=0
split_feature=5 3 27 30 21 2 7 7 19 6 6 13 8 39
split_gain=8.47448 8.78337 5.6925 5.34824 7.70644 5.14387 7.26329 7.84364 6.55202 4.75856 7.14001 4.75167 8.15115 4.17923
threshold=1.0294817686080935 0.75890609622001659 -0.075719472020864473 -0.44230458140373224 1.0000000180025095e-35 -0.98521101474761952 -1.1588338017463682 -0.011580232530832289 0.45502825081348425 -0.7223687171936034 0.23818477243185046 0.53680077195167553 1.1012951731681826 1.0000000180025095e-35
decision_type=2 2 2 2 2 2 2 2 2 2 2 2 2 2
left_child=2 -2 5 -4 11 -1 -7 8 13 -9 -11 12 -5 -8
right_child=1 -3 3 4 -6 6 7 9 -10 10 -12 -13 -14 -15
leaf_value=0.013985191893175075 -0.024342008905901057 0.009233768927839104 0.023164174070962537 -0.017696364384983929 0.020039330005362635 0.021564559200525316 -0.00036196773242777656 0.018011211562039633 0.0037619572447314281 -0.016978684925707282 0.011597613911344416 0.012701979853738256 0.011522784245838044 -0.027704846691612293
leaf_weight=20.17804417014122 11.723513791337611 8.5170247275382263 26.575285043567419 18.61420596390963 19.143111541867256 5.7070810981094828 6.664091661572459 10.764769796282051 11.643033236265181 10.736359162256123 10.938158199191092 9.9756677001714689 9.2694509997963888 17.359670873731375
leaf_count=46 87 22 61 71 36 12 31 22 30 52 29 21 22 207
internal_value=0.00539053 -0.0111832 0.00753426 0.0130054 0.00678313 0.00225813 -0.00163152 -0.00491722 -0.0137971 0.00538484 -0.00308677 -0.00147555 -0.00770783 -0.0214891
internal_weight=197.809 20.2405 177.569 83.5777 57.0024 93.9912 73.8132 68.1061 35.6668 32.4393 21.6745 37.8593 27.8837 24.0238
internal_count=749 109 640 211 150 429 383 371 268 103 81 114 93 238
is_linear=0
shrinkage=0.03


Tree=102
num_leaves=15
num_cat=0
split_feature=10 20 26 6 6 25 8 25 18 30 4 30 23 2
split_gain=6.90807 9.68627 8.81544 7.96797 8.30076 6.41684 4.94865 4.71159 4.17353 5.64636 3.94562 5.7879 2.99671 2.1495
threshold=1.0000000180025095e-35 0.62214094400405895 -0.090119067579507814 -0.7223687171936034 -0.13125888258218762 0.8574533760547639 1.5435099601745608 -0.32695157825946802 -0.41122765839099878 -0.31242194771766657 -0.64374265074729908 -0.11559735611081122 0.93800884485244762 -0.25577870011329645
decision_type=2 2 2 2 2 2 2 2 2 2 2 2 2 2
left_child=3 2 6 -1 7 8 12 -5 -4 -10 -6 -12 -2 -13
right_child=1 -3 5 4 10 -7 -8 -9 9 -11 11 13 -14 -15
leaf_value=0.019999271147794567 -0.026679956716762376 0.013072238617408298 0.0079932903713288254 0.0033368247876421407 0.020455741557636246 0.017429452104121838 0.0079614164111592636 -0.023498461719861346 0.0036168266336104853 -0.023881741404184854 -0.010914976695386922 0.017256202576216104 0.0026756646366100649 0.0012557488561421009
leaf_weight=39.113007739186287 20.160202125087388 25.929520823061466 9.8839480206370371 8.4334207475185412 14.084735114127396 11.000053895637391 2.8549297451972953 8.6609076857566816 9.9105673544108885 10.363634187728165 12.628921054303644 13.535461783409117 2.595135197043418 14.187987472862007
leaf_count=84 252 59 29 24 34 31 7 43 38 45 49 28 8 44
internal_value=0.00503368 -0.00101572 -0.00701634 0.00992666 0.00347223 0.00183851 -0.0192228 -0.0125003 -0.0055182 -0.0123834 0.00911754 0.00334112 -0.0234532 0.0105107
internal_weight=203.342 92.698 66.7685 110.644 71.5314 41.1582 25.6103 17.0943 30.1581 20.2742 54.4371 40.3524 22.7553 27.7234
internal_count=775 469 410 306 222 143 267 67 112 83 155 121 260 72
is_linear=0
shrinkage=0.03


Tree=103
num_leaves=15
num_cat=0
split_feature=9 1 27 12 61 19 3 14 19 23 9 12 22 18
split_gain=7.38242 10.8392 8.13411 7.31579 8.2398 8.04189 8.35944 6.80251 8.20007 4.08124 4.78939 3.5008 2.97969 1.46177
threshold=0.3055375218391419 1.2285889983177187 -0.5607682168483733 1.6324952244758608 1.0000000180025095e-35 0.36649581789970404 0.28919646888971334 0.41321270167827612 -0.9117721915245055 -0.57340894639492024 -1.0000930130481718 0.31041885912418371 1.3669899106025698 -0.16823647171258924
decision_type=2 2 2 2 2 2 2 2 2 2 2 2 2 2
left_child=3 2 -2 4 9 6 7 8 -6 -1 -11 -7 -10 -8
right_child=1 -3 -4 -5 5 11 13 -9 12 10 -12 -13 -14 -15
leaf_value=0.0087787623702111732 0.0044581285430322819 0.01536085287145718 -0.024806063285864245 -0.012204728660234624 0.0082953684915199784 0.0093856344315173881 0.019403235917412196 0.012109523259945918 -0.026356135626186505 0.0065794750544005088 -0.022794094620265649 0.02704841895268768 0.0017346442482941221 0.004556204597823816
leaf_weight=6.9369465224444893 11.291897205635907 10.931669117882846 18.709351513534784 10.927838832139967 9.3392669744789583 25.049382716417313 21.211035231128335 11.384241521358488 14.465972174890345 4.7769258469343194 9.8674840619787538 30.917822167277336 3.4022648800164452 12.723253972828386
leaf_count=21 57 27 99 35 28 58 51 27 164 13 88 53 16 36
internal_value=0.00496202 -0.00589512 -0.0147282 0.00781674 0.00962113 0.0124483 0.00526548 -0.00415487 -0.0117837 -0.00638689 -0.0139767 0.0205611 -0.0217976 0.0151365
internal_weight=201.935 40.9329 30.0012 161.002 150.075 128.493 72.526 38.5917 27.2075 21.5814 14.6444 55.9672 17.8682 33.9343
internal_count=773 183 156 590 555 433 322 235 208 122 101 111 180 87
is_linear=0
shrinkage=0.03


Tree=104
num_leaves=15
num_cat=0
split_feature=9 9 9 6 1 6 25 18 21 16 27 8 4 4
split_gain=7.42419 7.95668 5.17821 8.74257 8.34971 12.8772 9.28273 6.55158 6.0946 5.98642 5.06223 4.09108 3.766 4.93702
threshold=0.3055375218391419 0.98848271369934093 0.044411420822143562 -0.87014618515968312 -0.42920328676700586 -0.13125888258218762 -0.32695157825946802 1.0211623907089236 -0.23194614052772519 -0.14154464006423947 -0.54213568568229664 0.12508522719144824 1.1411577463150027 -0.4454203844070434
decision_type=2 2 2 2 2 2 2 2 2 2 2 2 2 2
left_child=2 -2 3 -1 6 -6 -5 9 -7 -8 -10 -3 13 -12
right_child=1 11 -4 4 5 8 7 -9 10 -11 12 -13 -14 -15
leaf_value=0.016556528222329125 -0.019014908189462807 0.013865774809104605 0.021479787429379504 0.021174230644427156 -0.027149794556556018 0.017601343353424351 0.0056609520287313041 0.015688724284645642 -0.022913050364091501 -0.026388439622479425 0.0085787508949188643 -0.0089052968637309826 0.015435569747047915 -0.016248650130393581
leaf_weight=43.438554464839399 15.9650597628206 14.14015161432326 19.743644518777728 23.777585744857788 13.773018646985291 11.115238353610037 6.378453604876996 5.2066520750522605 4.9361786916851988 7.8420033697038898 9.2934903232380766 7.0530241783708325 7.0029327236115924 10.277990903705364
leaf_count=103 80 57 51 47 62 23 20 10 33 109 38 33 23 78
internal_value=0.0058251 -0.00570687 0.00854907 0.0060991 0.000965061 -0.00641797 0.0102688 -0.00468079 0.00242783 -0.01428 -0.00460202 0.00603429 0.00188905 -0.00511269
internal_weight=199.944 37.1582 162.786 143.042 99.6035 56.3988 43.2047 19.4271 42.6258 14.2205 31.5106 21.1932 26.5744 19.5715
internal_count=767 170 597 546 443 257 186 139 195 129 172 90 139 116
is_linear=0
shrinkage=0.03


Tree=105
num_leaves=15
num_cat=0
split_feature=18 0 29 18 11 29 27 28 22 27 28 13 8 6
split_gain=7.01717 6.42758 5.12901 4.31054 6.64907 7.95619 5.53594 13.8982 7.8904 5.69078 4.32932 4.11388 3.4582 2.6522
threshold=-0.97817927598953236 -1.7491278648376463 -0.37009771168231959 -0.42093525826930994 -0.53274267911911 0.30754597485065466 -0.075719472020864473 0.55527767539024364 -0.061691151931881898 -0.61731711030006398 -1.3177570104598997 1.039664149284363 0.047906234860420234 -0.79625746607780445
decision_type=2 2 2 2 2 2 2 2 2 2 2 2 2 2
left_child=2 -2 -1 13 5 -5 7 9 10 -6 -8 -11 -9 -3
right_child=1 3 -4 4 6 -7 8 12 -10 11 -12 -13 -14 -15
leaf_value=0.0060334055748051301 -0.012641745328850066 0.024269329299657666 -0.023058405271324658 -0.018233777441471644 0.0075376462387063249 0.012792032287481036 0.0041208762763277037 0.0013812537023041476 -0.0065146101919880935 -0.029547791591776996 0.026124922463990934 0.0037406813448729349 0.021706892909044814 0.0079079613494371787
leaf_weight=6.1171763166785231 11.097655480727552 14.314107894897459 9.1785964649170619 17.291567306965593 4.2797881215810767 6.9350361675024024 13.820579439401621 14.14190814830363 10.686417348682879 12.450789148919286 25.7437490336597 2.8558732196688643 13.115217898041008 31.852212525904179
leaf_count=17 56 24 61 98 13 18 36 54 36 161 52 8 27 96
internal_value=0.00414785 0.00590892 -0.0128037 0.00746891 0.00418082 -0.00868339 0.00765871 6.494e-05 0.0140911 -0.016932 0.0197632 -0.0239451 0.01301 0.0148568
internal_weight=193.881 178.585 15.2958 167.487 121.321 24.2266 97.0943 46.8436 50.2507 19.5865 39.5643 15.3067 27.2571 46.1663
internal_count=757 679 78 623 503 116 387 263 124 182 88 169 81 120
is_linear=0
shrinkage=0.03


Tree=106
num_leaves=15
num_cat=0
split_feature=20 10 22 13 6 18 19 14 6 26 12 20 12 9
split_gain=6.81991 9.32997 10.2788 7.16138 6.20399 5.53625 5.3897 4.00584 3.97006 3.57088 3.52243 3.25843 2.76672 2.68299
threshold=0.70520243048667919 -0.23147577792406079 0.090760096907615675 -1.0807873606681822 -1.3134785890579221 -0.12528229504823682 1.0828598737716677 0.87929600477218639 -0.13125888258218762 2.041479349136353 0.11548595875501634 -0.58818325400352467 0.34650143980979925 -0.2368013113737106
decision_type=2 2 2 2 2 2 2 2 2 2 2 2 2 2
left_child=1 7 3 -3 -5 12 -2 8 11 -6 -10 -1 13 -4
right_child=6 2 5 4 9 -7 -8 -9 10 -11 -12 -13 -14 -15
leaf_value=0.0066178256538097736 0.017232560949905933 0.0081030276946414161 0.011550194218746646 0.0068131761757267784 -0.028121188778505588 -0.01130746848441899 -0.0046215201794948847 0.022847885113868118 0.018906072649146059 0.0022044756435268811 -0.0014444643889248137 -0.011845977461000644 0.020009402589740773 -0.0080731401218754311
leaf_weight=11.753123596310614 46.066885083913803 6.959227703511714 7.2509960010647756 4.3630158044397822 26.188589377328757 8.6527563855051977 10.401468843221663 10.648409888148306 16.406879313290123 3.1544396579265586 10.87905761413276 13.359909720718862 12.303858797997234 7.9898525187745726
leaf_count=35 103 21 21 14 281 33 29 18 44 9 33 48 25 54
internal_value=0.00482493 0.00112347 -0.00574 -0.0152936 -0.020547 0.00554632 0.0131586 0.00929785 0.00479384 -0.0250148 0.0118251 -0.00354072 0.0117645 0.00180983
internal_weight=196.378 139.91 76.8627 40.6653 33.706 36.1975 56.4684 63.0474 52.399 29.343 27.2859 25.113 27.5447 15.2408
internal_count=768 636 458 325 304 133 132 178 160 290 77 83 100 75
is_linear=0
shrinkage=0.03


Tree=107
num_leaves=15
num_cat=0
split_feature=4 0 12 9 18 19 9 19 8 7 0 18 2 6
split_gain=7.11778 9.05851 6.27289 7.26723 5.35404 4.94481 11.0396 4.65972 4.36795 3.57309 3.11117 2.63934 2.08599 1.28504
threshold=-1.0403871536254881 0.32118908315896993 1.4329048395156863 -0.19662806391716001 -0.95302742719650257 0.20255985856056216 0.044411420822143562 0.90033692121505748 -0.13982644677162168 -0.46143430471420283 -0.74602970480918873 0.65363627672195446 0.29129555821418768 0.16429603844881061
decision_type=2 2 2 2 2 2 2 2 2 2 2 2 2 2
left_child=1 11 3 12 -5 6 10 -7 -4 -8 -6 -1 13 -2
right_child=2 -3 8 4 5 7 9 -9 -10 -11 -12 -13 -14 -15
leaf_value=-0.027369834365664304 0.022172903551710681 0.013212092652680906 0.0041895682098440166 -0.01674258274193207 0.00095873641172529195 0.019496212812324162 -0.0053475458519112642 -0.0011140576955052776 -0.019428731788118343 0.015861530353550146 -0.025168019813929687 -0.00077325178340336234 0.0048988320091933862 0.0080612954827599097
leaf_weight=9.6163776442408579 36.843358285725117 6.6746469913050523 12.256820827722551 6.1020227596163741 5.0856815073639146 24.105043582618237 7.3801636770367649 14.159315243363379 8.0518276616930944 18.286508517339826 10.573590179905294 4.7462509572505942 16.606032826006413 16.232976879924536
leaf_count=80 78 20 36 34 35 51 42 39 30 60 134 15 63 47
internal_value=0.00521149 -0.00972981 0.00722038 0.00926508 0.00309934 0.00552029 -0.00170813 0.0126222 -0.00716284 0.00988553 -0.0185044 -0.02105 0.0161323 0.0189226
internal_weight=196.721 21.0373 175.683 155.375 85.6923 79.5903 41.3259 38.2644 20.3086 25.6667 15.6593 14.3626 69.6824 53.0763
internal_count=764 115 649 583 395 361 271 90 66 102 169 95 188 125
is_linear=0
shrinkage=0.03


Tree=108
num_leaves=15
num_cat=0
split_feature=14 14 7 17 1 22 2 14 17 10 26 29 29 4
split_gain=6.91625 6.20442 8.15044 8.89657 5.47591 4.68068 3.31542 7.21898 9.47519 9.66324 4.76083 3.28209 3.20099 2.20286
threshold=-0.12352122738957404 -0.42578347027301783 -0.57452610135078419 -0.28615595400333399 0.28127911686897283 1.5112150311470034 -0.98521101474761952 0.15498968958854678 0.39207018911838537 0.16415620595216754 -0.19845880568027494 0.51605173945426952 -0.37009771168231959 -0.49500095844268793
decision_type=2 2 2 2 2 2 2 2 2 2 2 2 2 2
left_child=1 4 -3 -4 5 11 -2 -8 9 10 -9 13 -6 -1
right_child=6 2 3 -5 12 -7 7 8 -10 -11 -12 -13 -14 -15
leaf_value=-0.0017518065750056538 0.018988913897378782 0.0094851442198675261 0.0022176438445798518 -0.031809203955743548 0.02270597597987566 0.012216639196379843 0.019533595974296766 -0.0091103924485215568 0.016275753745284866 -0.025186739293453841 0.012696601605145094 0.0043738115486044726 0.0031473035936870845 -0.023597706283705985
leaf_weight=7.2570283263921764 26.052779480814934 9.7628345414996129 10.316608171910046 12.776786353439094 11.862181492149832 7.4479946866631499 21.248198356479406 11.8184794485569 17.439647778868675 12.318607173860071 14.81949058920145 7.6498525887727729 17.056685332208872 8.4617207162082213
leaf_count=42 53 41 47 188 22 19 49 38 35 58 32 21 58 51
internal_value=0.00526062 -0.000726666 -0.010341 -0.018919 0.00495176 -0.0036781 0.0103942 0.00653597 0.000446936 -0.00768445 0.00311073 -0.0100044 0.0133345 -0.0163686
internal_weight=196.289 92.5917 32.8562 23.0934 59.7355 30.8166 103.697 77.6444 56.3962 38.9566 26.638 23.3686 28.9189 15.7187
internal_count=754 489 276 235 213 133 265 212 163 128 70 114 80 93
is_linear=0
shrinkage=0.03


Tree=109
num_leaves=15
num_cat=0
split_feature=8 20 4 17 2 11 24 28 28 11 24 27 67 20
split_gain=7.03306 7.2684 7.68546 6.71179 5.51037 6.55936 4.85283 4.23699 4.22554 4.15728 3.56822 3.41837 1.78453 0.985913
threshold=-0.17320114374160764 0.040710680186748512 0.79409378767013561 0.30867289006710058 -0.98521101474761952 -1.2700033187866209 0.50017988681793224 0.21472591161727908 0.69149836897850048 0.027872313279658559 1.031615197658539 0.4708238691091538 1.0000000180025095e-35 -0.52885365486145008
decision_type=2 2 2 2 2 2 2 2 2 2 2 2 2 2
left_child=6 2 3 4 -2 -6 11 9 -9 -3 -8 12 -1 -4
right_child=1 7 13 -5 5 -7 10 8 -10 -11 -12 -13 -14 -15
leaf_value=0.021627362670708531 0.0035919863589615386 -0.0010296401716645481 0.013454101662395872 0.010449993528620338 0.0047473402969706461 -0.032819782166949862 -0.015792240055689022 -0.013344464364699682 0.0059416914126860024 0.018187005539928785 0.008916725850097066 0.00088257588465768134 0.0072633086943267311 -0.00049015158204091598
leaf_weight=34.082171941176057 5.324713587760928 14.499393269419668 6.5581797286868095 4.1715860068798056 3.6872513182461324 18.42308019567281 6.0587715394794923 12.278654955327509 20.365795850753784 25.107198774814606 5.5787789970636368 14.226486444473265 18.594608671963215 6.9805849371477944
leaf_count=94 14 39 17 8 19 199 54 44 55 52 24 42 57 43
internal_value=0.0047575 2.19499e-05 -0.00887294 -0.0162421 -0.021286 -0.0268348 0.0114109 0.0057944 -0.00212139 0.0118252 -0.00482732 0.0143747 0.0176261 0.00807134
internal_weight=195.937 117.396 45.1454 31.6066 27.435 22.1103 78.5408 72.251 32.6445 39.6066 11.6376 66.9033 52.6768 13.5388
internal_count=761 490 300 240 232 218 271 190 99 91 78 193 151 60
is_linear=0
shrinkage=0.03


Tree=110
num_leaves=15
num_cat=0
split_feature=25 29 18 18 18 22 52 24 22 6 2 10 16 3
split_gain=5.12661 8.08724 6.97503 8.59512 6.7416 5.99894 5.28375 3.37119 3.0253 3.17672 2.89155 1.22687 0.922572 0.770375
threshold=-0.62305282056331623 -0.057339081540703767 0.7151019573211671 -0.46874180436134333 -0.86912053823471058 0.26668949425220495 1.0000000180025095e-35 -0.73983585834503163 0.064371716231107726 0.23818477243185046 -0.80285295844078053 -0.42929178476333613 0.72195065021514904 0.28919646888971334
decision_type=2 2 2 2 2 2 2 2 2 2 2 2 2 2
left_child=5 8 3 4 -3 12 -5 -8 9 -2 -9 -6 13 -1
right_child=1 2 -4 6 11 -7 7 10 -10 -11 -12 -13 -14 -15
leaf_value=0.010079056571870467 -0.0068917374251109848 -0.01420736275959178 0.011910830355702614 0.0031517780196927514 0.017740366527374565 -0.0048068628619270934 -0.0052468235966374645 -0.00065581636647494862 0.016456794183489259 0.010934664439536383 -0.032336508305456556 0.0026150933567157799 0.0066650387767333199 0.024344425288140733
leaf_weight=19.349015083163977 13.64737179130316 8.4449549596756714 13.847654677927492 7.9453866789117447 10.122616380453112 14.146511375904081 10.785202525556086 3.1831539273262051 24.894609540700912 12.597716949880121 16.702665380202237 10.066747788339852 16.25945096462965 14.856871426105497
leaf_count=52 50 54 38 36 24 43 35 11 57 33 237 37 41 26
internal_value=0.00458925 0.00107741 -0.00473901 -0.0087544 0.00346861 0.0111831 -0.0171765 -0.0221462 0.00990176 0.00204552 -0.028416 0.0122147 0.0156947 0.0185895
internal_weight=196.85 132.238 81.0984 67.2507 28.6343 64.6118 38.6164 30.671 51.1397 26.2451 19.8858 20.1894 50.4653 34.2059
internal_count=774 612 472 434 115 162 319 283 140 83 248 61 119 78
is_linear=0
shrinkage=0.03


Tree=111
num_leaves=15
num_cat=0
split_feature=0 9 5 30 9 9 6 9 2 0 5 6 16 5
split_gain=7.86137 6.60867 5.65063 5.78875 5.59694 5.30371 5.93492 7.95471 5.92207 3.60096 3.75031 3.32674 2.97812 1.53377
threshold=-1.7491278648376463 1.1692623496055605 0.85401624441146862 -0.31242194771766657 -1.0402662158012388 -0.63853377103805531 -1.0918123722076414 -0.076108321547508226 -1.3499271869659422 0.11180475258152002 -0.06717756018042563 0.23818477243185046 0.9122164547443391 -1.1199704408645628
decision_type=2 2 2 2 2 2 2 2 2 2 2 2 2 2
left_child=-1 2 3 9 -4 -5 -7 8 -8 -2 -11 -3 -6 -10
right_child=1 11 4 5 12 6 7 -9 13 10 -12 -13 -14 -15
leaf_value=-0.015134061653584089 0.025815394741491002 -0.019781847912927843 0.01145235654235047 0.014054905239052114 -0.021285152560037844 0.013806173491416268 0.0058328436851683343 0.0086053608971280535 -0.0015771774580704738 0.014772147604622192 -0.0029576193190757774 0.00378107255058768 0.0034576164783497666 -0.026895822694155452
leaf_weight=11.352873978205023 22.980626964941621 7.4597065914422256 7.6966755017638233 26.886136665940285 9.523329069837926 11.799191325902937 5.9944089651107744 14.44296988099814 3.1466546282172176 32.763117961585522 12.959542321041225 7.1264269053936005 4.4981949813663951 14.759094224311415
leaf_count=64 51 49 19 60 76 28 15 47 14 96 53 25 16 146
internal_value=0.00511776 0.0067516 0.00848605 0.0105771 -0.00489866 0.00447705 -0.00146731 -0.00721783 -0.0166143 0.0166486 0.00995068 -0.0102432 -0.0145251 -0.023762
internal_weight=193.389 182.036 167.45 145.732 21.7182 77.0285 50.1423 38.3431 23.9002 68.7033 45.7227 14.5861 14.0215 17.9057
internal_count=759 695 621 510 111 310 250 222 175 200 149 74 92 160
is_linear=0
shrinkage=0.03


Tree=112
num_leaves=15
num_cat=0
split_feature=7 4 7 5 5 5 21 5 25 9 1 16 29 11
split_gain=6.97924 5.80114 7.78768 6.76244 8.36656 6.882 5.58784 5.27643 4.85727 4.45373 8.85886 4.77183 4.53923 3.26528
threshold=-1.0997747182846067 0.69493263959884655 -0.13975095003843305 -1.2515696287155149 -0.46197490394115442 0.81014987826347362 0.45187777280807501 0.63468438386917125 1.0000000180025095e-35 -0.19662806391716001 1.2285889983177187 -0.24390887469053266 0.62030461430549633 -0.096637118607759462
decision_type=2 2 2 2 2 2 2 2 2 2 2 2 2 2
left_child=-1 3 8 -2 6 7 -5 9 -3 11 12 -6 -11 -4
right_child=1 2 13 4 5 -7 -8 -9 -10 10 -12 -13 -14 -15
leaf_value=0.021781504134573765 0.013251610479032019 -0.020351595199156941 0.0031309434298187715 -0.022602439070715668 0.020114998404962267 -0.013050904104630674 0.0045763997137483149 0.020770332777977164 0.0070529996771283637 -0.026054331799136611 0.015044306805393629 -0.0028098724327957473 0.0028134236793341894 0.023180841099586159
leaf_weight=12.281888663768767 17.964432066306472 6.1459952965378752 12.526427982375024 23.745024203322831 10.99600648507476 18.811352080665529 6.977740552276372 10.999289497733114 8.3182462863624078 11.317436852492401 6.5377645753324023 14.541670825332398 5.7269798964262 21.527435794472694
leaf_count=29 46 30 40 127 23 115 19 32 50 116 15 53 16 43
internal_value=0.00356619 0.00172985 0.0100321 -0.00168574 -0.00460409 0.000798497 -0.016653 0.00580133 -0.00682817 0.000840123 -0.00774548 0.00873839 -0.0179166 0.0171507
internal_weight=188.418 176.136 48.5181 127.618 109.653 78.9305 30.7228 60.1191 14.4642 49.1199 23.5822 25.5377 17.0444 34.0539
internal_count=754 725 163 562 516 370 146 255 80 223 147 76 132 83
is_linear=0
shrinkage=0.03


Tree=113
num_leaves=15
num_cat=0
split_feature=0 22 9 5 16 18 30 30 28 8 18 1 2 1
split_gain=5.59026 4.79836 5.74246 4.13408 3.37197 3.95773 5.94562 6.47381 3.24266 2.58611 3.85697 2.48745 2.39677 5.01674
threshold=-1.7491278648376463 -0.31436178088188166 -0.53810065984725941 1.3365463018417361 -1.4870386123657224 -0.20476790517568585 -0.4158762246370315 0.71217599511146557 -0.36421209573745722 -0.54449468851089466 0.35235700011253362 -0.78444448113441456 0.47365364432334905 -0.19237581640481946
decision_type=2 2 2 2 2 2 2 2 2 2 2 2 2 2
left_child=-1 2 8 4 -3 11 -7 -8 -2 -4 -11 -6 -13 -14
right_child=1 3 9 -5 5 6 7 -9 -10 10 -12 12 13 -15
leaf_value=-0.014506165480234267 0.016165133594365156 -0.0060621957958279394 0.0026040469449623784 -0.009606572435477332 -0.00028164223408521023 0.015163935527123425 -0.017211005136685886 0.0078934617829603329 -0.0036992504658476966 -0.023977864022876799 0.0012198526438022899 0.019186260095046991 0.016123090532468111 -0.011948881625964995
leaf_weight=10.046856621280311 10.847663797438146 9.271541263908146 7.2104437500238445 7.814572535455226 8.9729602271690876 15.479116454720495 14.078376017510893 13.736948892474173 11.030160944908856 12.352644138969483 7.3045453466475001 49.740485608577735 7.0668630711734295 6.1190597154200059
leaf_count=59 26 37 32 49 49 41 52 34 38 72 26 152 47 55
internal_value=0.003253 0.00460204 -0.00320758 0.00749191 0.00889499 0.0103009 0.00269359 -0.00549922 0.007325 -0.0115877 -0.0162658 0.0144088 0.0163701 0.00339245
internal_weight=191.072 181.025 48.7455 132.28 124.465 115.194 43.2944 27.8153 21.8778 26.8676 19.6572 71.8994 62.9264 13.1859
internal_count=769 710 194 516 467 430 127 86 64 130 98 303 254 102
is_linear=0
shrinkage=0.03


Tree=114
num_leaves=15
num_cat=0
split_feature=7 18 24 3 10 26 4 22 1 14 20 18 1 9
split_gain=5.70207 5.23147 4.52158 5.03201 6.6179 4.32575 8.83989 3.30907 3.30887 2.95085 2.14524 2.76864 2.62016 2.98323
threshold=-1.2116099596023557 -1.0987721085548399 0.67732498049736034 -0.64624956250190724 -1.4183717370033262 -0.71593949198722828 0.74451321363449108 0.37329749763011938 -0.66603073477745045 -0.12352122738957404 0.96625271439552318 0.6821822226047517 1.4654164314270022 0.3055375218391419
decision_type=2 2 2 2 2 2 2 2 2 2 2 2 2 2
left_child=-1 -2 3 4 -3 6 -5 -6 -4 -10 12 -12 13 -7
right_child=1 2 8 5 7 10 -8 -9 9 -11 11 -13 -14 -15
leaf_value=0.024524596417801279 -0.013969625727827064 0.015716928322980717 -0.015883306706052057 -0.014487397584466259 -0.022746096349043163 0.018932373904570372 0.0147156075744189 0.0024521337752875473 -0.0082070972594686879 0.012786860534922636 -0.0051302630960686872 0.011957956046466317 0.00055372288076807337 0.0021708546417568658
leaf_weight=9.076591491699217 8.4057373348623496 4.767300337553027 9.5040501113981026 15.003837803378703 8.9963178141042572 59.582117314450443 12.499396847561 5.716546648181974 6.758135836571455 7.8186270296573621 13.352850198745729 11.580164417624472 11.269763725809751 12.86207910813391
leaf_count=15 52 8 49 66 97 203 33 25 45 20 38 28 35 46
internal_value=0.00592855 0.00441956 0.00563455 0.00749377 -0.00566055 0.00950972 -0.000993418 -0.0148169 -0.00560378 0.00344336 0.0120952 0.0034781 0.0143211 0.0162887
internal_weight=197.194 188.117 179.711 155.63 19.4802 136.15 27.5032 14.7129 24.0808 14.5768 108.647 24.933 83.714 72.4442
internal_count=760 745 693 579 130 449 99 122 114 65 350 66 284 249
is_linear=0
shrinkage=0.03


Tree=115
num_leaves=15
num_cat=0
split_feature=5 25 6 6 11 8 8 10 0 28 10 10 28 8
split_gain=11.772 5.80913 6.69655 11.4665 5.60518 5.50807 8.66419 5.45976 4.42321 5.19812 3.82052 3.132 2.92373 2.85948
threshold=1.0294817686080935 -0.62305282056331623 -0.87014618515968312 -0.20514760911464688 0.83581590652465831 -0.1606856361031532 -0.28166891634464258 -1.0227397382259367 0.11180475258152002 0.24878108501434329 0.36197219789028173 1.0000000180025095e-35 0.14661554992198947 0.19392054527997973
decision_type=2 2 2 2 2 2 2 2 2 2 2 2 2 2
left_child=1 11 12 4 10 6 8 -2 -5 -10 -4 -1 -3 -13
right_child=7 2 3 5 -6 -7 -8 -9 9 -11 -12 13 -14 -15
leaf_value=0.017076900019244137 0.0052056076750375893 0.00096863653152597378 -0.035289293029838596 0.015886898748151142 0.0026622875199849663 0.011620283863065684 -0.024473550687451828 -0.026247657687597997 -0.020040571687550322 0.0087875795515671689 -0.0032752890846549131 0.010032483399356055 0.018221464101822366 -0.0084724180576701766
leaf_weight=36.74562107399106 4.9262588545680073 15.322333909571169 10.247885562479498 10.86793106608093 6.5273277610540381 30.331771645694971 8.4136448455974442 12.481350649148224 5.9270743988454324 7.366360355168581 5.7273480724543324 12.10957331210375 17.992770189419389 8.5916409417986852
leaf_count=82 14 46 63 35 17 93 131 98 36 32 27 33 46 27
internal_value=0.0024292 0.00491005 0.000971329 -0.00352253 -0.0197266 0.00329957 -0.00496345 -0.0181712 0.00486184 -0.00603028 -0.0273285 0.0123206 0.0114484 0.00219824
internal_weight=193.579 176.171 118.724 85.4093 22.5026 62.9068 32.575 17.4076 24.1614 13.2934 15.9752 57.4468 33.3151 20.7012
internal_count=780 668 526 434 107 327 234 112 103 68 90 142 92 60
is_linear=0
shrinkage=0.03


Tree=116
num_leaves=15
num_cat=0
split_feature=25 2 2 7 27 8 9 9 23 16 11 16 17 12
split_gain=9.01763 11.2654 6.00656 8.07868 5.34828 5.33497 6.28325 5.63318 5.52718 4.54416 4.38396 3.55308 2.22115 1.83083
threshold=-0.62305282056331623 -1.5322852730751035 0.65601173043251049 -1.1588338017463682 -0.37909317016601557 0.419199749827385 0.80770310759544384 -1.0603528618812559 1.0000000180025095e-35 1.0708758234977724 1.3137159347534182 -0.07955483719706534 -0.28615595400333399 -0.55922439694404591
decision_type=2 2 2 2 2 2 2 2 2 2 2 2 2 2
left_child=9 -2 3 -3 -4 6 7 -5 -7 11 -9 -1 -6 -14
right_child=1 2 4 5 12 8 -8 10 -10 -11 -12 -13 13 -15
leaf_value=0.003760624359525293 0.019619942828985659 0.018073380952771466 -0.011271679831067857 0.0045430059069655696 0.023057069632802487 0.0099347444160323879 0.0040310510215816053 -0.027783246518255204 -0.013275693877321703 -0.0021734800164403502 -0.00150784396950389 0.021452057098987939 0.011406272567989824 -0.0073628218072083387
leaf_weight=16.939772725105286 16.470724895596504 5.5969346761703482 5.3982165940105942 5.8664860278367987 8.9034602679312265 17.62065996974707 10.678749788552521 31.383269667625427 10.609304971992968 13.22259024530649 7.4869072288274756 35.727797970175743 4.2020658478140858 4.7589112194254932
leaf_count=46 34 10 41 16 25 47 44 240 41 37 21 76 12 72
internal_value=0.00433415 -0.000375789 -0.00401346 -0.00751336 0.00836708 -0.0101483 -0.01518 -0.01971 0.000526817 0.0129298 -0.0234709 0.0165813 0.0154686 0.00237148
internal_weight=194.866 128.976 112.505 89.2423 23.2627 83.6454 55.4154 44.7367 28.23 65.8902 38.8702 52.6676 17.8644 8.96098
internal_count=762 603 569 419 150 409 321 277 88 159 261 122 109 84
is_linear=0
shrinkage=0.03


Tree=117
num_leaves=15
num_cat=0
split_feature=29 14 29 21 27 28 5 27 6 10 30 27 12 5
split_gain=7.14563 7.8703 8.54931 5.78423 7.76504 4.95244 5.91232 4.85398 10.426 3.61626 3.29803 3.19906 2.40549 2.10791
threshold=-1.2562471628189085 0.98683875799179088 0.25541954487562185 0.06867123302072288 0.27470113337039953 0.21472591161727908 -0.06717756018042563 -0.48687209188938135 -0.13125888258218762 -0.23147577792406079 -0.4958671480417251 0.081310976296663298 -0.93118026852607716 -0.98837137222290028
decision_type=2 2 2 2 2 2 2 2 2 2 2 2 2 2
left_child=-1 2 3 4 5 9 10 -4 -9 -2 -7 -3 -6 -12
right_child=1 11 7 -5 12 6 -8 8 -10 -11 13 -13 -14 -15
leaf_value=0.01401202639752409 0.017058803047762989 0.00068644397007300133 0.016461137860645167 0.0060672719917739815 -0.0054122086940877334 0.0085348579264336744 -0.024444763560235342 -0.019393566961571431 0.012479502829800653 -0.0056595585696947934 0.0042781539488408876 0.020000691347847401 -0.034342636979741423 -0.016728520948717563
leaf_weight=33.690846242010593 7.827229596674445 12.916095152497293 18.459244795143604 15.481354515999554 5.6762845106422928 11.403841184452178 12.955898578278719 11.551373451948168 15.972797662019728 8.768981156870721 3.959573321044445 15.63580698519945 10.854854017496107 7.6747270505875331
leaf_count=85 19 38 40 44 28 45 168 42 40 48 16 32 52 76
internal_value=0.00244821 -0.000352208 -0.00356113 -0.00903706 -0.0126011 -0.0057602 -0.011529 0.006412 -0.00182203 0.00652387 -0.00120174 0.0126678 -0.0279725 -0.0104422
internal_weight=192.829 159.138 130.586 84.6027 69.1214 52.5903 35.994 45.9834 27.5242 16.5962 23.0381 28.5519 16.5311 11.6343
internal_count=773 688 618 496 452 372 305 122 82 67 137 70 80 92
is_linear=0
shrinkage=0.03


Tree=118
num_leaves=14
num_cat=0
split_feature=8 8 11 20 19 19 27 39 24 19 36 31 27
split_gain=6.30692 8.27288 5.88038 5.74117 8.80086 5.31409 11.0108 12.4746 6.64966 6.46333 2.72342 0.626755 0.562964
threshold=-1.4977594614028928 -0.84069511294364918 0.71742984652519237 0.70520243048667919 0.94129839539527904 0.38651748001575476 -0.075719472020864473 1.0000000180025095e-35 1.0000000180025095e-35 -0.30183613300323481 1.0000000180025095e-35 1.0000000180025095e-35 -0.12435108050704001
decision_type=2 2 2 2 2 2 2 2 2 2 2 2 2
left_child=-1 2 -2 5 11 6 7 -3 12 -8 -9 -5 -7
right_child=1 3 -4 4 -6 8 9 10 -10 -11 -12 -13 -14
leaf_value=0.021618305940899248 -0.025043678604216964 0.0060167040558722646 0.0056802753148774247 0.020909389211640411 -0.0087055539584675132 0.018328278940368613 0.014707460924623463 -0.032329173284897601 -0.0095033726031042969 -0.0085135219328484925 -0.004145254617469207 0.0090744945807712599 0.0060390188682828789
leaf_weight=8.7003154233098012 12.700899120420219 12.78489656280726 5.9038694128394118 20.862214893102646 13.260769098997114 14.771616622805595 21.544275209307671 18.108897118363533 11.262925066053866 13.93759088590741 5.4399006543681017 20.808121904730797 12.71576426923275
leaf_count=20 90 45 15 43 40 29 56 226 38 57 28 50 31
internal_value=0.00197891 0.000503724 -0.016156 0.00279544 0.0102783 -0.00120602 -0.00591271 -0.0165328 0.00719567 0.00566113 -0.0276848 0.016605 0.0144476
internal_weight=192.802 184.102 18.6048 165.497 54.9311 110.566 71.8156 36.3337 38.7503 35.4819 23.5488 41.6703 27.4874
internal_count=768 748 105 643 133 510 412 299 98 113 254 93 60
is_linear=0
shrinkage=0.03


Tree=119
num_leaves=15
num_cat=0
split_feature=12 29 12 29 9 21 21 16 29 19 27 10 2 27
split_gain=8.49475 4.63172 4.99455 5.61802 4.11605 5.64756 3.63426 3.22541 3.19632 3.1099 4.85715 5.23375 4.10615 1.43678
threshold=-1.3154324889183042 -1.2562471628189085 1.6023054718971255 -0.63072991371154774 0.4260572642087937 0.06867123302072288 1.8167832493782046 1.8441302180290224 1.2979483008384707 0.25872664153575903 -0.075719472020864473 -0.62710776925086964 0.10893747303634883 0.31773771345615393
decision_type=2 2 2 2 2 2 2 2 2 2 2 2 2 2
left_child=-1 -2 3 -3 6 8 7 9 -6 10 11 -5 -13 -12
right_child=1 2 -4 4 5 -7 -8 -9 -10 -11 13 12 -14 -15
leaf_value=-0.018248969908644712 0.015504199422905087 -0.011170909410816623 -0.012954538525091149 0.012410665964663843 -0.019860468718069298 0.013352389258160532 -0.0073950721188532839 -0.0048121809999827408 0.0040573166122250936 0.018781900221739947 0.022201933521698081 0.0019514800848676375 -0.022625818635470831 0.0050932248424524198
leaf_weight=9.3102761507034284 31.627668969333172 12.706680051982401 10.555521406233309 9.6890612468123383 10.455108808353545 6.8354545310139647 7.1667265817522994 7.9743080958724013 5.2947699427604666 38.597831718623638 10.318111982196578 10.916434790007772 7.1001760084182015 11.692959532141684
leaf_count=53 77 47 40 29 75 15 24 25 15 84 23 54 154 41
internal_value=0.0042584 0.00587618 0.00340032 0.00505187 0.00705119 -0.00388413 0.00950748 0.0110685 -0.0127797 0.0126834 0.0066652 -0.00184723 -0.0105452 0.0157385
internal_weight=190.241 180.931 149.303 138.748 126.041 22.5853 103.456 96.2889 15.7499 88.3146 49.7167 27.7057 18.0166 22.0111
internal_count=756 703 626 586 539 105 434 410 90 385 301 237 208 64
is_linear=0
shrinkage=0.03


Tree=120
num_leaves=15
num_cat=0
split_feature=12 11 7 2 22 8 13 0 12 22 5 23 18 11
split_gain=8.62555 9.27583 7.15615 7.55065 7.48409 7.13381 7.60013 8.05458 5.60607 5.00375 4.24606 3.21762 1.58519 1.26426
threshold=1.3080835342407229 0.7444572150707246 -1.2116099596023557 -0.62049487233161915 -0.63707503676414479 0.3962546586990357 0.13232665136456492 1.0938091874122622 -1.2096027731895445 0.47444427013397222 -0.50584127008914936 -0.19555450603365895 -0.15890756249427793 0.45376870036125189
decision_type=2 2 2 2 2 2 2 2 2 2 2 2 2 2
left_child=1 2 -1 10 -5 6 7 8 -6 -2 -4 -3 -7 -10
right_child=9 11 3 4 5 12 -8 -9 13 -11 -12 -13 -14 -15
leaf_value=0.020943578417175288 -0.024420691682364531 0.0031551288313499013 0.019041552987247946 -0.02327521050096984 0.0050330705484105389 0.014402607457829711 0.010629568572759797 0.011135326871917914 -0.027032844350990098 0.0034793242705421948 -0.00098209748172607323 0.023136571503584894 -0.00053308181225494497 -0.0034058267864844169
leaf_weight=8.6635498031973821 11.3965548761189 12.489944517612455 14.879051469266413 13.975010038819162 5.1192864552140156 16.053337644785646 10.681324496865271 5.9734172234311691 23.139153300784539 7.2223046198487273 17.416673488914967 21.257318958640099 8.6884162425994855 3.8989439569413653
leaf_count=16 50 36 31 88 23 44 28 26 255 19 52 43 25 14
internal_value=0.00188627 0.00423632 0.000342911 -0.00192581 -0.00645098 -0.00197641 -0.00838436 -0.0143254 -0.0199169 -0.0151527 0.00955908 0.0171028 0.00994985 -0.024689
internal_weight=180.854 162.235 128.488 119.825 87.5289 73.5539 48.8121 38.1308 32.1574 18.6189 32.2957 33.7473 24.7418 27.0381
internal_count=750 681 602 586 503 415 346 318 292 69 83 79 69 269
is_linear=0
shrinkage=0.03


Tree=121
num_leaves=15
num_cat=0
split_feature=0 17 12 30 19 30 8 1 26 61 23 30 15 1
split_gain=6.09136 5.98832 6.65403 3.80707 6.54704 6.41621 5.4247 5.10808 4.5421 3.4737 2.54598 2.27375 2.23087 2.205
threshold=-1.7491278648376463 0.38037602603435522 1.6023054718971255 -0.31242194771766657 0.069653369486331954 -0.16361115127801892 -0.26915340125560755 1.3470027446746828 0.28593802452087408 1.0000000180025095e-35 0.37122716009616857 0.046669518575072295 -0.1107279136776924 -0.19237581640481946
decision_type=2 2 2 2 2 2 2 2 2 2 2 2 2 2
left_child=11 2 3 7 6 10 -5 9 13 -2 -6 -1 -3 -7
right_child=1 12 -4 4 5 8 -8 -9 -10 -11 -12 -13 -14 -15
leaf_value=-0.021668756724750125 -0.0029989391613452344 0.022491959832270619 -0.014982753561602667 0.0034754376395657385 -0.02188885693884678 0.023134410243116604 -0.021589842621995051 -0.007191041971786695 -0.0035867219592806867 0.016524265140267769 0.0061792301067003031 0.00092915164228378846 0.0051036833125160802 0.0059088202465114358
leaf_weight=5.2718950603157264 8.0638094097375852 19.698173329234123 11.230612009763716 11.822543345391752 4.4195794062688938 15.226337984204291 12.500691212713717 9.4650246202945691 12.570099879056214 47.890510434284806 1.6197905689477918 5.9249999225139618 14.142848238348959 16.949825722724199
leaf_count=48 46 39 44 41 128 33 59 35 43 167 3 19 35 52
internal_value=0.00484812 0.00624745 0.00342918 0.00536483 0.000623562 0.00662042 -0.0108914 0.0103776 0.0107466 0.0136955 -0.0149717 -0.0131154 0.0168175 0.0160754
internal_weight=196.797 185.6 151.759 140.528 75.1089 50.7856 24.3232 65.4193 44.7463 55.9543 6.03937 11.1969 33.841 32.1762
internal_count=792 725 651 607 359 259 100 248 128 213 131 67 74 85
is_linear=0
shrinkage=0.03


Tree=122
num_leaves=15
num_cat=0
split_feature=17 6 12 61 10 23 10 10 11 28 9 9 5 9
split_gain=6.78282 5.22563 4.75482 6.85451 5.57447 4.42722 4.0756 3.64183 1.97937 3.16292 2.03686 1.60473 2.33051 5.73215
threshold=-0.38846583664417261 -0.57459124922752369 1.6023054718971255 1.0000000180025095e-35 -0.62710776925086964 -0.57340894639492024 -0.42929178476333613 1.1532361507415774 -1.1112717390060423 -1.5561432242393491 -0.779140144586563 -0.45775416493415827 -0.33037577569484705 -0.035935074090957635
decision_type=2 2 2 2 2 2 2 2 2 2 2 2 2 2
left_child=1 -1 3 4 -2 -6 -3 8 -5 -10 -11 -12 13 -13
right_child=2 6 -4 7 5 -7 -8 -9 9 10 11 12 -14 -15
leaf_value=0.0075171393783386303 0.0075840297139345815 0.0026898439185110666 -0.0091303328673637951 -0.001078652746250348 0.0043218850711587613 -0.026438096244984954 -0.02408019053386894 -0.0052112381639985031 -0.0015473632270900988 0.021830058104092588 0.00021377171079409575 0.012855236106731767 0.016808318543817119 -0.012393643183138398
leaf_weight=8.8330675214529055 11.330344578251244 5.9756375737488314 12.203603841364382 9.0747895054519159 4.4393218513578176 7.7901019500568491 12.189758913591501 9.5591176431626064 11.300404891371725 26.901733964681625 11.515506263822308 17.445892130490396 37.656115635298207 7.9495652373880068
leaf_count=31 29 26 41 37 16 95 93 34 33 55 37 65 154 33
internal_value=0.00410566 -0.0087637 0.0063783 0.00784684 -0.006075 -0.0172583 -0.0165941 0.0104741 0.0118616 0.0129045 0.0145111 0.0106648 0.0124175 0.00421296
internal_weight=194.165 26.9985 167.166 154.963 23.5598 12.2294 18.1654 131.403 121.844 112.769 101.469 74.5671 63.0516 25.3955
internal_count=779 150 629 588 140 111 119 448 414 377 344 289 252 98
is_linear=0
shrinkage=0.03


Tree=123
num_leaves=15
num_cat=0
split_feature=9 13 22 18 5 4 16 9 9 4 18 19 9 4
split_gain=6.07695 6.13603 5.22914 5.41776 6.21365 5.4498 4.76819 3.66276 7.61606 4.148 4.25701 4.92355 4.74931 6.26963
threshold=-0.91974651813507069 1.9486086368560793 -1.240938067436218 -0.95302742719650257 0.81014987826347362 0.64535206556320202 1.7117131948471072 0.92822283506393444 0.24527765065431598 1.0419965982437136 -0.36572434008121485 0.14326719939708712 -0.035935074090957635 0.44702979922294622
decision_type=2 2 2 2 2 2 2 2 2 2 2 2 2 2
left_child=-1 2 -2 -4 6 -6 7 8 9 10 -5 12 13 -12
right_child=1 -3 3 4 5 -7 -8 -9 -10 -11 11 -13 -14 -15
leaf_value=0.013274306917345966 -0.020958841540963329 0.015388207854099695 -0.017481657338965968 0.019515888511443532 -0.022140092032949601 0.0079560997256910484 -0.013827700213629611 0.018955274214355097 -0.014689769020197752 -0.0084295134016322236 -0.024246238316439742 0.011915464409540843 0.012691200253766143 0.0089648004958432261
leaf_weight=33.508921254426241 7.2940864637494078 15.265859849750994 10.017328528687356 21.821053020656095 11.401347245089712 4.9764228761196128 7.0124221034348002 12.579572791233657 12.333496581763027 8.9669291228055936 9.9858582764863879 22.460146799683571 4.0509666427970172 4.575687308330088
leaf_count=87 41 34 62 48 85 17 26 45 64 44 121 51 9 31
internal_value=0.00262401 -5.91864e-05 -0.00225437 -0.000469899 0.00158996 -0.0132733 0.0044377 0.00637556 0.00353878 0.00741945 0.0101335 0.00357178 -0.00688783 -0.0141863
internal_weight=186.25 152.741 137.475 130.181 120.164 16.3778 103.786 96.7737 84.1941 71.8606 62.8937 41.0727 18.6125 14.5615
internal_count=765 678 644 603 541 102 439 413 368 304 260 212 161 152
is_linear=0
shrinkage=0.03


Tree=124
num_leaves=15
num_cat=0
split_feature=8 17 9 17 18 18 37 20 20 28 9 10 11 18
split_gain=5.88809 6.42098 5.0464 4.42453 4.20065 5.32838 7.05144 10.6963 7.66884 10.7941 5.17633 4.83301 4.82864 4.44584
threshold=-1.4977594614028928 0.38037602603435522 -1.1406993269920347 1.0054583549499514 -0.97817927598953236 -0.9103029966354369 1.0000000180025095e-35 -0.33899888396263117 -0.25593741238117212 0.7596087157726289 -0.21671468764543531 -0.42929178476333613 0.06751593574881555 -0.46874180436134333
decision_type=2 2 2 2 2 2 2 2 2 2 2 2 2 2
left_child=-1 2 -2 -3 -4 -6 7 13 10 -10 -8 -12 -11 -7
right_child=1 3 4 -5 5 6 8 -9 9 12 11 -13 -14 -15
leaf_value=0.021520360501918627 0.013362624671067535 0.020811362854541375 -0.018755414804289789 0.00055276220297334228 0.019233465210129228 0.0048144994378358135 0.015425841465650571 0.012391218619689115 -0.031210378047718614 0.01251507746295411 0.008177110825445014 -0.019577538122337233 -0.01310080759173371 -0.023028905620392795
leaf_weight=9.0974774956703168 12.967910021543501 17.342398628592491 9.6961099803447706 17.646307468414307 5.2128879874944678 5.6920853480696669 10.152968548238279 38.502958649769425 18.63141766702757 8.8244040459394473 6.3574982099235058 7.6672518402337939 7.7157120555639258 9.6771997474133951
leaf_count=21 33 35 58 49 8 20 34 114 191 35 19 58 30 55
internal_value=0.00284887 0.00131665 -0.00163633 0.0119407 -0.0035992 -0.00164891 -0.00338315 0.00428949 -0.0101399 -0.0181999 0.0026947 -0.0081537 0.000298392 -0.0140664
internal_weight=185.185 176.087 141.098 34.9887 128.13 118.434 113.221 53.8722 59.3493 35.1715 24.1777 14.0248 16.5401 15.3693
internal_count=760 739 655 84 622 564 556 189 367 256 111 77 65 75
is_linear=0
shrinkage=0.03


Tree=125
num_leaves=15
num_cat=0
split_feature=7 13 12 0 20 10 8 8 2 7 22 8 12 9
split_gain=6.26195 5.23639 7.94581 5.9137 5.1487 4.95327 6.12981 10.9509 5.38654 4.52441 3.69197 3.23205 1.98948 2.30094
threshold=-1.0997747182846067 1.9486086368560793 1.4329048395156863 -1.7491278648376463 0.70520243048667919 0.75760418176651012 0.50680834054946911 -0.17320114374160764 -1.3499271869659422 0.68456265330314647 0.73072421550750744 -0.84069511294364918 0.15658242255449298 -0.035935074090957635
decision_type=2 2 2 2 2 2 2 2 2 2 2 2 2 2
left_child=-1 2 3 -2 5 6 7 11 -9 -6 -10 -5 13 -13
right_child=1 -3 -4 4 9 -7 -8 8 10 -11 -12 12 -14 -15
leaf_value=0.021930817554514537 -0.016439394596683553 0.017045315623270954 -0.016701504015486701 -0.0030389186074536662 0.020781838737027592 -0.015309526990656925 0.015638293464738932 0.0069508857260175208 -0.02892698551805313 0.00068729782000282011 -0.00052142571564213415 -0.0066795928676918219 0.01956629114403283 0.011695017633142731
leaf_weight=13.581343933939932 7.31727261096239 17.382435686886311 14.285398196429012 14.994079641997812 24.202373497188091 8.9797238595783693 22.976056193932891 4.9500712454318956 12.635026494972424 15.941427290439604 5.615686332806944 7.2040943745523673 13.636700771749018 7.9171589184552396
leaf_count=32 49 38 57 67 51 58 58 11 179 44 30 34 31 27
internal_value=0.00526969 0.00343436 0.00149166 0.0037603 0.00535697 0.00144754 0.00383903 -0.00101543 -0.015833 0.0137621 -0.0221784 0.00765996 0.0128621 0.00345645
internal_weight=191.619 178.038 160.655 146.37 139.052 98.9086 89.9289 66.9528 23.2008 40.1438 18.2507 43.752 28.758 15.1213
internal_count=766 734 696 639 590 495 437 379 220 95 209 159 92 61
is_linear=0
shrinkage=0.03


Tree=126
num_leaves=15
num_cat=0
split_feature=16 14 8 1 0 2 8 5 14 66 12 11 5 1
split_gain=7.08643 6.30757 6.53158 7.30416 4.9958 3.32959 3.03044 2.83611 2.94559 2.68642 2.52095 3.35461 3.16195 2.16223
threshold=1.7117131948471072 -0.12352122738957404 0.84264123439788829 -0.66603073477745045 -0.74602970480918873 -0.80285295844078053 -0.65296244621276844 -0.63744038343429554 -0.7562313675880431 1.0000000180025095e-35 1.1303710937500002 0.027872313279658559 -0.72517311573028553 -0.42920328676700586
decision_type=2 2 2 2 2 2 2 2 2 2 2 2 2 2
left_child=1 2 3 -1 9 -6 -3 -7 -9 -5 11 12 -8 -14
right_child=-2 6 -4 4 5 7 10 8 -10 -11 -12 -13 13 -15
leaf_value=-0.016270210568874382 -0.014929288601255289 -0.002546161714333904 -0.019320629227555858 0.0051529225531947113 -0.0049775923275008314 -6.0753238060210805e-05 0.015942261317813806 -0.00017799933295683596 0.021007973465755111 -0.019345746252745336 0.00057951482454699128 0.021468785598858807 0.0070941504924856074 -0.0088996189749329154
leaf_weight=10.027222041040657 11.910298373550175 11.833848480135201 9.139398127794264 4.035124511923641 8.1090239882469088 11.030572236049911 13.161194637417788 7.1365119889378432 27.085053618997367 4.6637362493202001 13.413055077195166 32.167338840663433 10.346081823110575 10.153157390654096
leaf_count=100 47 45 43 17 26 57 28 32 144 51 37 70 30 37
internal_value=0.00382858 0.00550966 -0.000607894 0.00286384 0.00693799 0.0103777 0.0107134 0.0133508 0.0171304 -0.0102487 0.0127272 0.0149868 0.0068168 -0.00101924
internal_weight=184.212 172.301 81.2266 72.0872 62.06 53.3612 91.0747 45.2521 34.2216 8.69886 79.2408 65.8278 33.6604 20.4992
internal_count=764 717 470 427 327 259 247 233 176 68 202 165 95 67
is_linear=0
shrinkage=0.03


Tree=127
num_leaves=15
num_cat=0
split_feature=25 5 28 6 11 20 16 28 13 14 67 17 20 17
split_gain=5.93152 5.26793 8.76926 3.91473 5.8535 5.24772 6.93752 7.45577 5.69829 3.75252 4.42285 4.13917 1.08857 0.778952
threshold=-0.62305282056331623 -1.2954359650611875 -1.4199225306510923 1.4942932128906252 1.0403763055801394 0.62214094400405895 -0.5838368535041808 0.48716732859611517 -0.25385545939207071 0.41321270167827612 1.0000000180025095e-35 -0.051981380209326737 -1.0865520834922788 0.048227302730083473
decision_type=2 2 2 2 2 2 2 2 2 2 2 2 2 2
left_child=9 -2 -3 4 5 6 7 -4 -8 10 11 -1 -10 -11
right_child=1 2 3 -5 -6 -7 8 -9 12 13 -12 -13 -14 -15
leaf_value=-0.016938103629119121 0.014554010107654789 -0.027007953532111134 0.014527833959182465 0.013104042101356935 0.0096158062392617573 0.0060524690676728539 0.001213164979125362 -0.014957923848059084 -0.0024590260466682647 0.0073306650799422864 0.01352260628183004 0.00647798064300563 -0.02793952050718625 0.022062113700063595
leaf_weight=9.1371352784335631 13.007070258259771 7.1505682729184619 12.710068162530659 12.228786320425568 22.497189480811357 18.449048347771168 8.7859663404524309 8.7381877042353135 2.6995027922093859 12.414992272853853 13.129883185029032 9.2323674708604795 19.774085531476896 15.762076660990713
leaf_count=43 34 45 34 38 56 48 34 50 22 29 30 21 260 32
internal_value=0.00318296 -0.000584387 -0.00286913 -9.46179e-05 -0.00239482 -0.00657414 -0.0111352 0.00195832 -0.0191504 0.0105699 0.00268235 -0.00630134 -0.0258834 0.0176543
internal_weight=185.717 126.04 113.033 105.883 93.654 71.1569 52.7078 21.4483 31.2596 59.6765 31.4994 18.3695 22.4736 28.1771
internal_count=776 621 587 542 504 448 400 84 316 155 94 64 282 61
is_linear=0
shrinkage=0.03


Tree=128
num_leaves=15
num_cat=0
split_feature=17 8 2 66 5 17 20 10 29 17 17 1 23 14
split_gain=6.14732 4.84961 5.3723 5.46074 8.39532 7.60333 7.46214 5.56693 6.22194 5.45797 4.25443 4.18725 3.0668 1.64778
threshold=0.38037602603435522 -1.4977594614028928 1.020727872848511 1.0000000180025095e-35 -0.68130674958229054 -0.44174310564994806 0.016978832427412275 -1.2205557227134702 -1.3605000376701353 -0.31965644657611841 -0.0965844690799713 -0.42920328676700586 -1.1401906013488767 0.15498968958854678
decision_type=2 2 2 2 2 2 2 2 2 2 2 2 2 2
left_child=1 -1 3 6 9 -6 11 -7 -9 -5 -11 -3 -10 -2
right_child=13 2 -4 4 5 7 -8 8 12 10 -12 -13 -14 -15
leaf_value=0.017782187142233147 0.0030540636867640212 0.0054695406299667352 0.016703674498541991 0.017823117135664743 0.011642157836256811 0.0031091970613861255 0.014695585001927476 0.00066502873278696773 -0.0028751684529175528 -0.016494889763939258 0.0072333764232435189 -0.018803717214465644 -0.029305966735700514 0.017315119051554115
leaf_weight=7.3693953640758982 13.463319584727286 8.4936836538836378 8.0370761658996326 11.392925422638656 6.0749679282307616 9.0162116736173612 24.197603993117809 9.4566658139228732 5.7560075391083876 8.4697869857773203 9.5292676240205747 9.0961166736669821 30.527629337739214 21.944608837366104
leaf_count=18 34 34 35 31 24 25 56 29 23 54 22 63 263 50
internal_value=0.00257473 -0.000258096 -0.00178764 -0.00348192 -0.0075074 -0.0135189 0.00508301 -0.0170509 -0.0209396 0.0050909 -0.00509095 -0.00846644 -0.0259691 0.0129415
internal_weight=182.825 147.417 140.048 132.011 90.2235 60.8315 41.7874 54.7565 45.7403 29.392 17.9991 17.5898 36.2836 35.4079
internal_count=761 677 659 624 471 364 153 340 315 107 76 97 286 84
is_linear=0
shrinkage=0.03


Tree=129
num_leaves=15
num_cat=0
split_feature=0 2 5 11 20 7 17 9 21 17 25 11 10 7
split_gain=6.49732 7.67608 5.96857 8.22111 6.084 5.60838 6.38202 5.70579 4.39684 4.38944 3.77036 3.19605 1.40798 0.245872
threshold=1.0938091874122622 -1.5322852730751035 -1.1638368368148801 0.45376870036125189 0.21869953721761706 0.27114927768707281 -0.26962263882160181 -0.035935074090957635 -0.65217328071594227 -0.25323063880205149 -0.32695157825946802 1.085252642631531 -0.23147577792406079 -0.24530329555273053
decision_type=2 2 2 2 2 2 2 2 2 2 2 2 2 2
left_child=1 -1 13 5 11 7 -7 8 -4 12 -2 -5 -9 -3
right_child=10 2 3 4 -6 6 -8 9 -10 -11 -12 -13 -14 -15
leaf_value=0.014474166847788107 0.021742159266519918 0.012238088571600534 0.00054681483464332967 -0.001185172116272845 -0.0089983563680151712 0.011947473583061223 -0.014400131434128875 -0.00041578841853088594 -0.030764295487578048 0.011206298648771727 0.00047585298298746418 0.018711661075573104 -0.019318613559343799 0.0034844184566722881
leaf_weight=19.598334386944771 15.207518056035044 10.748671833425762 4.5428458750247982 10.388548426330091 16.765462160110474 12.692179797217252 10.547262765467165 5.5682528465986261 22.00117649231106 6.5230445414781562 12.297662923578171 15.47108820080757 5.9878693353384742 10.324728216044603
leaf_count=47 30 25 17 37 52 44 38 26 242 16 52 32 64 35
internal_value=0.0015965 -0.00098851 -0.00373756 -0.0065508 0.00354764 -0.0127019 -0.000442848 -0.0183984 -0.0261683 -0.00379277 0.0137697 0.0118216 -0.0130867 0.00943994
internal_weight=178.665 151.159 131.561 110.488 42.6251 67.8626 23.2394 44.6232 26.544 18.0792 27.5052 25.8596 11.5561 21.0734
internal_count=757 675 628 568 121 447 82 365 259 106 82 69 90 60
is_linear=0
shrinkage=0.03


Tree=130
num_leaves=15
num_cat=0
split_feature=7 8 22 29 21 3 27 5 1 8 9 9 12 27
split_gain=5.34364 5.62992 4.63852 6.18714 6.63736 5.77685 3.14247 4.29331 3.52638 3.14491 4.0689 3.38202 3.07341 2.70466
threshold=-1.2116099596023557 -0.85529655218124379 -0.38951960206031794 0.51605173945426952 1.0000000180025095e-35 0.75890609622001659 -0.71381393074989308 1.0294817686080935 0.16286537796258929 0.19392054527997973 0.14484453946352008 -0.45775416493415827 -0.10910119116306304 -0.011991711566224693
decision_type=2 2 2 2 2 2 2 2 2 2 2 2 2 2
left_child=-1 12 3 4 5 -3 -4 9 -9 13 11 -11 -2 -8
right_child=1 2 6 -5 -6 -7 7 8 -10 10 -12 -13 -14 -15
leaf_value=0.021323509642283606 -0.021664902033353466 -0.028398781447452476 -0.0060624470680789135 0.0091784595633535235 0.0084598365924102355 0.0030450037752357668 0.019345475371022672 -0.019388348773906897 0.0068907784317515973 -0.0017153957039852206 -0.0097460187973769739 0.01784092232350936 0.00016941496867818758 0.0043618651613229345
leaf_weight=8.0651839524507505 8.5718746930360812 13.889857633970683 12.318628191947935 14.292161688208578 7.0432375669479361 6.0481016151607028 33.667235626839094 4.5752178546972555 5.1572337835095823 13.313426643609999 10.978609617799519 12.222019053995611 10.000369295477865 20.08344632387162
leaf_count=14 61 91 58 37 19 17 179 40 21 42 43 27 46 62
internal_value=0.00280825 0.00136355 0.00336126 -0.00483758 -0.0125362 -0.0201623 0.00645191 0.00820883 -0.00785045 0.0102615 0.00289334 0.0090335 -0.0123659 0.0145947
internal_weight=180.227 172.161 153.589 41.2734 26.9812 19.938 112.316 99.9972 9.73245 90.2647 36.5141 25.5354 18.5722 53.7507
internal_count=757 743 636 164 127 108 472 414 61 353 112 69 107 241
is_linear=0
shrinkage=0.03


Tree=131
num_leaves=15
num_cat=0
split_feature=20 8 20 30 2 19 62 2 8 8 17 23 23 12
split_gain=6.38834 5.46883 5.03551 6.84517 5.85586 5.61193 5.54859 4.50137 3.62058 4.10297 4.75896 4.88732 7.98228 3.61891
threshold=-1.062820255756378 -0.17320114374160764 0.67553758621215831 -0.31242194771766657 -0.98521101474761952 -0.16984742879867551 1.0000000180025095e-35 0.10893747303634883 -0.53406506776809681 -1.3288000822067259 -0.051981380209326737 -0.76233616471290577 0.7490815818309785 1.0660492181777956
decision_type=2 2 2 2 2 2 2 2 2 2 2 2 2 2
left_child=-1 8 3 5 -5 -3 -6 -7 9 -2 11 -11 -13 -4
right_child=1 2 13 4 6 7 -8 -9 -10 10 -12 12 -14 -15
leaf_value=-0.01859169037599126 0.017037677353270848 0.01567678084553225 0.010788019796785902 0.0043009120480935288 0.0014203691522327588 0.0050307960372368253 -0.027985434650956219 -0.020259762441062337 0.017594844993593709 0.0085373438641103954 0.012355165181844948 -0.029599067840918331 0.0075536309641127085 -0.0066762983961902366
leaf_weight=7.845836464315652 8.4364427719265205 13.898223018273713 35.40002977848053 9.5071051865816099 7.0938768717460361 10.931522920727732 17.964018475264311 6.3305777218192807 26.284689614549279 6.0222816839814213 8.2795557975769061 9.4677923358976823 5.5107494033873072 10.69824895262718
leaf_count=61 20 39 89 25 38 32 195 48 78 21 17 69 18 33
internal_value=0.0019329 0.00333753 -0.000729301 -0.00588516 -0.0142319 0.00406127 -0.0208092 -0.00671125 0.00998106 0.00323664 -0.00264486 -0.0097973 -0.0174607 0.0064783
internal_weight=183.671 175.825 111.824 65.7253 34.565 31.1603 25.0579 17.2621 64.0015 37.7168 29.2804 21.0008 14.9785 46.0983
internal_count=783 722 499 377 258 119 233 80 223 145 125 108 87 122
is_linear=0
shrinkage=0.03


Tree=132
num_leaves=15
num_cat=0
split_feature=31 14 17 30 29 22 8 14 21 59 9 19 23 25
split_gain=5.05229 6.95294 7.15167 6.41713 4.84185 5.0905 4.69625 3.4411 3.15394 3.99533 3.39132 2.96849 2.32678 1.14843
threshold=1.1107677668333056 -0.7562313675880431 0.39207018911838537 -0.23709783703088758 1.3500747680664065 -0.31436178088188166 0.50680834054946911 0.65390467643737804 1.0793160796165469 1.0000000180025095e-35 0.4461438804864884 -1.0568305850028989 0.18229994177818301 -0.32695157825946802
decision_type=2 2 2 2 2 2 2 2 2 2 2 2 2 2
left_child=1 12 4 11 5 6 -3 -5 9 -7 13 -2 -1 -11
right_child=3 2 -4 7 -6 8 -8 -9 -10 10 -12 -13 -14 -15
leaf_value=-0.018854827882701375 0.015645628997480877 -0.017525503993942433 0.021360473597879091 -0.026350516771025848 -0.011816825492013367 -0.0061140279682213722 0.0090816301599200792 -0.0018867730889677537 -0.0052508213687001148 0.02294536635948586 -0.00055478510820419053 -0.0051617617478182613 0.00076761998611326817 0.0098304042352567126
leaf_weight=7.6989985071122673 7.9044876880943802 9.5225461297668499 23.478753596544266 9.0002588052302617 10.563314527273176 7.1239542518742374 6.086469590663909 9.528667137026785 8.4120153449475747 21.726466368883841 11.002464303746818 8.2676977440714818 8.8564376011490804 25.131483937613673
leaf_count=50 20 63 51 53 35 39 16 29 28 48 55 46 35 177
internal_value=0.00298315 0.0055172 0.00801737 -0.00662229 0.00400009 0.00640594 -0.00746429 -0.0168442 0.00964362 0.0118091 0.0143266 0.00630139 -0.0106145 0.0175374
internal_weight=174.304 139.603 123.047 34.7011 99.5687 89.0054 15.609 18.5289 73.3964 64.9844 57.8604 16.1722 16.5554 46.858
internal_count=745 597 512 148 461 426 79 82 347 319 280 66 85 225
is_linear=0
shrinkage=0.03


Tree=133
num_leaves=15
num_cat=0
split_feature=52 22 7 10 69 22 8 30 19 16 30 18 4 4
split_gain=3.99766 4.64388 9.6395 10.2863 5.30114 7.74547 4.88262 4.15034 4.0773 4.06209 4.68665 2.59649 2.2819 1.80183
threshold=1.0000000180025095e-35 0.064371716231107726 0.34528724849224096 -1.2205557227134702 1.0000000180025095e-35 -1.0085491538047788 -0.15651379525661466 -0.4958671480417251 -2.1975153684616084 0.64066660404205333 0.024016799870878461 -0.16823647171258924 -0.49500095844268793 0.29828810691833502
decision_type=2 2 2 2 2 2 2 2 2 2 2 2 2 2
left_child=11 2 3 -2 5 -5 12 -8 -7 10 -4 -1 -3 -14
right_child=1 6 9 4 -6 8 7 -9 -10 -11 -12 -13 13 -15
leaf_value=0.018566636717099898 0.012779784192810369 0.021521336307877982 0.0092946595221972926 0.001190704191147247 0.0073052757066212034 0.0032762979881687045 0.0096842053282732241 -0.011750743912621278 -0.029432810857932888 0.018850590335224592 -0.013515268397147447 0.00080264076697300092 -0.0035570607830977406 0.011193514517039009
leaf_weight=19.753926365636293 10.764744505286215 15.722915064543484 15.628131872043015 12.074360823724414 5.3992091361433259 2.7959119491279116 9.7516696974635142 13.427659090608357 26.433174709323801 14.708264611661432 8.3591617941856367 11.235286757349966 8.9829011373221892 14.453946013003586
leaf_count=58 25 38 43 50 22 11 27 52 259 33 34 34 37 44
internal_value=0.00408136 0.00196426 -0.00216645 -0.00963471 -0.0155374 -0.0189898 0.00802393 -0.0026147 -0.0262825 0.00875813 0.000385645 0.0131325 0.0139042 0.00590853
internal_weight=189.491 158.502 96.163 57.4674 46.7027 41.3034 62.3391 23.1793 29.2291 38.6956 23.9873 30.9892 39.1598 23.4368
internal_count=767 675 477 367 342 320 198 79 270 110 77 92 119 81
is_linear=0
shrinkage=0.03


Tree=134
num_leaves=15
num_cat=0
split_feature=27 10 28 23 10 5 0 15 19 8 28 17 3 6
split_gain=5.82721 8.87479 11.1457 5.55354 4.90047 4.00572 5.0366 5.50691 3.63443 3.386 3.16464 2.75123 1.77916 1.49786
threshold=-0.075719472020864473 -0.42929178476333613 0.31689143180847174 -0.57340894639492024 0.36197219789028173 1.0733481049537661 0.50710266828536998 1.0000000180025095e-35 0.54136162996292125 0.26484178006649023 0.89582940936088573 -0.26962263882160181 -0.24481490254402158 0.31207349896430975
decision_type=2 2 2 2 2 2 2 2 2 2 2 2 2 2
left_child=1 9 -3 10 8 6 7 13 12 11 -4 -1 -5 -2
right_child=5 2 3 4 -6 -7 -8 -9 -10 -11 -12 -13 -14 -15
leaf_value=0.00088825889218091644 0.020041410455001012 -0.029659176303501098 0.0014909417058779596 0.00062614484206190482 0.016963024510809662 -0.0079641353768061859 -0.0063335548772349079 -0.0023509499172522253 0.0092010204975626602 -0.0045565143659524777 -0.024694964530795144 0.019285964737272284 -0.021079297442999329 0.0050658865132793838
leaf_weight=12.400187361985443 37.838414680212736 13.975386078935115 5.7489615269005281 4.7204788289964172 12.364158995449541 9.7192775774747115 11.88148609548807 15.423274882137774 6.0343530103564254 12.775325283408163 6.1957103684544563 14.806313425302507 5.014784419909124 11.854510582983492
leaf_count=41 90 201 23 28 47 43 41 45 14 41 43 33 34 34
internal_value=0.00191665 -0.00318816 -0.0107053 -0.0015394 0.00576625 0.00732433 0.00962212 0.0127775 -0.0049828 0.00703498 -0.0153707 0.0123404 -0.0139134 0.0172586
internal_weight=180.753 94.0357 54.0538 40.0784 28.1338 86.717 76.9977 65.1162 15.7696 39.9818 11.9447 27.2065 9.73526 49.6929
internal_count=758 505 390 189 123 253 210 169 76 115 66 74 62 124
is_linear=0
shrinkage=0.03


Tree=135
num_leaves=15
num_cat=0
split_feature=6 12 9 61 22 9 9 24 26 14 9 27 9 23
split_gain=6.08254 9.36646 7.89325 6.59526 6.33495 5.25745 6.28527 4.27201 4.22396 3.86743 2.86098 2.76712 2.69597 2.47058
threshold=-0.64847996830940235 1.0215593576431277 -0.15645481646060941 1.0000000180025095e-35 1.4112346172332766 -0.056021699681878083 -0.21671468764543531 -0.56269074976444233 -0.43790842592716211 -0.27143290638923639 0.4260572642087937 -0.29193605482578272 -0.5983605384826659 -0.38448172807693476
decision_type=2 2 2 2 2 2 2 2 2 2 2 2 2 2
left_child=2 3 -1 13 5 6 9 -8 -4 -5 -7 -12 -11 -2
right_child=1 -3 8 4 -6 10 7 -9 -10 12 11 -13 -14 -15
leaf_value=0.017597751464696425 0.0016818045340750883 -0.019085829220158158 0.0067469323761295318 -0.0046564763550604529 -0.014226476100622209 0.0254209178180144 0.0053647415731007137 -0.022890253976024934 -0.017312707698346256 0.0033501422250933298 0.014845008120738117 -0.0052091864346143334 0.022281796675075984 -0.019962369470345142
leaf_weight=38.278940121643245 6.0432241111993781 16.349096558988094 9.7967382892966288 12.183603052049873 8.0607883827760798 14.527908623218538 5.2549807429313606 7.5872867181897199 7.4377214461565009 15.085187081247566 7.9276822526007917 8.209164083003996 11.476294036954643 9.197925419546662
leaf_count=101 31 71 33 49 39 38 16 121 34 47 29 36 26 94
internal_value=0.00289881 -0.000924502 0.0106772 0.00262444 0.00582287 0.00849038 0.0021433 -0.0130651 -0.00519455 0.00810136 0.0173706 0.00582407 0.0137639 -0.0130848
internal_weight=177.417 121.903 55.5134 105.554 90.3129 82.2521 51.5874 12.8423 17.2345 38.7451 30.6648 16.1368 26.5615 15.2411
internal_count=765 597 168 526 401 362 259 137 67 122 103 65 73 125
is_linear=0
shrinkage=0.03


Tree=136
num_leaves=15
num_cat=0
split_feature=7 13 9 30 30 23 30 1 9 20 19 6 7 4
split_gain=5.02499 4.01307 5.17341 5.66363 5.81656 5.27258 4.99668 4.79697 5.65915 6.30388 4.57018 4.42339 2.51597 2.17514
threshold=-1.1588338017463682 1.9486086368560793 -0.91974651813507069 -0.31242194771766657 -0.55039921402931202 1.0000000180025095e-35 2.3102912902832036 2.1758989095687871 -0.39749430119991297 0.67553758621215831 -0.77733778953552235 0.3859622329473496 -0.4187107235193252 0.49661035835742956
decision_type=2 2 2 2 2 2 2 2 2 2 2 2 2 2
left_child=-1 2 -2 4 5 11 7 8 -5 -10 -7 13 -6 -4
right_child=1 -3 3 6 12 10 -8 -9 9 -11 -12 -13 -14 -15
leaf_value=0.02013532245849111 0.011765565997657598 0.014156116624498498 -0.027138591435999605 0.0002191313368579018 0.00017139743412568519 0.018768735750304091 0.0083845407308662922 0.0090393557452221659 -0.028208678082452202 -0.0021921737051822441 -0.0059814348081172457 0.0057888784580723864 0.019986644174431689 -0.0020875514837506424
leaf_weight=10.589286398142574 25.24308554828167 17.318491615355015 7.6552554890513438 18.053230412304401 8.034056508913638 8.9680436737835425 11.080105010420082 6.196689845994114 22.267676297109574 13.404809311032293 9.4193364381790143 5.9708453491330138 16.253650045022368 5.3295373972505331
leaf_count=24 70 42 58 57 40 22 28 20 233 38 45 24 40 24
internal_value=0.00376686 0.00224625 0.000545317 -0.00194 0.00452399 -0.00296592 -0.00747929 -0.0108325 -0.0136989 -0.0199037 0.00752176 -0.0125858 0.0145803 -0.0202954
internal_weight=185.784 175.195 157.876 132.633 61.6307 37.343 71.0025 59.9224 53.7257 35.6725 18.3874 18.9556 24.2877 12.9848
internal_count=765 741 699 629 253 173 376 348 328 271 67 106 80 82
is_linear=0
shrinkage=0.03


Tree=137
num_leaves=15
num_cat=0
split_feature=25 68 26 18 17 20 19 29 5 1 5 6 30 22
split_gain=4.33747 4.71447 5.62987 4.96347 4.57049 5.37723 4.21143 4.99807 3.87412 3.68629 3.12523 4.66845 3.40671 2.96226
threshold=-1.2152553200721739 1.0000000180025095e-35 -1.0474530458450315 -0.44857849180698389 -0.31965644657611841 -0.92042914032936085 0.94129839539527904 1.0894425511360171 -0.41810853779315943 -0.66603073477745045 0.10828792676329614 1.1987382769584658 -0.63409405946731556 0.064371716231107726
decision_type=2 2 2 2 2 2 2 2 2 2 2 2 2 2
left_child=-1 -2 -3 4 5 -4 7 8 -5 -10 -11 12 -12 -6
right_child=1 2 3 6 13 -7 -8 -9 9 10 11 -13 -14 -15
leaf_value=0.014774808530732271 0.015686946493383459 -0.014814170534204368 0.011554887107055736 -0.013205959293853615 0.0039900542335462785 -0.018149250192171319 -0.013023153432088866 0.014692369774839103 -0.011270772487127288 0.016850820439002517 0.0069111636333402948 0.015240051792647574 -0.018873452724661913 0.02359518131782477
leaf_weight=24.490899577736855 15.180577324703334 14.630141984671353 6.2451292350888252 15.755518469493827 14.364428278058769 5.9824843108654004 17.65772370994091 14.891086950898169 7.8633810663595716 11.842524564825014 3.99163356982171 5.054556659422814 7.7199044809676778 14.986425302922724
leaf_count=59 48 80 24 103 48 39 55 36 68 46 20 14 80 28
internal_value=0.00419141 0.00212477 0.000177199 0.00241082 0.0102936 -0.0040277 -0.00181326 0.0018343 -0.00279516 0.00275213 0.00770982 -0.00113451 -0.0106469 0.0159777
internal_weight=180.656 156.166 140.985 126.355 41.5785 12.2276 84.7763 67.1186 52.2275 36.472 28.6086 16.7661 11.7115 29.3509
internal_count=748 689 641 561 139 63 422 367 331 228 160 114 100 76
is_linear=0
shrinkage=0.03


Tree=138
num_leaves=15
num_cat=0
split_feature=7 17 7 10 52 35 31 17 1 2 2 29 12 24
split_gain=5.74343 6.19453 4.51579 4.50535 6.76532 6.72489 6.07661 8.02284 6.89169 4.2879 4.47271 5.84061 2.12764 3.19695
threshold=-1.2116099596023557 -0.38846583664417261 0.28497160971164709 -1.2205557227134702 1.0000000180025095e-35 1.0000000180025095e-35 1.1107677668333056 0.30867289006710058 0.99176153540611278 -0.98521101474761952 0.65601173043251049 1.0894425511360171 0.38172458112239843 -0.38554565608501429
decision_type=2 2 2 2 2 2 2 2 2 2 2 2 2 2
left_child=-1 2 -2 -3 -5 -6 7 8 9 -7 11 12 13 -11
right_child=1 3 -4 4 5 6 -8 -9 -10 10 -12 -13 -14 -15
leaf_value=0.02174905527010031 -0.01895862336395112 0.015180701532695219 0.0060531167882069336 0.014974411617547197 0.014545956249768302 0.012642634121614343 -0.019874056757558902 0.012980459545086262 -0.025612869539478177 0.0078632679273916706 0.0080695027356087329 0.0094407467667745014 -0.028495269781480995 -0.015664460093077703
leaf_weight=8.8363123685121518 15.435124944895508 21.360457092523575 6.6506788320839396 21.573090664111078 13.828507614322005 9.8051509261131198 14.858718681149183 20.601689174771309 8.9089310280978662 4.900793571025126 10.056668271310626 5.3616717606782904 7.4074977040290824 7.4677536170929866
leaf_count=16 115 49 23 65 47 22 69 50 52 13 86 12 37 94
internal_value=0.00314682 0.00157007 -0.0116998 0.00389636 0.00145403 -0.00193374 -0.00511932 -0.0011122 -0.00714248 -0.00129012 -0.0062616 -0.0123825 -0.0190104 -0.00676211
internal_weight=177.053 168.217 22.0858 146.131 124.77 103.197 89.3689 74.5102 53.9085 44.9995 35.1944 25.1377 19.776 12.3685
internal_count=750 734 138 596 547 482 435 366 316 264 242 156 144 107
is_linear=0
shrinkage=0.03


Tree=139
num_leaves=15
num_cat=0
split_feature=9 6 61 10 6 6 20 10 10 10 3 20 10 5
split_gain=4.21939 7.2879 5.68113 4.83953 3.42576 6.49881 3.00439 2.91565 2.46436 2.93965 2.45563 2.40121 1.69757 1.51111
threshold=0.28545089066028601 0.16429603844881061 1.0000000180025095e-35 -0.62710776925086964 -0.64847996830940235 -0.20514760911464688 -0.10168040543794631 0.16415620595216754 -0.62710776925086964 0.16415620595216754 -0.64624956250190724 -0.23220556229352948 1.0000000180025095e-35 -0.72517311573028553
decision_type=2 2 2 2 2 2 2 2 2 2 2 2 2 2
left_child=2 -2 3 -1 12 7 10 -6 -8 -10 -7 -3 -4 -14
right_child=1 11 4 -5 5 6 8 -9 9 -11 -12 -13 13 -15
leaf_value=0.0054848021324105708 -0.017704464592405048 0.013805381413097112 0.019349144076099212 -0.019795212512085936 -0.019123857668716923 -0.0026704939613461354 0.0096741320519956511 0.0021137676568970102 -0.014117554852976374 0.0052606121442128999 0.01735465460290906 -0.0044653932554990661 0.011910327598305006 -0.0024637411326395779
leaf_weight=10.104984279721977 15.90929111279547 10.821008551865818 24.524289585649967 8.8642057306133193 8.5157743329182285 5.1813899944536379 13.233721546828745 8.6421804130077344 9.1599586009979266 10.137088060379027 27.20751779479906 7.7331402301788321 9.2541441731154936 9.5976733369752747
leaf_count=29 97 37 54 98 39 59 32 27 34 30 122 34 27 35
internal_value=0.003606 -0.0052867 0.00583394 -0.00799347 0.00815095 0.00411409 0.00840797 -0.0103637 0.00149535 -0.00495013 0.0142224 0.00685894 0.0145749 0.00560991
internal_weight=178.886 34.4634 144.423 18.9692 125.454 82.0776 64.9197 17.158 32.5308 19.297 32.3889 18.5541 43.3761 18.8518
internal_count=754 168 586 127 459 343 277 66 96 64 181 71 116 62
is_linear=0
shrinkage=0.03


Tree=140
num_leaves=15
num_cat=0
split_feature=8 14 29 14 3 35 9 9 9 25 14 1 17 7
split_gain=5.87416 6.13768 4.33641 5.84167 6.63738 5.27436 7.37765 5.18026 3.4297 3.32113 2.80564 2.54585 2.98228 2.21129
threshold=-1.4977594614028928 0.98683875799179088 -1.2562471628189085 -0.42578347027301783 1.9018582105636599 1.0000000180025095e-35 -0.2368013113737106 -0.73896688222885121 -0.43766753375530237 -0.62305282056331623 -0.12352122738957404 0.87334778904914867 -0.26962263882160181 -0.79317027330398548
decision_type=2 2 2 2 2 2 2 2 2 2 2 2 2 2
left_child=-1 2 10 8 5 -5 7 -7 -4 -8 -2 12 -10 -11
right_child=1 -3 3 4 -6 6 9 -9 11 13 -12 -13 -14 -15
leaf_value=0.021826803007511289 -0.0020034693808982846 0.012598275863397184 -0.0066133506583376739 0.0042320451515087112 0.011186704331669687 -0.015179361754112875 -0.0053757477875307951 0.0081286121937554565 0.010152374762046635 -0.0010142398489630814 0.016476757313198784 0.018991830425937696 -0.0092769792498036685 -0.034785759013565072
leaf_weight=8.1966670490801317 11.222969423979523 28.144122652709484 13.501747287809847 11.705021064728497 8.5579769266769272 11.431005224585535 8.0711521953344292 13.360054511576882 11.111246822401883 2.2319245543330899 12.28907300531864 9.8984688818454725 7.8473149240016964 16.563110094983148
leaf_count=17 43 72 56 50 23 45 28 44 56 12 25 24 31 223
internal_value=0.00255367 0.000991031 -0.0017379 -0.00419623 -0.00917179 -0.0125386 -0.0163768 -0.00336243 0.00432811 -0.025974 0.00885119 0.00966808 0.0018525 -0.0318312
internal_weight=174.132 165.935 137.791 114.279 71.9202 63.3623 51.6572 24.7911 42.3588 26.8662 23.512 28.857 18.9586 18.795
internal_count=749 732 660 592 425 402 352 89 167 263 68 111 87 235
is_linear=0
shrinkage=0.03


Tree=141
num_leaves=15
num_cat=0
split_feature=28 8 19 35 2 7 8 17 11 28 9 14 16 19
split_gain=8.00864 5.45997 7.99282 8.69417 6.19656 6.12609 3.19603 2.69771 3.64214 2.58978 2.26741 1.0435 0.648693 0.334277
threshold=-1.5220880508422849 -0.17320114374160764 0.045182067900896079 1.0000000180025095e-35 -0.98521101474761952 -0.13598121702671048 -0.12939685583114621 -0.31965644657611841 0.14425361156463626 1.1342156529426577 0.3055375218391419 -0.93377065658569325 -0.040184410288929932 0.69181817770004284
decision_type=2 2 2 2 2 2 2 2 2 2 2 2 2 2
left_child=6 9 3 -3 -4 11 -1 -7 -9 10 12 -6 13 -2
right_child=1 2 4 -5 5 7 -8 8 -10 -11 -12 -13 -14 -15
leaf_value=-0.022681662258218906 0.019983149864065932 0.0074279060004831801 0.017584877890829003 -0.023511605607791371 0.00099128824917100187 0.013911758502196633 0.00011428615429236572 0.0086603655805478508 -0.0098929847689120491 -0.0028979541493415546 -8.7447455505552038e-05 -0.022147245079678066 0.0055645064072849752 0.006796908601875179
leaf_weight=9.9347391873598117 25.371614564210176 9.9507060945034045 19.451439425349236 17.022264262661338 1.5833582170307616 11.920184142887591 8.7156342156231386 13.446805152110757 14.745764337480066 8.8605562448501569 9.8103173989802581 6.4213431486859918 11.092742390930651 9.3762300685048086
leaf_count=48 82 31 46 89 7 35 27 48 49 46 54 145 40 22
internal_value=0.00214647 0.00444578 -0.000234826 -0.0127209 0.00528258 -0.000877757 -0.0142567 0.00442893 -0.00107218 0.0108287 0.013073 -0.0189489 0.015621 0.0177276
internal_weight=177.704 159.053 94.5419 26.973 67.5689 48.1175 18.6504 40.1128 28.1926 64.5115 55.6509 8.0047 45.8406 34.7478
internal_count=769 694 450 120 330 284 75 132 97 244 198 152 144 104
is_linear=0
shrinkage=0.03


Tree=142
num_leaves=15
num_cat=0
split_feature=17 14 30 14 39 25 2 0 23 29 18 0 1 18
split_gain=4.76817 5.32511 9.2099 5.30361 4.61801 7.04308 5.19016 4.34677 4.57124 6.25494 3.47923 4.41204 2.80803 2.69995
threshold=-0.38846583664417261 -0.12352122738957404 -0.31242194771766657 -0.58715945482254017 1.0000000180025095e-35 -0.91915407776832569 1.0000000180025095e-35 0.11180475258152002 -0.76233616471290577 0.35967241227626806 -0.18556050211191175 1.0000000180025095e-35 -0.66603073477745045 -0.58424407243728627
decision_type=2 2 2 2 2 2 2 2 2 2 2 2 2 2
left_child=3 2 7 -1 -3 -6 -7 -2 -9 -10 11 -4 -8 -13
right_child=1 4 10 -5 5 6 12 8 9 -11 -12 13 -14 -15
leaf_value=0.0061011003282224726 0.016862471552949954 0.016095287561372112 -0.021203259010953792 -0.020140666800403509 0.017435406501440712 0.0050065918099322579 -0.00057800543514468583 0.011658287192391838 -0.021616093228131055 0.0091590395974165753 -0.025210059961195075 -0.0093341735662331293 -0.022656631041798134 0.010784178030280421
leaf_weight=8.6038183979690093 15.771932099014519 35.947635538876057 4.2745251115411582 11.988010603934525 14.543471351265906 22.960505731403828 8.5994904860854131 9.7265266925096512 9.6588450334966165 6.3114553093910226 9.5416504889726621 4.9255724120885196 9.1689509041607398 11.197183992248023
leaf_count=48 48 82 55 88 33 62 28 31 69 15 42 23 44 112
internal_value=0.00201485 0.00380835 -0.00225805 -0.0101263 0.00842774 0.00251946 -0.00413074 0.0066429 -0.0013545 -0.0101699 -0.0137732 -0.00451323 -0.0144446 0.00388331
internal_weight=183.22 162.628 71.4077 20.5918 91.2201 55.2724 40.7289 41.4688 25.6968 15.9703 29.9389 20.3973 17.7684 16.1228
internal_count=780 644 395 136 249 167 134 163 115 84 232 190 72 135
is_linear=0
shrinkage=0.03


Tree=143
num_leaves=15
num_cat=0
split_feature=9 6 1 24 3 26 22 15 26 27 19 1 4 27
split_gain=4.61679 6.91031 4.1998 3.71274 3.41523 2.13251 3.69026 3.84118 4.08029 4.62757 3.85622 3.18846 2.09412 1.73754
threshold=0.3055375218391419 0.16429603844881061 1.3470027446746828 1.0000000180025095e-35 0.45212295651435858 1.2849844694137575 1.7124718427658083 -0.1107279136776924 -0.71593949198722828 0.18687520176172259 0.77628910541534435 -0.78444448113441456 0.59577149152755748 -0.29193605482578272
decision_type=2 2 2 2 2 2 2 2 2 2 2 2 2 2
left_child=2 -2 5 -3 -4 6 7 8 10 11 12 -10 -1 -13
right_child=1 3 4 -5 -6 -7 -8 -9 9 -11 -12 13 -14 -15
leaf_value=-0.021615272100493858 -0.016640024004365608 -0.0061825553525838147 -0.014018521773756716 0.015253962129611167 0.0062126339230939116 0.016613608364881093 0.021808494186051075 -0.0093213598100025802 -0.002081373292919944 -0.0038687445678554193 0.0090149386848155967 0.0064145491848730841 0.0011687221024944718 0.021144932358240713
leaf_weight=5.7296841423958558 15.757782317698 8.9486579969525355 10.061311809811743 12.097075758501886 10.778572365641592 25.867225650697947 8.3015988972038013 11.328954987227915 8.4766075871884734 14.954915277659891 6.5760166496038428 16.931217387318604 4.7501367032527924 27.30026855738835
leaf_count=49 98 34 50 44 28 60 17 48 57 56 14 61 19 152
internal_value=0.00502425 -0.00408698 0.00730394 0.00670205 -0.00437737 0.00926616 0.00676842 0.00445368 0.00671256 0.00988695 -0.00526721 0.0137869 -0.0142463 0.0167305
internal_weight=187.86 36.8035 151.057 21.0457 20.8399 130.217 104.349 96.0478 84.7188 67.663 17.0558 52.7081 10.4798 44.2315
internal_count=787 176 611 78 78 533 473 456 408 326 82 270 68 213
is_linear=0
shrinkage=0.03


Tree=144
num_leaves=15
num_cat=0
split_feature=2 0 30 9 27 7 17 25 0 10 6 0 20 5
split_gain=5.85582 4.19483 6.06544 6.99691 4.92819 5.00377 4.66654 4.37945 3.86893 3.78046 3.73555 3.5314 2.82147 4.65771
threshold=-1.5322852730751035 1.0938091874122622 -0.31242194771766657 -0.39749430119991297 -0.091849088668823228 0.05124854855239392 0.44380381703376776 -0.32695157825946802 0.11180475258152002 1.0000000180025095e-35 0.3859622329473496 -0.74602970480918873 0.96625271439552318 1.4242790937423708
decision_type=2 2 2 2 2 2 2 2 2 2 2 2 2 2
left_child=-1 2 4 9 5 10 11 -3 -6 -4 -2 -5 13 -13
right_child=1 7 3 6 8 -7 -8 -9 -10 -11 -12 12 -14 -15
leaf_value=0.015826663163455698 -0.019191223219296009 0.020106450281768527 0.0095843241181000176 -0.00065883138810038649 0.020549388480146157 0.0090066961369067826 0.0032208637254256436 -0.0032180991732177907 0.0004957718456393128 -0.0086132699894318366 0.0045650322148144814 -0.033230601185993747 -4.9588382633953731e-05 0.0022980897764258443
leaf_weight=21.218792915344238 12.603177549317481 12.91443093121052 21.22851050645113 7.2017397717572775 16.837949266657237 13.586357576772569 8.4372618049383146 10.142838973086326 14.766429938375948 12.155978087335823 6.5622471347451201 16.809419524855919 3.6839912533760062 3.188339647371321
leaf_count=52 93 26 59 54 37 44 22 49 55 44 36 169 10 24
internal_value=0.00268242 0.000514047 -0.00159498 -0.00730323 0.0049154 -0.00311622 -0.0151422 0.011101 0.0125274 0.00269936 -0.0117956 -0.0199087 -0.0246273 -0.0282394
internal_weight=181.337 160.119 137.061 72.7052 64.3562 32.7518 39.3208 23.0573 31.6044 33.3845 19.1654 30.8835 23.6818 19.9978
internal_count=774 722 647 382 265 173 279 75 92 103 129 257 203 193
is_linear=0
shrinkage=0.03


Tree=145
num_leaves=15
num_cat=0
split_feature=12 11 5 4 5 16 13 22 23 29 16 26 9 23
split_gain=5.81184 5.69065 4.43776 4.86662 7.12562 4.75375 8.26335 4.25779 4.13366 3.84824 3.20173 2.05746 1.84444 1.36793
threshold=1.0660492181777956 0.7444572150707246 -1.1638368368148801 0.44702979922294622 -0.46197490394115442 -0.36013673245906824 -0.25385545939207071 0.71640825271606456 0.56015436351299297 -1.3083735704421995 -0.62922361493110646 -1.0000000180025095e-35 -0.056021699681878083 -0.38448172807693476
decision_type=2 2 2 2 2 2 2 2 2 2 2 2 2 2
left_child=1 2 -1 4 -4 -6 -7 8 -2 -8 -5 13 -11 -12
right_child=7 -3 3 10 5 6 9 -9 -10 12 11 -13 -14 -15
leaf_value=0.012399995725900986 -0.026104535082326394 0.015920884286385432 -0.022015310662142403 -0.0059632874449234534 0.011414128628886156 0.01304348342915829 0.005053694573078929 0.0055983517540712834 0.00021834682866360192 -0.024883724998314368 0.021926572330223472 -0.00086376830519010138 -0.0031875664264650614 0.0035341208569114372
leaf_weight=20.348209007643163 10.121086917817598 24.704420253634453 14.018836013972757 9.5680997557938081 15.367244973778723 9.5256393402814812 4.9257376715540842 8.3678685687482339 8.197772763669489 13.333893130067734 9.7971112336963433 7.9782039858400848 6.4021442607045307 7.831816053017973
leaf_count=57 46 61 100 40 46 29 14 22 25 144 25 26 49 63
internal_value=0.00172535 0.00416521 0.00118349 -0.001614 -0.0064043 -0.000375031 -0.00645447 -0.0100045 -0.0168039 -0.0149148 0.00676325 0.0117159 -0.0199127 0.0163419
internal_weight=170.488 143.801 119.097 98.7487 63.5735 49.5547 34.1874 26.6867 18.3189 24.6618 35.1752 25.6071 19.736 17.6289
internal_count=747 654 593 536 382 282 236 93 71 207 154 114 193 88
is_linear=0
shrinkage=0.03


Tree=146
num_leaves=15
num_cat=0
split_feature=5 17 22 5 20 9 30 1 17 28 16 17 1 20
split_gain=6.66917 4.39677 5.76922 5.38657 6.19487 4.38263 4.96453 4.848 4.43106 3.99567 3.86621 2.81341 2.79271 1.68448
threshold=1.512011766433716 0.38037602603435522 -0.31436178088188166 -0.98837137222290028 0.32549284398555761 0.3055375218391419 0.091470289975404753 1.2285889983177187 -0.371030643582344 -0.46637761592864985 0.98249831795692455 -0.17330861836671826 0.99176153540611278 0.38482245802879339
decision_type=2 2 2 2 2 2 2 2 2 2 2 2 2 2
left_child=1 2 3 -1 -5 6 9 8 -7 -4 -3 -8 13 -11
right_child=-2 10 5 4 -6 7 11 -9 -10 12 -12 -13 -14 -15
leaf_value=0.0094285496968562667 -0.017583138740779412 0.019675981060163786 -0.0016362199290572686 -0.024898286304112997 0.002280572074333648 0.0043471615085427535 -0.011140394852544389 0.011700613714013401 -0.022052313571587552 0.023108514768575745 -0.00071627985962258839 0.0071497203333208328 0.00056052242715733851 0.0043228728706081083
leaf_weight=8.2385158129036409 7.8643208867870262 23.241296261548996 11.996881041675804 13.591781563591214 11.40481562912464 7.0375083014369055 11.301580756902696 6.6135088186711064 9.8248393051326275 29.391481779981405 11.405251771211622 9.5299209356307966 8.1510316426865739 7.9552851766347876
leaf_count=24 54 52 44 110 33 34 49 18 69 171 33 25 43 22
internal_value=0.00345624 0.00490673 0.00223655 -0.00786374 -0.0141846 0.00574775 0.00903173 -0.00487107 -0.0125601 0.0132859 0.0137193 -0.00300877 0.016993 0.0200898
internal_weight=177.548 169.684 135.037 33.2351 24.9966 101.802 78.3262 23.4759 16.8623 57.4947 34.6465 20.8315 45.4978 37.3468
internal_count=781 727 642 167 143 475 354 121 103 280 85 74 236 193
is_linear=0
shrinkage=0.03


Tree=147
num_leaves=15
num_cat=0
split_feature=15 7 9 17 52 18 24 25 9 30 14 18 7 11
split_gain=5.25183 11.0224 7.0373 5.39454 6.45456 6.59907 4.83815 5.21652 3.80174 9.3363 4.39533 3.04023 2.47371 2.32733
threshold=1.0000000180025095e-35 0.4106291681528092 -0.6987936496734618 0.30867289006710058 1.0000000180025095e-35 -0.21775482594966886 0.32303477078676229 0.56135213375091564 -0.096194941550493226 0.091470289975404753 -0.12352122738957404 -0.062317090108990662 -0.064356409013271318 0.57578548789024364
decision_type=2 2 2 2 2 2 2 2 2 2 2 2 2 2
left_child=2 -2 -1 4 -4 6 7 -6 9 12 11 -10 13 -7
right_child=1 -3 3 -5 5 8 -8 -9 10 -11 -12 -13 -14 -15
leaf_value=0.01584915545063233 -0.025341715880046082 0.0094071721903091852 0.012816839972739618 0.016086438169392231 -0.028118846030519156 -0.013205031197845283 0.0027983823952494129 -0.0010977518264290887 0.0077452999512320816 -0.026874584134174772 0.018331765248146371 -0.015288817006849328 0.014978329448391319 0.0085546794592656385
leaf_weight=41.706846065819263 10.852710869163277 13.061079442501066 20.130783333443105 15.599607035517691 15.435758549720051 4.6108480296097714 10.811648849397896 9.995842404663561 6.3958875834941864 6.3641272746026507 14.993395783007143 4.7687950581312197 8.6162607483565825 3.6299092397093773
leaf_count=116 52 35 68 36 75 135 54 40 45 33 35 31 24 10
internal_value=0.00398983 -0.00801802 0.00593702 0.00203802 -0.00066693 -0.00436936 -0.013259 -0.0194236 0.00277464 -0.00547613 0.00980245 -0.00377915 0.00690229 -0.00400925
internal_weight=186.974 23.9138 163.06 121.353 105.753 85.6225 36.2432 25.4316 49.3792 23.2211 26.1581 11.1647 16.857 8.24076
internal_count=789 87 702 586 550 482 169 115 313 202 111 76 169 145
is_linear=0
shrinkage=0.03


Tree=148
num_leaves=15
num_cat=0
split_feature=5 0 29 29 12 16 27 27 9 37 19 7 6 12
split_gain=6.50829 6.29883 5.16977 5.73642 5.29265 4.14064 3.85202 4.87266 6.99388 3.27601 2.86958 1.6842 1.45304 0.614607
threshold=1.512011766433716 -1.7491278648376463 -1.2562471628189085 -0.63072991371154774 1.6324952244758608 1.6771685481071474 -0.075719472020864473 -0.34394866228103632 -0.21671468764543531 -1.0000000180025095e-35 0.045182067900896079 -0.37096086144447321 -0.42681379616260523 0.029699409846216444
decision_type=2 2 2 2 2 2 2 2 2 2 2 2 2 2
left_child=1 13 -3 -4 5 6 7 10 -9 -8 12 -12 -5 -1
right_child=-2 2 3 4 -6 -7 9 8 -10 -11 11 -13 -14 -15
leaf_value=-0.019317046836986224 -0.016973819968464001 0.016493554364813468 -0.014645834941716196 0.005786073487786968 -0.01379548339453888 -0.0094069927427054712 0.020559258938449936 0.0073986249572198827 -0.022893501768340294 0.0029445097951373528 0.001348751392805055 0.017384265577127946 -0.0092458023679464537 -0.002712882370616022
leaf_weight=4.4759154072962684 8.4503956427797657 30.691658291965723 9.5620587691664678 6.7456351928412914 7.3773573152720919 8.4318214096128923 28.104557655751705 10.494473051279785 8.2566231507807952 15.993078775703912 8.8467298187315375 20.363068741746257 6.7404077574610621 4.9653672464191914
leaf_count=42 58 76 39 22 32 32 67 31 144 59 44 69 40 18
internal_value=0.00331975 0.00477592 0.0063075 0.00340059 0.00534585 0.0071125 0.00879801 0.00346371 -0.00795133 0.0151213 0.00878495 0.0134346 -0.00219562 -0.0145473
internal_weight=179.499 171.049 161.607 130.916 121.354 113.976 105.545 61.4469 18.7511 44.0976 42.6958 29.2098 13.486 9.44128
internal_count=773 715 655 579 540 508 476 350 175 126 175 113 62 60
is_linear=0
shrinkage=0.03


Tree=149
num_leaves=15
num_cat=0
split_feature=61 18 10 12 1 4 9 27 28 22 11 4 1 2
split_gain=6.90146 4.25805 3.6546 3.42359 4.85286 3.57201 3.02629 2.30601 4.51987 4.46539 4.15157 3.77364 2.45124 3.03513
threshold=1.0000000180025095e-35 2.3419865369796757 -0.82492375373840321 1.2511860132217409 -0.19237581640481946 -1.0403871536254881 -0.63853377103805531 0.050507470965385444 0.38500177860260015 -0.057830756530165665 0.79731348156929027 -0.59416210651397694 -0.42920328676700586 -1.0000000180025095e-35
decision_type=2 2 2 2 2 2 2 2 2 2 2 2 2 2
left_child=2 3 -1 5 -5 6 -2 8 10 -9 11 -7 -10 -14
right_child=1 -3 -4 4 -6 7 -8 9 12 -11 -12 -13 13 -15
leaf_value=0.0038329038466109796 0.0076904706747589419 -0.012319872956743841 -0.017370461455797123 0.0074733983248925348 -0.016923213306463455 0.0050436708467472488 -0.013996055036739901 0.023181435953845829 0.018574329746699373 0.0025231403139921939 0.0115808331012714 -0.020429603932352325 0.011234482234884461 -0.0060281631034253373
leaf_weight=8.669048987329008 6.3364160358905792 7.4333725571632376 16.904578992631286 11.422288335859777 8.7043802067637426 5.5862698117271075 7.6564196017570776 22.033224623650312 16.778310421854254 16.530918624252081 5.2758465409278861 9.658271936699748 16.272957216948271 11.893192024901515
leaf_count=26 17 29 146 33 36 36 56 52 54 52 13 102 44 61
internal_value=0.00235686 0.00493602 -0.0107315 0.00626239 -0.00434566 0.00817452 -0.00473639 0.0100487 0.00588389 0.015632 -0.00497901 -0.0121548 0.0108455 0.00413541
internal_weight=171.155 145.582 25.5736 138.148 20.1267 118.022 13.9928 104.029 65.4648 38.5641 20.5204 15.2445 44.9445 28.1661
internal_count=757 585 172 556 69 487 73 414 310 104 151 138 159 105
is_linear=0
shrinkage=0.03


Tree=150
num_leaves=15
num_cat=0
split_feature=18 4 26 8 8 13 28 6 20 8 20 22 2 21
split_gain=4.07792 5.20071 5.99881 4.66937 3.49105 6.56848 3.61701 3.49293 2.98425 2.96955 2.83122 2.7699 2.59954 2.51048
threshold=-0.97817927598953236 0.69493263959884655 -0.71593949198722828 -0.17320114374160764 0.6590804159641267 0.77687337994575512 -0.87503972649574269 0.31207349896430975 0.43228615820407873 -0.56535387039184559 -0.25593741238117212 -0.24914585053920743 0.29129555821418768 1.0000000180025095e-35
decision_type=2 2 2 2 2 2 2 2 2 2 2 2 2 2
left_child=12 2 8 9 5 6 -5 11 -2 10 -4 -6 -1 -3
right_child=1 13 3 4 7 -7 -8 -9 -10 -11 -12 -13 -14 -15
leaf_value=-0.019619297112379443 -0.020251156322886207 0.0070571473836165298 -0.0053787286111244715 -0.00068259937561708809 0.0071297153500835368 0.012553678081539107 -0.021825932111505495 0.015851112298599437 0.0019054562270178347 0.019707291952515631 0.012371446773240488 -0.011883723702986597 0.0031216179619824934 0.023793827686337296
leaf_weight=5.9405218847095949 10.321463086642327 32.198631141334772 12.743525184690954 12.316380914300678 9.3938239365816134 7.4832249283790579 14.075474149081858 12.087836682796476 7.2757133692502967 16.946936812251806 10.387481482699512 8.5077693760395068 5.6907762605696917 10.387791529297827
leaf_count=36 77 127 62 40 26 18 166 28 22 46 34 35 30 19
internal_value=0.00348227 0.00479358 0.00143883 0.00430461 -0.000849309 -0.00698262 -0.0136392 0.00608648 -0.0126957 0.0117007 0.00337449 -0.00252815 -0.0108995 0.0132107
internal_weight=175.757 164.126 121.54 103.942 63.8645 33.8751 26.3919 29.9894 17.5972 40.0779 23.131 17.9016 11.6313 42.5864
internal_count=766 700 554 455 313 224 206 89 99 142 96 61 66 146
is_linear=0
shrinkage=0.03


Tree=151
num_leaves=15
num_cat=0
split_feature=9 0 2 5 28 25 18 17 0 17 19 10 25 25
split_gain=4.39537 3.65475 3.33536 3.22685 5.82146 4.68927 5.83548 5.96095 4.64704 3.54168 2.23025 3.01546 1.93981 1.90029
threshold=1.5308215618133547 -1.7491278648376463 1.020727872848511 -1.2515696287155149 0.55527767539024364 -0.32695157825946802 -0.48101304471492762 -0.33662872016429896 1.0938091874122622 -0.35375253856182093 0.70480242371559154 -1.0000000180025095e-35 1.0000000180025095e-35 1.0000000180025095e-35
decision_type=2 2 2 2 2 2 2 2 2 2 2 2 2 2
left_child=1 -1 3 -3 5 10 -7 -8 -9 13 11 -5 -11 -6
right_child=-2 2 -4 4 9 6 7 8 -10 12 -12 -13 -14 -15
leaf_value=-0.011868098820261729 -0.01522359359273134 0.013630224164772026 0.019270478749177464 0.01642837987281754 0.0055128682196594735 0.0050010043307759907 0.0026790210885267764 -0.030244190274094952 0.0038081542169738029 0.0036379928534836575 -0.0051473909174544223 -0.0020001698650752115 0.01734473148154074 -0.013344064271643337
leaf_weight=8.4095635488629323 7.2837052084505549 17.763766692951322 7.9964875984005621 12.426103118807077 5.1900305300950986 13.030809514224524 8.6444960571825451 15.753061515279127 3.1172629152424625 18.75565015617758 13.551053762435911 12.976039186120033 23.288925943896174 5.1920960918068886
leaf_count=53 55 46 27 31 22 52 38 166 16 60 41 45 65 39
internal_value=0.00222364 0.00341127 0.00456585 0.00318284 0.00132974 -0.00373004 -0.0103198 -0.0172289 -0.0249996 0.00865902 0.00352279 0.00823388 0.0122668 -0.00518964
internal_weight=173.379 166.095 157.686 149.689 131.926 79.4988 40.5456 27.5148 18.8703 52.4267 38.9532 25.4021 42.0446 10.3821
internal_count=756 701 648 621 575 389 272 220 182 186 117 76 125 61
is_linear=0
shrinkage=0.03


Tree=152
num_leaves=15
num_cat=0
split_feature=0 12 27 13 7 27 16 27 27 0 16 24 8 27
split_gain=4.48037 3.51542 3.92186 3.07877 3.5996 3.6261 5.33043 3.12946 3.00118 2.33422 3.38021 2.34414 3.9311 2.34338
threshold=-1.7491278648376463 2.035321950912476 1.3208323717117312 -1.6340597867965696 0.48351056873798376 -0.48687209188938135 0.095816075801849379 -0.52360963821411122 -0.69428342580795277 0.11180475258152002 -0.84546482563018788 0.50017988681793224 -0.5736975073814391 -0.075719472020864473
decision_type=2 2 2 2 2 2 2 2 2 2 2 2 2 2
left_child=-1 2 3 -2 7 -6 -7 8 -5 13 -11 12 -12 -9
right_child=1 -3 -4 4 5 6 -8 9 -10 10 11 -13 -14 -15
leaf_value=-0.013867112737006238 -0.0083977469816238406 -0.01151372601442064 -0.0093825671516754774 0.0075500125985532669 0.010294944137384129 -0.01889451426383363 0.0064434581030358038 0.0044456662274601497 -0.010243406023303803 -0.0060939489062505027 -0.0028942494118267335 -0.0022003466914766118 0.01867262611324276 0.024801670829701406
leaf_weight=8.7456850814633054 7.7712862417101851 7.676836095750331 11.145897503942249 16.920421290211383 10.985173009335993 11.186406418681146 10.325788475573061 9.7834730274043995 8.986201446503399 9.4483467079698951 8.2657365426421077 8.3389409817755205 28.521613733610153 18.476952526718378
leaf_count=60 35 28 39 67 32 47 31 71 56 37 35 41 146 39
internal_value=0.00276762 0.00401054 0.00508071 0.00643204 0.00750723 -0.00113386 -0.00781087 0.0100259 0.000719364 0.0127299 0.00789169 0.0111357 0.0140603 0.0194823
internal_weight=176.579 167.833 160.156 149.01 141.239 32.4974 21.5122 108.742 25.9066 82.8351 54.5746 45.1263 36.7874 28.2604
internal_count=764 704 676 637 602 110 78 492 123 369 259 222 181 110
is_linear=0
shrinkage=0.03


Tree=153
num_leaves=14
num_cat=0
split_feature=29 25 18 28 6 11 9 25 4 14 2 28 24
split_gain=4.85779 5.7499 5.586 6.76491 5.4104 5.90011 4.78587 5.08777 4.73038 3.67656 2.89481 1.89858 1.54791
threshold=-1.2562471628189085 -0.62305282056331623 0.6821822226047517 -0.29610171914100641 1.4942932128906252 -0.76706612110137928 -0.29706119000911707 0.8574533760547639 0.24870754033327105 0.65390467643737804 0.10893747303634883 0.21472591161727908 -0.91698095202445973
decision_type=2 2 2 2 2 2 2 2 2 2 2 2 2
left_child=11 9 3 12 5 -5 8 -8 -7 10 -2 -1 -3
right_child=1 2 -4 4 -6 6 7 -9 -10 -11 -12 -13 -14
leaf_value=0.001508363544886275 0.0066514227539043094 -0.004178609884072349 0.008470421676042535 0.0094489542637638362 0.015337928437388865 0.010005462222349756 -0.029607615673910015 5.5565466589009482e-05 -0.013692900973180456 0.015205028452227015 -0.0095790489578015392 0.017795944781343921 -0.026289223965782267
leaf_weight=10.967454377561809 18.852048099040989 5.9445903860032585 18.10739072971046 11.928558383136986 7.6106506502255789 11.809377860277889 12.161261321976786 7.4419615156948558 8.8240088410675508 21.105293750762939 11.896212276071308 15.050311230123041 13.4059927072376
leaf_count=33 48 22 58 58 21 43 212 30 36 49 48 39 86
internal_value=0.00147474 -0.000748215 -0.004979 -0.0083773 -0.00270378 -0.0064473 -0.0116834 -0.0206238 -0.000823348 0.00692537 -8.95034e-05 0.01228 -0.0217495
internal_weight=175.105 149.087 97.2338 79.1264 59.7758 52.1652 40.2366 19.6032 20.6334 51.8536 30.7483 26.0178 19.3506
internal_count=783 711 566 508 400 379 321 242 79 145 96 72 108
is_linear=0
shrinkage=0.03


Tree=154
num_leaves=15
num_cat=0
split_feature=8 29 12 11 8 2 2 19 0 19 19 4 19 13
split_gain=4.73438 4.18126 5.13093 7.71654 6.79196 3.87862 6.39447 4.70408 4.61377 4.56539 3.98439 3.19861 2.39591 1.69613
threshold=-1.4977594614028928 -1.2562471628189085 1.6023054718971255 1.1290274858474734 -0.85529655218124379 1.020727872848511 0.10893747303634883 -1.0568305850028989 0.32118908315896993 0.045182067900896079 0.66112041473388683 -0.14793698862195012 -0.12387454509735106 0.67938002943992626
decision_type=2 2 2 2 2 2 2 2 2 2 2 2 2 2
left_child=-1 12 3 4 -3 6 9 -8 13 -6 11 -11 -2 -9
right_child=1 2 -4 -5 5 -7 7 8 -10 10 -12 -13 -14 -15
leaf_value=0.019720328979286397 -0.00071770491534877562 -0.021592039707310377 -0.018726768606825282 0.016744619227586459 -0.0093377597017285704 0.016828337758244966 0.0061203013225299115 -0.028784285453975177 0.0008864077979717338 -0.00080505631919735665 -0.0029327650199075794 0.018858571588077293 0.015918463691661201 -0.0026258854048366205
leaf_weight=7.2043454106897107 11.591312106698753 10.314143316820262 9.6011026538908464 16.096580885350704 14.383962351828812 5.9240508773364118 7.4224318042397419 12.716312595177454 8.4347067051567119 9.7629037471488136 18.485120847821236 21.780891326256096 16.426017504185438 3.7869773358106604
leaf_count=17 42 78 43 35 62 31 32 181 52 37 54 66 40 11
internal_value=0.00168236 0.000351444 -0.00187051 3.4466e-05 -0.00295422 -0.000166842 -0.00198286 -0.0119133 -0.0174065 0.0035049 0.00771027 0.0134952 0.00996936 -0.0247881
internal_weight=173.931 166.727 138.709 129.108 113.012 102.697 96.7733 32.3604 24.938 64.4129 50.0289 31.5438 28.0173 16.5033
internal_count=781 764 682 639 604 526 495 276 244 219 157 103 82 192
is_linear=0
shrinkage=0.03


Tree=155
num_leaves=15
num_cat=0
split_feature=17 9 1 22 13 9 9 69 9 2 13 5 30 17
split_gain=4.98831 4.29662 5.74263 4.72597 4.77392 3.66632 9.8235 3.25085 3.83895 4.7969 3.44931 3.28014 3.21063 2.47642
threshold=0.38037602603435522 0.3055375218391419 1.3470027446746828 0.48674120008945471 -1.6340597867965696 0.92822283506393444 1.1692623496055605 1.0000000180025095e-35 -1.1406993269920347 0.65601173043251049 -1.0807873606681822 -1.0761041045188902 -0.33795437216758722 1.0054583549499514
decision_type=2 2 2 2 2 2 2 2 2 2 2 2 2 2
left_child=1 2 3 4 -1 -3 -7 8 -6 10 -10 -12 -13 -2
right_child=13 5 -4 -5 7 6 -8 -9 9 -11 11 12 -14 -15
leaf_value=-0.017975257237512726 0.018564304931590749 -0.019175978498083321 -0.012371848019840757 0.015276954115829553 0.013638810507364705 0.020614792908697339 -0.014965373279224786 0.017182321574883273 0.0092329555397292103 0.011174870379669022 0.0036037637673528755 -0.0033817565515009587 -0.0249724272389799 0.0026227660159206219
leaf_weight=5.6528685018420211 15.473598435521124 13.341193951666353 15.795262646395711 23.69731465773657 10.408226542174814 6.9351063668727901 11.835689470171927 7.921067521441727 4.6934167891740719 10.648598043713717 7.6795666562393228 12.530179766938083 12.193534655263669 18.731515645980835
leaf_count=28 34 79 71 76 25 16 79 22 12 90 25 62 110 54
internal_value=0.00179647 -0.000771232 0.00209279 0.00498383 0.000809264 -0.00963632 -0.000248735 0.00356781 0.000499844 -0.00338576 -0.00839624 -0.0118426 -0.0164396 0.0112822
internal_weight=177.537 143.332 111.22 95.4248 71.7275 32.112 18.7708 66.0746 58.1535 47.7453 37.0967 32.4033 24.7237 34.2051
internal_count=783 695 521 450 374 174 95 346 324 299 209 197 172 88
is_linear=0
shrinkage=0.03


Tree=156
num_leaves=15
num_cat=0
split_feature=8 4 26 20 27 4 12 19 30 7 18 30 22 11
split_gain=5.27157 5.12395 5.39813 4.22782 5.81668 6.11701 4.86058 3.90887 4.01426 3.52991 3.52721 3.27066 3.24177 1.87891
threshold=-1.424752354621887 0.69493263959884655 -0.71593949198722828 -0.68904364109039296 -0.48687209188938135 0.34786868095397955 -0.15842253714799878 0.069653369486331954 -0.13950860500335691 -0.28928343951702112 -0.9103029966354369 -1.0000000180025095e-35 -0.58183753490447987 0.21782523393630984
decision_type=2 2 2 2 2 2 2 2 2 2 2 2 2 2
left_child=-1 2 10 12 -5 6 9 -3 13 -6 -2 -8 -4 -9
right_child=1 7 3 4 5 -7 11 8 -10 -11 -12 -13 -14 -15
leaf_value=0.019100856429649728 0.0027377947841638476 -0.0054987480374635413 0.0031684113721219542 0.015918899803830905 0.0039289186170562429 -0.018542237811537191 0.015038251117229982 0.0082348532139474608 0.019171226511544948 -0.017095422956849949 -0.023275398951965585 -0.0014550837752791835 -0.021533193821792678 -0.0094726172479679491
leaf_weight=8.6335604395717365 5.0867338124662664 11.583187099546192 5.6596045065671197 16.236021606251597 10.337895879521968 10.78483168967068 21.163584765279658 5.308037734590469 21.247796043753624 10.888949189335099 12.536952813155947 17.070423830300584 8.442507252097128 6.4156103059649467
leaf_count=21 24 45 29 49 38 55 133 41 50 50 87 56 62 25
internal_value=0.00118069 -0.00031082 -0.00357859 -0.000571535 0.0021353 -0.00189662 0.00232658 0.00784518 0.0126398 -0.00805918 -0.0168215 0.00835778 -0.0133852 -0.00139028
internal_weight=171.396 162.762 118.208 100.584 86.4817 70.2457 59.4609 44.5546 32.9714 21.2268 17.6237 38.234 14.1021 11.7236
internal_count=765 744 583 472 381 332 277 161 116 88 111 189 91 66
is_linear=0
shrinkage=0.03


Tree=157
num_leaves=15
num_cat=0
split_feature=8 24 12 12 24 14 12 28 27 12 39 16 26 16
split_gain=5.3257 3.98997 6.28618 4.91235 2.74322 4.92282 5.446 4.28803 2.9109 2.79708 4.01085 3.6094 2.21898 6.38468
threshold=-1.4977594614028928 0.67732498049736034 0.38172458112239843 1.6023054718971255 0.14588966220617297 1.0000000180025095e-35 0.029699409846216444 0.18067073076963427 -0.29193605482578272 -0.49487546086311335 1.0000000180025095e-35 -0.16423119604587552 1.3773522377014162 -1.0557461977005003
decision_type=2 2 2 2 2 2 2 2 2 2 2 2 2 2
left_child=-1 3 -3 4 5 6 -2 -8 -9 -7 -11 -12 13 -6
right_child=1 2 -4 -5 12 9 7 8 -10 10 11 -13 -14 -15
leaf_value=0.020011718384351791 -0.016734377466814727 -0.020975319609796563 0.0074651100456153401 -0.013871104020858874 0.019853605643107852 0.015845081113369852 0.01336549998697783 -0.016180819792639863 0.0050310654353037292 0.012106305181433024 0.0052525933756700505 -0.01588936027912962 0.020197766267369143 -0.0058312759937318775
leaf_weight=7.8567288480699053 18.131412148242816 13.182041081599893 8.063736090436576 11.119131881743668 9.077829930931328 15.393389262259005 12.143783628940584 7.7201267406344414 7.3874299786984903 13.239691600203512 10.315745219588278 10.255837082862856 8.808210436254738 18.703900305554274
leaf_count=18 214 92 28 41 22 38 27 39 23 30 29 40 20 101
internal_value=0.00142034 -3.99777e-05 -0.0108151 0.00188133 0.00367685 0.000808711 -0.00598329 0.00265524 -0.00713663 0.00704722 0.0015165 -0.00633352 0.0101026 0.00430946
internal_weight=171.399 163.542 21.2458 142.296 131.177 94.5874 45.3828 27.2513 15.1076 49.2047 33.8113 20.5716 36.5899 27.7817
internal_count=762 744 120 624 583 440 303 89 62 137 99 69 143 123
is_linear=0
shrinkage=0.03


Tree=158
num_leaves=15
num_cat=0
split_feature=18 28 19 19 18 18 2 11 18 20 20 5 17 28
split_gain=4.02831 10.3754 4.80678 7.62148 5.62237 4.87976 4.57091 2.90614 2.36802 2.47435 2.90206 2.21331 3.14263 2.31238
threshold=-0.36572434008121485 1.1682708263397219 0.045182067900896079 0.94129839539527904 0.45375992357730871 1.6990166306495669 0.47365364432334905 0.66211453080177318 -0.97817927598953236 -0.38646256923675532 -0.93229505419731129 0.10828792676329614 -0.23697756230831143 0.14661554992198947
decision_type=2 2 2 2 2 2 2 2 2 2 2 2 2 2
left_child=1 8 5 6 -5 -2 11 -8 -1 10 -10 13 -13 -4
right_child=2 -3 3 4 -6 -7 7 -9 9 -11 -12 12 -14 -15
leaf_value=-0.00095127107296305591 -0.018750930847359903 -0.017846342871580705 0.0032471409907321204 -0.023321258583035357 0.0041459865056779031 0.0057797944760619125 -0.018407505027735926 0.0065219898044217425 0.012719335110755826 0.018635499185955366 -0.0072568699094350889 -0.011221923498817815 0.01070330839508323 0.020154997785600443
leaf_weight=10.859496967867015 20.221539489924911 8.6102174855768663 13.560453264042733 11.078304916620256 9.2867187410593015 7.5393197927623978 5.0055587897077185 3.8622468747198582 8.3089701384305972 30.091943213716153 8.3294975757598824 6.2410267838276923 7.3490895032882673 19.461153000127524
leaf_count=55 110 51 46 42 27 24 138 15 22 66 38 56 19 65
internal_value=0.0010599 0.00658043 -0.00260808 0.00144971 -0.0124476 -0.0122235 0.00715838 -0.00911304 0.0113664 0.0140441 0.00335286 0.0108369 0.000324375 0.0145518
internal_weight=169.806 66.2001 103.605 75.8446 20.365 27.7609 55.4795 8.86781 57.5899 46.7304 16.6385 46.6117 13.5901 33.0216
internal_count=774 232 542 408 69 134 339 153 181 126 60 186 75 111
is_linear=0
shrinkage=0.03


Tree=159
num_leaves=15
num_cat=0
split_feature=25 6 6 11 15 10 6 0 26 14 14 27 27 25
split_gain=5.13281 3.93752 5.35767 3.86645 4.98731 7.10523 12.1572 3.43362 3.18292 2.47174 2.34617 2.23788 3.74518 1.7386
threshold=-1.5113565325736997 1.4942932128906252 0.60762843489646923 1.085252642631531 1.0000000180025095e-35 0.16415620595216754 -0.7223687171936034 1.0000000180025095e-35 -0.87375488877296437 0.65390467643737804 -1.0000000180025095e-35 -0.043699009343981736 -0.43253476917743677 -0.32695157825946802
decision_type=2 2 2 2 2 2 2 2 2 2 2 2 2 2
left_child=-1 2 3 4 5 6 -2 10 -9 -4 -8 12 -7 -5
right_child=1 -3 9 13 -6 11 7 8 -10 -11 -12 -13 -14 -15
leaf_value=0.015788142923217108 0.0092453815509855077 0.012073952049542874 -0.022355554223917492 -0.00014961598406940842 -0.019407302316196005 0.0096798459458930664 -0.012672408697493526 -4.064307967796553e-05 -0.030655740638592402 0.00018507238256903862 0.0079141754234120908 0.0169065721369458 -0.012173096174824346 0.013971512389206497
leaf_weight=14.753987826406954 20.011506659910076 14.851286587305365 10.447651391848924 12.04907910525799 8.954455226659773 14.588364851661025 4.9595329049043357 3.6763090267777434 13.519307692535223 5.9964335039257994 5.282418482005605 14.30322529375553 6.1293142084032324 16.952084556221962
leaf_count=37 66 49 67 35 38 70 63 21 150 19 14 49 44 40
internal_value=0.001402 -0.000456041 -0.00219324 0.000256335 -0.00282088 -1.35326e-05 -0.00727695 -0.0188951 -0.0255941 -0.0160093 -0.00294151 0.00950717 0.00210494 0.00894537
internal_weight=166.475 151.721 136.87 120.426 91.4244 82.47 47.4491 27.4376 17.1956 16.4441 10.242 35.0209 20.7177 29.0012
internal_count=762 725 676 590 515 477 314 248 171 86 77 163 114 75
is_linear=0
shrinkage=0.03


Tree=160
num_leaves=15
num_cat=0
split_feature=7 14 7 8 27 23 14 67 14 17 16 16 23 1
split_gain=4.49358 4.127 4.24048 4.98797 5.2879 4.22132 3.73432 3.49406 3.38709 3.32782 2.55214 2.25112 1.86639 1.48246
threshold=-1.0997747182846067 0.41321270167827612 0.14297857135534289 -0.85529655218124379 -0.54213568568229664 0.93800884485244762 -0.42578347027301783 1.0000000180025095e-35 -0.12352122738957404 -0.20487888157367704 -0.79310014843940724 -0.36013673245906824 0.37122716009616857 -0.31078955531120295
decision_type=2 2 2 2 2 2 2 2 2 2 2 2 2 2
left_child=-1 2 3 -2 11 7 -6 13 10 12 -8 -5 -3 -4
right_child=1 9 5 4 6 -7 8 -9 -10 -11 -12 -13 -14 -15
leaf_value=0.01831373332665729 -0.011211160266195591 -0.0082404161303220487 -0.0049248552438508134 0.0038199256679023203 0.017953544591260136 0.006438670028544328 0.0047766189055130897 0.0006183625367596425 0.0093658253330759032 0.0132893897344411 -0.018856764523702191 -0.016121442417620913 0.0064799060304583569 -0.026167057589580701
leaf_weight=12.275241160765288 13.478093149140475 10.662542439997198 7.0814486294984844 6.158997904509306 24.770524308085434 8.8737444616854173 4.3165614269673771 9.5875174663960951 15.02084543555976 36.276577442884445 4.7248036798555422 6.9540652530267817 10.4423720985651 10.731110308319328
leaf_count=32 89 41 36 22 68 28 14 30 43 92 145 57 29 53
internal_value=0.00369724 0.00214054 -0.00125895 0.0028085 0.00646839 -0.00903205 0.0108321 -0.0142628 0.00167348 0.00832843 -0.00989054 -0.0082863 -0.00111093 -0.0206525
internal_weight=181.354 169.079 111.698 75.4239 61.9458 36.2738 48.8327 27.4001 24.0622 57.3815 9.04137 13.1131 21.1049 17.8126
internal_count=779 747 585 438 349 147 270 119 202 162 159 79 70 89
is_linear=0
shrinkage=0.03


Tree=161
num_leaves=15
num_cat=0
split_feature=5 0 2 11 41 1 15 18 16 18 1 14 4 22
split_gain=4.78514 3.70017 5.78335 5.42128 4.40099 5.03419 3.56934 3.2001 3.01621 2.69484 3.72221 2.29594 1.44976 0.653494
threshold=-1.8876319527626035 1.0938091874122622 0.10893747303634883 1.085252642631531 1.0000000180025095e-35 -1.1396856904029844 1.0000000180025095e-35 0.22575887292623523 -1.1886876225471494 -0.2243041321635246 -0.073962084949016557 0.15498968958854678 -1.4370317459106443 -0.30126412212848658
decision_type=2 2 2 2 2 2 2 2 2 2 2 2 2 2
left_child=-1 2 6 4 -4 -6 7 9 -7 10 -2 -3 -10 -11
right_child=1 11 3 -5 5 8 -8 -9 12 13 -12 -13 -14 -15
leaf_value=0.020036305497636527 0.01141022803527173 -0.00030389236076398292 0.0037683621941814482 0.0067404840871271663 0.007288582191465812 -0.0013739093081698503 -0.010907847931135249 -0.0060195794473824147 -0.0013278240044200624 0.0045083690219788501 -0.0071949446193400757 0.016591651572534585 -0.027984476108807506 0.017415565821906714
leaf_weight=6.9990689456462851 13.221253428608177 11.710066258441659 8.7533775046467763 12.37310880050063 3.8329028380103365 6.0611411519348577 8.8240283206105214 12.958246659487484 2.5274947900325051 9.341274471953513 15.808733262121676 13.236247882246969 21.196171549381702 19.430554140824828
leaf_count=13 39 54 37 33 14 30 33 52 14 31 58 30 268 61
internal_value=0.00176541 0.000377115 -0.00169055 -0.00878693 -0.0135541 -0.0179684 0.00342177 0.00581068 -0.0217991 0.00873094 0.00170999 0.00993416 -0.02587 0.0145129
internal_weight=166.274 159.275 134.328 54.7442 42.3711 33.6177 79.5841 70.7601 29.7848 57.8018 29.03 24.9463 23.7237 28.7718
internal_count=767 754 670 396 363 326 274 241 312 189 97 84 282 92
is_linear=0
shrinkage=0.03


Tree=162
num_leaves=15
num_cat=0
split_feature=17 6 17 5 26 6 39 13 5 3 9 13 20 5
split_gain=4.11074 6.23878 5.10686 6.50043 6.08374 4.01053 3.7884 5.86653 3.00835 7.79454 3.19884 2.92025 1.94036 1.60126
threshold=-0.38846583664417261 -0.57459124922752369 -0.33662872016429896 -0.33037577569484705 1.8810567259788515 1.3465157151222231 1.0000000180025095e-35 1.0826371908187868 0.72241711616516124 0.75890609622001659 -0.43766753375530237 -0.51841372251510609 1.340029299259186 -0.37424215674400324
decision_type=2 2 2 2 2 2 2 2 2 2 2 2 2 2
left_child=1 -1 13 4 6 -3 -4 11 10 -10 -5 -8 -12 -2
right_child=2 5 3 8 -6 -7 7 -9 9 -11 12 -13 -14 -15
leaf_value=0.0081905736172559057 0.020720609759449209 -0.026328341226409282 0.00099131203078564579 -0.0016437705227992673 0.0093683082449960379 0.0041672739841382769 -0.0021603268598797336 0.0048258868019217579 -0.017236126844955547 0.013854725110154099 0.017828975740599797 -0.028966891575970297 0.00052715862817062685 0.0040592068714431218
leaf_weight=8.2662849389016646 11.595731660723688 10.460347954183815 13.148766509257255 14.068172160536049 11.522588156163691 3.5512520261108866 5.4395214058458796 6.4270711317658415 10.493892997037621 8.8000688655301911 26.218871980439872 16.441208988428123 7.5569729059934607 11.973376950249074
leaf_count=31 26 99 45 51 29 16 20 18 83 22 151 115 22 43
internal_value=0.00111325 -0.0096324 0.00304721 0.000322141 -0.00717003 -0.019536 -0.0122803 -0.0176683 0.00632147 -0.00312253 0.010065 -0.0239442 0.014525 0.0144482
internal_weight=165.964 22.2779 143.686 120.117 52.9792 14.0116 41.4566 28.3078 67.138 19.294 47.844 21.8807 33.7758 23.5691
internal_count=771 146 625 556 227 115 198 153 329 105 224 135 173 69
is_linear=0
shrinkage=0.03


Tree=163
num_leaves=15
num_cat=0
split_feature=5 18 12 11 0 2 4 20 6 6 5 9 9 19
split_gain=4.30581 3.37517 3.04435 5.05951 5.09465 5.10978 5.82348 4.9457 4.06852 3.86518 5.74447 3.24224 2.35021 1.9373
threshold=1.512011766433716 -0.97817927598953236 2.035321950912476 1.0403763055801394 1.0938091874122622 0.10893747303634883 -0.59416210651397694 -0.2796692550182342 1.4204044342041018 -0.13125888258218762 -0.9445049762725829 -0.17654144018888471 -0.49792742729187006 -1.2823974490165708
decision_type=2 2 2 2 2 2 2 2 2 2 2 2 2 2
left_child=1 12 3 4 5 9 7 -7 13 10 -3 -12 -1 -8
right_child=-2 2 -4 -5 -6 6 8 -9 -10 -11 11 -13 -14 -15
leaf_value=0.0041280260054727541 -0.014861066534611601 0.010039966547171767 -0.010509306985494323 0.016008499206060706 0.01490164023278092 -0.012608393768006886 -0.00043938516615141677 0.014269004604164323 0.0054032927740901779 0.011707623960581261 -0.021981271709151057 0.0019575554685206161 -0.017322801653063265 -0.026725101097688917
leaf_weight=4.9482549503445625 7.7764778640121213 12.678111616522076 6.756754718720912 28.045584104955196 18.747544793412089 5.5092636886984101 3.1182883232831946 10.487873401725659 3.6447880319319657 28.921863662078977 8.5406379196792823 6.9510510191321364 6.7612504977732879 13.487328571500266
leaf_count=16 56 36 25 67 58 43 16 63 11 95 41 23 51 158
internal_value=0.00201158 0.0032678 0.0045907 0.00565576 0.00249237 -0.000631024 -0.00878697 0.00421446 -0.0178584 0.00483779 -0.00291705 -0.0133833 -0.00973525 -0.023033
internal_weight=166.375 158.599 146.889 140.132 112.087 93.3392 36.2475 15.9971 20.2504 57.0917 28.1698 15.4917 11.7095 16.6056
internal_count=759 703 636 611 544 486 291 106 185 195 100 64 67 174
is_linear=0
shrinkage=0.03


Tree=164
num_leaves=15
num_cat=0
split_feature=7 2 2 52 30 9 18 22 22 17 16 12 9 4
split_gain=4.12831 3.41376 3.73946 4.70224 3.64228 4.24206 3.5409 3.00562 3.50472 2.80518 4.69963 5.24023 1.50467 0.536905
threshold=-1.020610451698303 1.020727872848511 -1.5322852730751035 1.0000000180025095e-35 -1.1245686411857603 -0.91974651813507069 -0.21775482594966886 -0.43261902034282679 -0.29019585251808161 0.23418439179658893 0.063988955691456809 1.1512047648429873 -0.63853377103805531 -0.098356422036886201
decision_type=2 2 2 2 2 2 2 2 2 2 2 2 2 2
left_child=-1 2 -2 6 -5 -6 -4 12 -9 10 11 13 -7 -10
right_child=1 -3 3 4 5 7 -8 8 9 -11 -12 -13 -14 -15
leaf_value=0.01518446948350117 0.0097326621197901687 0.014747544852005211 0.016203564809719233 0.01049151588586243 0.0054309431893000476 -0.0030701840988141952 -0.0048884991129546883 0.0092828958868561851 -0.010253981864733433 0.0037759902885109698 0.0033966725964660232 0.0041874655833286367 -0.024065704073949565 -0.028049824582797745
leaf_weight=14.390086620114742 20.237986199557781 8.7800310915335995 13.225672988221051 7.1402511578053227 16.167259860783815 5.7046388201415565 8.7601039116270822 7.4528264761902383 11.466694171773264 10.553113579750059 11.605537649244068 6.5181405171751967 12.557192536303772 12.798530997941279
leaf_count=44 56 39 35 23 54 19 43 27 106 27 41 21 88 129
internal_value=0.00214171 0.000472961 -0.00086139 -0.00290145 -0.00562989 -0.00730853 0.00845092 -0.0100951 -0.00595051 -0.00871097 -0.0118901 -0.0173227 -0.0195768 -0.022829
internal_weight=167.358 152.968 144.188 123.95 101.964 94.8239 21.9858 78.6567 60.3948 52.942 42.3889 30.7834 18.2618 24.2652
internal_count=752 708 669 613 535 512 78 458 351 324 297 256 107 235
is_linear=0
shrinkage=0.03


Tree=165
num_leaves=15
num_cat=0
split_feature=25 52 15 19 26 3 6 4 20 20 11 27 25 8
split_gain=6.36347 5.88785 3.64112 4.01535 3.62797 3.56384 3.17511 5.26346 12.2858 3.8868 2.78487 2.43026 2.15191 2.31365
threshold=-1.2152553200721739 1.0000000180025095e-35 1.0000000180025095e-35 -0.1943819001317024 0.79471924901008617 1.9018582105636599 -0.7223687171936034 0.14954640716314319 -0.58818325400352467 -0.46952404081821436 -0.14014987647533414 -0.059669708833098405 -1.0000000180025095e-35 -0.17320114374160764
decision_type=2 2 2 2 2 2 2 2 2 2 2 2 2 2
left_child=-1 11 3 4 -3 6 -5 9 -9 -8 -10 -2 -11 -14
right_child=1 2 -4 5 -6 -7 7 8 10 12 -12 -13 13 -15
leaf_value=0.013175919210377593 -0.00082287163593259183 -0.018110391515394526 -0.017219406745981384 0.0074274009331686324 0.0046349389309542251 0.015409783142729406 -0.012514183329534419 0.014123294131541399 -0.0024364898022610267 0.01612057070349868 -0.03151808378025224 0.016496889728873584 0.0095833757732886517 -0.010495987190317824
leaf_weight=25.39612715691328 11.056013439781966 17.013225391507152 13.300000011920927 19.850572234019637 6.4336165878921738 8.0107897669076902 5.6361796446144572 6.2472279332578209 4.6457789093256059 10.863337041810157 12.429843659279863 14.107716884464024 5.118853833526372 5.5802977923303869
leaf_count=65 50 114 61 69 23 19 45 17 20 27 96 35 18 91
internal_value=0.000710753 -0.00192148 -0.00483798 -0.00249059 -0.0121516 0.000954686 -0.0016039 -0.00550173 -0.0146175 0.0033711 -0.0259498 0.0100122 0.00909735 -0.000896729
internal_weight=165.69 140.293 115.13 101.83 23.4468 78.3829 70.3721 50.5215 23.3229 27.1987 17.0756 25.1637 21.5625 10.6992
internal_count=750 685 600 539 137 402 383 314 133 181 116 85 136 109
is_linear=0
shrinkage=0.03


Tree=166
num_leaves=15
num_cat=0
split_feature=13 5 8 28 8 5 27 1 20 29 1 2 37 6
split_gain=6.24604 4.34962 4.46311 3.09173 3.19239 3.82109 3.2765 4.51388 4.34901 4.96584 3.20231 3.0167 2.51051 2.02554
threshold=-0.68150427937507618 -1.2515696287155149 -0.84069511294364918 -1.7604743242263792 -0.17320114374160764 -0.33037577569484705 -0.71381393074989308 0.16286537796258929 -0.23220556229352948 0.82881036400794994 -0.19237581640481946 -1.5322852730751035 1.0000000180025095e-35 -0.64847996830940235
decision_type=2 2 2 2 2 2 2 2 2 2 2 2 2 2
left_child=12 -2 -3 -4 -5 10 -7 8 -8 11 -6 -10 -1 -12
right_child=1 2 3 4 5 6 7 -9 9 -11 13 -13 -14 -15
leaf_value=-0.020539007630184569 0.015191336325567338 -0.011545584360339704 -0.011134909971018693 0.012697459692164846 0.0027701694499888078 -0.010431689561154369 0.012756119795234193 0.01784595681529931 0.0040622134167588569 0.009726927549210021 -0.00042198657107926472 -0.026323292380044001 -0.00059438089049521602 -0.023826254253118167
leaf_weight=9.6558026671409607 19.77035937551409 15.640258954837917 6.9075342193245879 29.259240966290236 12.705744718667122 4.8946512825787059 7.7260480411350718 19.794695903779939 2.3435797095298732 4.3547894060611716 5.0621525421738625 6.6038039559498483 9.7757126353681087 5.8646963266655785
leaf_count=45 52 101 31 109 57 26 27 67 7 10 20 106 39 43
internal_value=0.00141221 0.00372322 0.00132395 0.00366758 0.00519179 0.00138417 0.00624983 0.00916996 -0.000856408 -0.0100876 -0.00747621 -0.0197614 -0.0126803 -0.01652
internal_weight=160.359 140.928 121.157 105.517 98.6094 69.3502 45.7176 40.8229 21.0282 13.3022 23.6326 8.94738 19.4315 10.9268
internal_count=740 656 604 503 472 363 243 217 150 123 120 113 84 63
is_linear=0
shrinkage=0.03


Tree=167
num_leaves=15
num_cat=0
split_feature=9 20 11 9 30 3 20 11 24 8 17 0 11 7
split_gain=3.63632 3.2343 7.29816 4.16778 3.21386 3.60065 3.29147 4.6392 2.96304 2.25811 2.1985 3.54482 2.06281 1.94488
threshold=-0.91974651813507069 -0.64751288294792164 -0.47867554426193232 -0.25688792765140528 -0.46896682679653162 0.11917744576931001 0.67553758621215831 -0.2304960414767265 -0.20840055495500562 0.46091812849044805 -0.081601213663816438 1.0000000180025095e-35 0.027872313279658559 -0.46143430471420283
decision_type=2 2 2 2 2 2 2 2 2 2 2 2 2 2
left_child=12 2 3 -2 5 10 7 -6 -8 -9 11 -3 -1 -4
right_child=1 4 13 -5 6 -7 8 9 -10 -11 -12 -13 -14 -15
leaf_value=0.0016434783219933323 0.0062030772084425154 0.014234544749777983 0.0037368289177511145 -0.020134197084248528 0.0028102339441437932 -0.0070069972584182105 -0.005728182614906297 -0.023097488209061587 0.010965242704472333 -0.0019004841889000527 0.020090359318796758 -0.0089659895098271793 0.018010980228450785 0.022220325707858785
leaf_weight=12.237839162349703 7.0272437222301942 6.0209612911567074 10.262603560462596 6.1794954221695662 12.540043994784353 11.008721357211469 17.471281498670582 16.079386476660151 11.79198271781206 6.9806282147765151 8.196155399084093 7.9809494074434042 15.144118703901766 14.120953902602194
leaf_count=43 28 20 44 66 54 48 53 196 29 24 16 51 36 35
internal_value=0.00304121 0.00085246 0.00778166 -0.0082653 -0.00205216 0.00506281 -0.00579631 -0.0113389 0.00161714 -0.0181629 0.0112363 0.00213091 0.0120791 0.0164006
internal_weight=163.042 135.66 37.5903 13.2067 98.0701 33.2068 64.8633 35.6001 29.2633 23.06 22.1981 14.0019 27.382 24.3836
internal_count=743 664 173 94 491 135 356 274 82 220 87 71 79 79
is_linear=0
shrinkage=0.03


Tree=168
num_leaves=15
num_cat=0
split_feature=22 19 31 16 24 14 14 3 6 29 5 14 3 4
split_gain=3.91722 3.31087 3.62719 5.11496 4.35408 3.77552 7.45942 3.9624 3.53147 3.27007 3.78266 2.40045 1.68115 2.52265
threshold=-1.7269616127014158 -2.5477769374847408 1.1107677668333056 -0.66133150458335865 0.14588966220617297 -0.12352122738957404 -0.42578347027301783 -1.0937293171882627 -0.057370150461792939 0.67243105173110973 0.63468438386917125 -0.7562313675880431 0.11917744576931001 -0.19751755893230435
decision_type=2 2 2 2 2 2 2 2 2 2 2 2 2 2
left_child=-1 -2 3 4 8 6 11 -8 -3 10 -4 -5 13 -7
right_child=1 2 9 5 -6 12 7 -9 -10 -11 -12 -13 -14 -15
leaf_value=-0.014965442829914686 0.019664974264360566 -0.021577387819532334 -0.018806932592793792 -0.001432258581939151 0.0072500060073483509 0.012992175014759341 0.0094254580839310022 -0.020533323168640875 0.000560677383881282 0.0075449403248348821 0.0040033651786825636 0.015248005370395841 0.017740168393777914 -0.0044994189301014323
leaf_weight=5.5936963635031125 6.3959697484970084 9.8536757081747055 13.928554026409989 10.658092372119429 13.513129264116285 10.860939197242262 2.0636031196918294 10.77176150376909 11.073054730892181 7.7065227180719367 7.7107633785344651 17.431536871939894 30.266590215265751 10.333642974495886
leaf_count=33 13 45 76 55 54 28 15 185 36 21 34 52 77 39
internal_value=0.00291121 0.00395451 0.002721 0.0049139 -0.00449473 0.00847196 0.00135745 -0.0144247 -0.0120143 -0.00609192 -0.0114531 0.00965891 0.0135086 0.00523298
internal_weight=168.162 162.568 156.172 126.826 34.4399 92.3862 40.925 12.8354 20.9267 29.3458 21.6393 28.0896 51.4612 21.1946
internal_count=763 730 717 586 135 451 307 200 81 131 110 107 144 67
is_linear=0
shrinkage=0.03


Tree=169
num_leaves=15
num_cat=0
split_feature=14 8 22 20 20 8 26 28 28 18 2 5 18 10
split_gain=3.7843 4.40773 4.02143 4.00089 3.8226 3.81208 3.27386 6.89694 4.80939 3.76691 3.6084 2.88408 2.75415 2.40484
threshold=0.98683875799179088 -1.4977594614028928 -0.63707503676414479 1.0315153002738955 0.79419684410095226 -0.94081923365592945 -0.090119067579507814 0.69149836897850048 0.044450027868151672 -0.56637731194496144 0.47365364432334905 -0.98837137222290028 -0.73058190941810597 -0.62710776925086964
decision_type=2 2 2 2 2 2 2 2 2 2 2 2 2 2
left_child=1 -1 4 5 11 -4 7 12 10 -9 -8 -3 -7 -2
right_child=13 2 3 -5 -6 6 8 9 -10 -11 -12 -13 -14 -15
leaf_value=0.018237715747035716 0.01996823098440453 0.0019070893189891522 -0.010681862588205806 -0.0095920407255501508 0.0058418259962220338 0.0041123489293685995 -0.0056977001287363306 -0.0054392647073883632 0.022800830180438152 0.015511707504360907 0.013640462358297183 -0.022910071511383145 -0.01847101364521021 0.0029052590623657717
leaf_weight=6.1205540914088479 10.567805677652361 4.5702517107129141 9.7544108610600215 20.378682635724545 6.0193691551685324 4.5689338855445376 16.367784775793556 8.5007417155429739 14.660144780762492 18.122069356963038 9.8505124263465387 12.853308024350554 12.444232346257197 18.177547752857208
leaf_count=16 26 16 62 70 16 19 62 42 39 64 28 96 176 55
internal_value=0.00216364 4.5805e-05 -0.00136962 0.00109001 -0.0114755 0.00376604 0.00593709 4.86638e-05 0.0115324 0.00901971 0.00258889 -0.0174267 -0.0128497 0.0112074
internal_weight=172.956 144.211 138.09 114.648 23.4429 94.2688 84.5144 43.636 40.8784 26.6228 26.2183 17.4236 17.0132 28.7454
internal_count=787 706 690 562 128 492 430 301 129 106 90 112 195 81
is_linear=0
shrinkage=0.03


Tree=170
num_leaves=15
num_cat=0
split_feature=0 29 25 2 16 26 29 18 16 20 37 16 2 26
split_gain=5.12474 4.76774 4.02671 3.72122 5.21724 4.86842 4.91263 3.27979 3.95587 2.56824 2.3099 2.28722 1.92889 3.36381
threshold=-1.7491278648376463 -1.2562471628189085 -1.2152553200721739 1.0000000180025095e-35 0.11866416037082674 0.10810814052820207 -0.057339081540703767 0.12030367925763132 0.35666868090629583 -0.23220556229352948 1.0000000180025095e-35 -0.3101827055215835 -0.98521101474761952 -0.57133942842483509
decision_type=2 2 2 2 2 2 2 2 2 2 2 2 2 2
left_child=-1 10 -3 7 5 6 -5 12 -9 -6 -2 -7 -4 -14
right_child=1 2 3 4 9 11 -8 8 -10 -11 -12 -13 13 -15
leaf_value=-0.017663430185699755 0.00060016350166871711 0.011024697458470296 0.013954889484727251 0.0032037629341038001 0.013052409059998573 0.0096266706918437927 -0.027204017960168764 -0.017544378787188602 0.0053486924947474031 -0.0055785113390480227 0.017522703097069322 -0.0088841709259762074 0.010834132665925847 -0.0082163368377759435
leaf_weight=7.3226365479640654 10.967593267560007 18.857848107814789 15.95258831605315 4.8460632003843775 8.9707099664956349 6.968382153660059 17.325904344674203 8.4914365783333796 10.143711775541304 8.6987723857164365 18.81687992438674 7.0703727807849628 11.163102727383375 12.306016284972429
leaf_count=59 34 50 42 18 36 21 256 37 32 33 49 43 33 47
internal_value=0.00104105 0.00240163 -0.000215463 -0.0024995 -0.00784469 -0.0137787 -0.0211913 0.00268983 -0.00658764 0.00467292 0.0122733 0.000419167 0.00732327 0.00115638
internal_weight=167.902 160.579 130.795 111.937 53.8802 36.2107 22.172 58.0569 18.6351 17.6695 29.7845 14.0388 39.4217 23.4691
internal_count=790 731 648 598 407 338 274 191 69 69 83 64 122 80
is_linear=0
shrinkage=0.03


Tree=171
num_leaves=15
num_cat=0
split_feature=12 0 11 0 5 4 12 16 10 19 4 27 27 2
split_gain=3.91546 4.01883 3.22321 3.1629 4.23255 3.8707 3.84625 3.93297 4.20917 5.35787 3.26511 2.77657 2.32667 1.56607
threshold=2.035321950912476 -1.7491278648376463 1.0403763055801394 1.0938091874122622 -1.1638368368148801 0.69493263959884655 0.38172458112239843 -0.97122657299041737 1.0000000180025095e-35 -1.2334050536155698 -0.64374265074729908 -0.37909317016601557 -0.41462284326553339 -0.25577870011329645
decision_type=2 2 2 2 2 2 2 2 2 2 2 2 2 2
left_child=1 -1 3 4 -3 6 7 -6 10 -10 -9 -5 -7 -12
right_child=-2 2 -4 11 5 12 -8 8 9 -11 13 -13 -14 -15
leaf_value=-0.012166719141195634 -0.01395938116777325 0.012013937865674607 0.013484998946890533 0.019458270051238593 0.01132686593400228 -0.0045731232441396383 -0.018951355170322572 0.011434439294271717 0.0073409521071350729 -0.022948750959460546 0.002754478673509587 -0.0006576179570680846 0.013080899032809125 -0.012966379074779013
leaf_weight=9.1274783015251142 7.7178392298519602 16.858663998078555 25.385870277881622 11.161381332203748 10.367017418146132 7.2138292072340873 11.387435676530002 11.471829302608969 4.5551821142435029 13.71511591924355 7.5635969191789618 9.4819063404574973 14.115238646510987 8.0269729737192375
leaf_count=64 31 52 65 29 38 35 60 37 18 182 23 41 59 42
internal_value=0.00219621 0.00337183 0.00466841 0.0024438 0.000135924 -0.00265071 -0.00612881 -0.0021622 -0.00606573 -0.0154422 0.00168545 0.011892 0.00737547 -0.00652272
internal_weight=168.149 160.432 151.304 125.918 105.275 88.4162 67.0872 55.6997 45.3327 18.2703 27.0624 20.6433 21.3291 15.5906
internal_count=776 745 681 616 546 494 400 340 302 200 102 70 94 65
is_linear=0
shrinkage=0.03


Tree=172
num_leaves=15
num_cat=0
split_feature=17 8 17 14 29 30 13 18 3 4 18 24 8 8
split_gain=4.33754 4.12142 7.80515 5.49904 4.53127 4.89007 5.30907 3.89387 3.4674 2.94449 2.69338 2.55248 1.96375 3.98257
threshold=-0.38846583664417261 -0.17320114374160764 -0.33662872016429896 1.5714724659919741 -0.89136210083961476 -0.36370503902435297 1.4393278360366824 -0.34728738665580744 2.0104409456253056 0.44702979922294622 -0.64432188868522633 1.0000000180025095e-35 -0.56535387039184559 -1.3288000822067259
decision_type=2 2 2 2 2 2 2 2 2 2 2 2 2 2
left_child=7 9 -3 4 -4 11 8 10 -7 12 -1 -6 13 -2
right_child=1 2 3 -5 5 6 -8 -9 -10 -11 -12 -13 -14 -15
leaf_value=-0.0080899189709842615 0.019546065097358241 0.018094672144982858 0.0079176910344288358 0.012180828868138116 -0.0086143417636008555 -0.024280292227113996 0.0067859380042367542 -0.019384634136585303 0.0020061216715952235 -0.0011229984327102271 0.013532141228816028 0.0089877527528828861 0.021346261795444573 -0.0026375366241609831
leaf_weight=5.833600590005517 7.1097946241497985 13.915092268958686 11.67577790468931 12.368921816349028 8.2917893081903404 25.568208556389447 5.2122641354799262 9.1459513306617719 4.4484984101727596 13.255727985873817 5.2515044324100035 11.921556891873477 17.292170396074656 15.773697434924541
leaf_count=46 18 34 32 33 31 222 15 75 16 51 14 42 43 79
internal_value=0.00281074 0.00465484 0.000706288 -0.00322845 -0.00671579 -0.0101976 -0.0162557 -0.00884356 -0.0206544 0.0109061 0.00317572 0.00149075 0.0145601 0.00652384
internal_weight=167.065 146.833 93.4021 79.487 67.1181 55.4423 35.229 20.2311 30.0167 53.4314 11.0851 20.2133 40.1757 22.8835
internal_count=751 616 425 391 358 326 253 135 238 191 60 73 140 97
is_linear=0
shrinkage=0.03


Tree=173
num_leaves=15
num_cat=0
split_feature=7 7 7 14 14 24 17 68 17 14 5 26 10 4
split_gain=4.94658 5.71115 4.53004 3.85851 5.14691 3.73603 3.44981 3.64945 3.2449 4.93058 4.79539 3.28904 2.95533 2.2645
threshold=-1.1588338017463682 -0.85851219296455372 1.4171462655067446 -0.12352122738957404 -0.58715945482254017 -0.38554565608501429 0.46636740863323217 1.0000000180025095e-35 -0.051981380209326737 0.15498968958854678 -0.72517311573028553 -0.19845880568027494 0.55978818237781536 -0.64374265074729908
decision_type=2 2 2 2 2 2 2 2 2 2 2 2 2 2
left_child=-1 -2 3 4 5 -3 7 -6 9 -5 -11 -12 13 -9
right_child=1 2 -4 8 6 -7 -8 12 -10 10 11 -13 -14 -15
leaf_value=0.016537214160890917 -0.020956374791994744 -0.0098204122699775739 -0.015528444587946503 0.01443813936333197 0.0065418278802697226 0.010119762595652247 0.0071067459963717466 -0.0029013510139631448 0.013532278028957139 0.0080900374104411928 -0.023619245596956634 -0.0014063217729783318 0.0015692584283322085 -0.030274462609127261
leaf_weight=8.6726294700056297 8.4690400473773462 7.7667430453002479 10.95069409906864 11.044231576845048 2.9531363556161585 21.854315927252166 3.8860489577054969 4.6226309449411991 25.369988158345222 11.226545818150045 8.0698661729693431 12.346103914082049 3.884931947104632 11.67286152974703
leaf_count=22 62 34 50 32 17 89 9 55 64 30 43 44 33 170
internal_value=-0.000761874 -0.00232249 -0.00045547 0.00141582 -0.00417215 0.0042282 -0.0126035 -0.0165891 0.0060337 0.000625491 -0.00550784 -0.0131057 -0.0206008 -0.0250138
internal_weight=152.79 144.117 135.648 124.697 56.6407 29.6211 27.0196 23.1336 68.0567 42.6867 31.6425 20.416 20.1804 16.2955
internal_count=754 732 670 620 407 123 284 275 213 149 117 87 258 225
is_linear=0
shrinkage=0.03


Tree=174
num_leaves=15
num_cat=0
split_feature=29 14 13 30 11 25 27 11 8 8 22 6 16 21
split_gain=5.27251 5.1661 5.80658 4.20032 4.02243 3.26315 2.81369 2.80683 3.22647 3.12728 2.45374 1.76619 3.01301 3.97335
threshold=-1.2562471628189085 0.87929600477218639 -0.33918945491313929 -0.31242194771766657 -0.2304960414767265 -1.2152553200721739 -0.091849088668823228 -0.14014987647533414 -0.19406033307313916 0.14177257567644122 1.7365264892578127 1.2726269960403445 -1.1886876225471494 1.3331581354141238
decision_type=2 2 2 2 2 2 2 2 2 2 2 2 2 2
left_child=6 2 4 7 -2 -5 -1 9 -9 -4 11 12 -7 -14
right_child=1 -3 3 5 -6 10 -8 8 -10 -11 -12 -13 13 -15
leaf_value=0.0012223316264111273 0.017696101404924364 0.0096872400616744986 -0.016729845452748308 0.0028038435578449736 -0.0041284975807818281 0.0005107645068856021 0.018691442011644625 0.014726033804520653 -0.0037126293453262241 0.0049643225788918253 0.002683163630540756 -0.00031377867808348348 -0.029839801240207041 0.0027774382663999643
leaf_weight=14.68645576387644 11.650094268843533 26.635079976171255 10.213170609436931 7.3531267791986457 11.151855517178772 4.3471493422985104 16.600897438824177 10.885488023981454 15.112183476798235 6.8508170619606963 3.731495992280542 3.9002973660826674 19.423087584320463 2.9660447426140299
leaf_count=54 35 76 92 21 42 15 39 43 58 27 15 19 226 8
internal_value=0.00163747 -0.00106749 -0.00404204 -0.00760758 0.00819938 -0.0138397 0.0117897 -0.000757809 0.00513784 -0.00886887 -0.0173045 -0.0197739 -0.022116 -0.0258006
internal_weight=165.507 134.22 107.585 84.7829 22.8019 41.7212 31.2874 43.0617 25.9977 17.064 34.3681 30.6366 26.7363 22.3891
internal_count=770 677 601 524 77 304 93 220 101 119 283 268 249 234
is_linear=0
shrinkage=0.03


Tree=175
num_leaves=15
num_cat=0
split_feature=5 31 5 14 19 22 20 24 14 1 8 22 7 5
split_gain=3.39086 4.49804 6.01907 4.71131 4.50869 3.64941 3.52205 3.34855 3.8898 3.31406 3.07516 1.96556 1.70353 1.17226
threshold=-1.2954359650611875 1.0000000180025095e-35 -0.1549102962017059 1.0000000180025095e-35 0.15984890609979632 -0.48539610207080836 -0.25593741238117212 0.14588966220617297 0.76839035749435436 0.28127911686897283 -0.51320588588714589 0.95829182863235485 0.30758997797966009 0.19602067023515704
decision_type=2 2 2 2 2 2 2 2 2 2 2 2 2 2
left_child=-1 4 5 10 6 -3 11 8 -8 -6 -4 -2 -5 -12
right_child=1 2 3 12 9 -7 7 -9 -10 -11 13 -13 -14 -15
leaf_value=0.01199403487382965 -0.018896738125826099 0.0013227650919860625 0.0036095868982653329 0.00041671917484780184 0.016767127443259703 -0.022067742009146189 -0.015946064160691484 0.014159867420835867 0.011112245027243889 0.00029644418660832898 -0.0011166728797232367 0.0019339576154147697 0.015084321705481248 -0.022168494639561793
leaf_weight=19.232523625716567 8.5263965073972923 7.4890937879681614 8.6274604480713624 12.368913359940054 25.049059860408306 17.186823683790863 6.9267948293127137 9.5508480463176948 3.5420661121606827 17.626891389489174 3.7384258667007071 4.6122592166066161 12.806074626743792 6.0936168632470071
leaf_count=53 82 30 43 44 63 88 139 51 8 54 17 20 31 54
internal_value=0.0016106 -0.000130454 -0.00550754 0.0014256 0.00475421 -0.015942 -0.00330834 0.00442748 -0.00615843 0.0107086 -0.00880229 -0.0130668 0.00914103 -0.0172388
internal_weight=163.377 144.145 68.3104 43.6345 75.8343 24.6759 33.1584 20.0197 10.4689 42.676 18.4595 13.1387 25.175 9.83204
internal_count=777 724 307 189 417 118 300 198 147 117 114 102 75 71
is_linear=0
shrinkage=0.03


Tree=176
num_leaves=15
num_cat=0
split_feature=14 18 2 23 30 6 23 20 11 23 18 22 6 1
split_gain=4.13289 4.78445 4.16563 6.12777 5.03107 4.84851 3.42925 5.58816 4.79074 2.68693 2.53583 1.65466 1.52685 0.796112
threshold=-0.12352122738957404 0.27769026160240179 0.10893747303634883 -0.19555450603365895 -0.31242194771766657 -0.20514760911464688 -0.19555450603365895 0.016978832427412275 0.51582035422325145 0.56015436351299297 -0.42093525826930994 0.090760096907615675 -0.7223687171936034 -0.073962084949016557
decision_type=2 2 2 2 2 2 2 2 2 2 2 2 2 2
left_child=1 2 4 11 5 -1 7 -2 9 13 -6 -4 -3 -8
right_child=6 12 3 -5 10 -7 8 -9 -10 -11 -12 -13 -14 -15
leaf_value=-0.001385623140429331 -0.016980879882481124 -0.0017911033222272848 -0.0055801036829980742 -0.023400432508518299 0.0047026472678178824 0.022999144303536664 0.0010444440921706568 0.0062116362859565549 0.018472622540605506 -0.0070690057722438953 -0.016705604938753747 0.011817529282281383 -0.022960427797066956 0.012264830828833782
leaf_weight=11.881493326276541 10.246767796576025 5.1191683225333682 4.7685707444325072 8.8018185782711971 5.8267221748828888 12.167098503559828 10.925458610057831 19.679472588002682 21.956883653998375 14.664344072341917 6.2855578092858178 6.2083925567567348 8.7151799201965314 9.7574266940355301
leaf_count=44 49 19 50 194 19 31 39 57 53 51 44 20 58 25
internal_value=0.000658932 -0.00460366 -0.000183842 -0.00988841 0.00568062 0.0127868 0.00488976 -0.00302362 0.0089334 0.00145297 -0.00804205 0.00487864 -0.0176821 0.00769503
internal_weight=157.004 69.774 55.9397 19.7788 36.1609 24.0486 87.2304 29.9262 57.3041 35.3472 12.1123 10.977 13.8343 20.6829
internal_count=753 479 402 264 138 75 274 106 168 115 63 70 77 64
is_linear=0
shrinkage=0.03


Tree=177
num_leaves=15
num_cat=0
split_feature=30 4 6 9 66 10 28 12 25 61 30 18 9 9
split_gain=3.90865 4.05825 4.88758 5.99028 3.94015 3.79468 3.72569 2.82378 2.31387 2.16645 2.16819 1.38024 1.27806 0.108407
threshold=-0.31242194771766657 0.94283545017242443 -0.57459124922752369 -0.35732105374336237 1.0000000180025095e-35 -0.42929178476333613 1.1342156529426577 0.38172458112239843 -0.62305282056331623 1.0000000180025095e-35 -0.80879950523376454 0.17713944613933566 -0.43766753375530237 0.16493116319179538
decision_type=2 2 2 2 2 2 2 2 2 2 2 2 2 2
left_child=6 2 4 11 -2 -3 9 -7 -5 -1 -11 -4 -12 -14
right_child=1 5 3 8 -6 7 -8 -9 -10 10 12 -13 13 -15
leaf_value=-0.0026774798644368888 0.015077244724676407 0.016861213482026349 0.0046616432605943395 -0.0052143574346443121 -0.005594268203401951 -0.014381783741955353 -0.0090066904544977306 0.0074456423304249918 -0.027371591856705773 0.00047612670579876275 0.0039324911905944809 -0.0077997068637728484 0.020728667567528669 0.0078480239307849725
leaf_weight=9.4795995503663999 10.587715245783329 11.664014242589476 15.780468167737128 9.2781365849077719 13.681270193774253 5.5652930412907136 7.613038287498056 6.3177793771028519 13.000118755502625 12.614425295963882 11.279872924089426 8.0083718001842481 17.429412513971336 10.045593123883007
leaf_count=55 26 30 55 32 51 45 57 16 183 55 40 29 49 39
internal_value=0.00164403 -0.002305 -0.00585671 -0.0111957 0.00445905 0.00747172 0.00684772 -0.00400873 -0.020791 0.0093646 0.0116272 -0.000159449 0.0147876 0.0179526
internal_weight=162.345 93.8832 70.3361 46.0671 24.269 23.5471 68.4619 11.8831 22.2783 60.8489 51.3693 23.7888 38.7549 27.475
internal_count=762 467 376 299 77 91 295 61 215 238 183 84 128 88
is_linear=0
shrinkage=0.03


Tree=178
num_leaves=15
num_cat=0
split_feature=0 25 22 9 6 20 5 4 19 14 22 22 21 16
split_gain=5.76546 3.7873 3.86197 3.75099 3.01829 4.21616 3.00529 2.84762 5.15267 2.29138 2.09694 2.59804 1.87579 1.52164
threshold=-1.7491278648376463 -0.62305282056331623 0.26668949425220495 -1.0603528618812559 -0.20514760911464688 0.98998460173606884 -1.2954359650611875 0.050385277718305595 0.63990697264671337 0.15498968958854678 -0.45429393649101252 0.25938908755779272 -0.33484864234924311 0.72195065021514904
decision_type=2 2 2 2 2 2 2 2 2 2 2 2 2 2
left_child=-1 2 13 -3 6 7 -5 8 12 -9 -8 -12 -6 -2
right_child=1 3 -4 4 5 -7 10 9 -10 -11 11 -13 -14 -15
leaf_value=-0.019050110073476741 0.016869861580237615 0.011459873391131456 -0.0046459952327118107 0.0058298568770053742 0.003151916103020035 -0.014066082566543743 0.0010920812156171654 0.01574085547288865 0.012038967838094168 -0.0016789751641176881 -0.025279273580929514 -0.0044257658602302437 -0.019371979223027688 0.00279868969391559
leaf_weight=6.8233831271063528 26.082102581858635 14.072131754830478 11.554414354264734 6.6427964381873599 2.8239159025251874 7.6408820673823348 6.8486273176968124 18.183439933462072 6.978918805718421 8.3543596267700178 10.157370170112701 12.37091146269813 7.7403098375070849 11.846801832318304
leaf_count=59 67 40 41 20 14 30 27 106 19 32 64 55 147 36
internal_value=0.0011982 0.00269159 0.00907779 -0.000691861 -0.00315354 0.00152969 -0.0092451 0.00539058 -0.00345697 0.0108602 -0.013006 -0.0167118 -0.0142728 0.0133127
internal_weight=158.12 151.297 49.4833 101.814 87.7415 51.7218 36.0197 44.0809 17.5431 26.5378 29.3769 22.5283 10.5642 37.9289
internal_count=757 698 144 554 514 348 166 318 180 138 146 119 161 103
is_linear=0
shrinkage=0.03


Tree=179
num_leaves=15
num_cat=0
split_feature=8 5 3 16 14 16 24 0 16 6 9 8 5 14
split_gain=3.64156 5.00703 3.85975 3.65203 5.07969 5.08868 4.01632 5.43779 2.60404 2.85051 4.09801 2.9099 2.53452 1.96618
threshold=-1.3288000822067259 1.0294817686080935 0.97228002548217785 1.4954836964607241 -0.12352122738957404 -0.056310990825295441 -0.38554565608501429 0.32118908315896993 0.4889418780803681 0.16429603844881061 0.024324796628206972 -0.17320114374160764 -0.72517311573028553 -0.27143290638923639
decision_type=2 2 2 2 2 2 2 2 2 2 2 2 2 2
left_child=-1 3 -3 4 5 6 -2 13 9 11 -11 -6 -13 -8
right_child=1 2 -4 -5 8 -7 7 -9 -10 10 -12 12 -14 -15
leaf_value=0.016516374646427051 -0.0096646573788407592 -0.021375724804071058 0.004588146407476755 -0.010188255299046396 0.018618315617751499 -0.019277084373074425 0.016688111866620808 -0.010177575881056639 0.0187308423302497 -0.01435295286161291 0.0089570714596809067 0.010251830719602987 -0.0074708735307759851 -0.0019451549565053124
leaf_weight=9.0216092485934478 13.840629395097485 10.10759608238004 5.5409227497875682 13.196328714489935 13.196925677359102 7.6737874280661407 21.271006871014826 8.1479202327318472 16.030410870909691 9.3178277611732501 8.3087786342948657 9.2751831710338575 9.898502219468357 5.1219236743636527
leaf_count=29 59 97 17 46 33 46 79 66 40 38 24 23 39 129
internal_value=0.00188903 0.000513106 -0.0132974 0.00252767 0.00424895 -0.00231743 0.00192619 0.00720548 0.00959429 0.00522831 -0.00381389 0.0100035 0.00144959 0.0133382
internal_weight=159.949 150.928 15.6485 135.279 122.083 56.0553 48.3815 34.5409 66.0276 49.9972 17.6266 32.3706 19.1737 26.3929
internal_count=765 736 114 622 576 379 333 274 197 157 62 95 62 208
is_linear=0
shrinkage=0.03


Tree=180
num_leaves=13
num_cat=0
split_feature=2 2 0 29 53 25 22 26 23 27 9 27
split_gain=3.94187 4.48669 7.55425 4.89118 6.20605 7.90282 5.42327 5.28196 2.92596 2.91656 1.99506 0.794684
threshold=1.020727872848511 -1.5322852730751035 1.0938091874122622 -0.057339081540703767 1.0000000180025095e-35 -1.8074578046798704 -0.80495145916938771 0.28593802452087408 -1.5180450677871702 -0.83353424072265614 -0.49792742729187006 -0.37909317016601557
decision_type=2 2 2 2 2 2 2 2 2 2 2 2
left_child=1 -1 3 7 5 -5 -7 10 -8 -10 -3 -4
right_child=-2 2 11 4 -6 6 8 -9 9 -11 -12 -13
leaf_value=0.01028300668087704 0.014723075171720543 0.015382844745319233 0.015650333372733839 0.0084777666245189481 0.0057861784424937954 -0.00032169895951866492 -0.00062906402718777702 -0.012908419630358318 -0.00041520488907581911 -0.029597070527586256 0.00012022039137884357 0.0024626686965139965
leaf_weight=17.035274066030979 8.2762668381910753 11.635065812617539 9.8587673492729682 7.5703668743371955 12.022385296411811 10.416133827297015 4.4192335903644482 11.050330203026531 3.5230624405667106 31.546313370345175 14.511298425495626 8.7321542799472791
leaf_count=49 38 28 27 20 48 56 17 48 21 305 58 41
internal_value=-0.000973989 -0.00235553 -0.0044027 -0.00752025 -0.0119605 -0.0158386 -0.0199634 0.00120995 -0.024526 -0.0270831 0.00829119 0.0112909
internal_weight=150.597 142.32 125.285 106.694 69.4975 57.4751 49.9047 37.1967 39.4886 35.0694 26.1464 18.5909
internal_count=756 718 669 601 467 419 399 134 343 326 86 68
is_linear=0
shrinkage=0.03


Tree=181
num_leaves=15
num_cat=0
split_feature=29 14 11 32 27 28 17 20 7 3 11 0 7 8
split_gain=3.61142 4.12045 5.12667 3.67928 3.38968 2.49282 2.79284 2.46479 6.34348 2.25057 2.14328 1.97504 2.84299 4.35269
threshold=-1.2562471628189085 0.98683875799179088 0.14425361156463626 1.0000000180025095e-35 -0.34394866228103632 0.72555354237556469 0.19582634419202807 -0.30340111255645746 0.10905102640390398 -0.64624956250190724 -0.096637118607759462 1.0938091874122622 0.24978749454021457 -0.48400302231311793
decision_type=2 2 2 2 2 2 2 2 2 2 2 2 2 2
left_child=10 2 4 5 11 6 -4 -6 9 -9 -1 12 13 -2
right_child=1 -3 3 -5 7 -7 -8 8 -10 -11 -12 -13 -14 -15
leaf_value=0.00056872972978422971 0.007296491620440165 0.010009170490908308 -0.026632885737688485 0.0030706931702199169 -0.011965082782686671 -0.0020799947501489 -0.0025939383564972289 -0.0048546998966070044 -0.013237047525386084 0.016713143678936313 0.016976786768357406 0.01896973249562189 0.014523222242892724 -0.019428041940096133
leaf_weight=11.609978538006546 8.4131942214444297 23.857438150793314 12.914327295497065 12.135745644569395 12.147493502125142 11.115112051367758 7.2992194592952719 3.2374502201564637 9.6995339859276992 13.376022372860463 15.350349292159079 8.0842726062983257 5.9322690349072209 4.676315710879865
leaf_count=42 55 70 68 37 83 44 22 67 41 104 37 21 22 47
internal_value=0.00205091 -0.000122127 -0.00268067 -0.0101087 0.0026108 -0.014934 -0.0201881 -0.00305148 0.002317 0.0123595 0.0111053 0.00986899 0.00285779 -0.00498204
internal_weight=159.849 132.888 109.031 43.4644 65.5666 31.3287 20.2135 38.4605 26.313 16.6135 26.9603 27.1061 19.0218 13.0895
internal_count=760 681 611 171 440 134 90 295 212 171 79 145 124 102
is_linear=0
shrinkage=0.03


Tree=182
num_leaves=15
num_cat=0
split_feature=9 1 0 28 12 24 31 32 1 25 21 27 19 28
split_gain=5.41203 5.93177 5.31594 3.68073 3.22495 4.17677 2.45591 7.1804 3.66803 1.64744 1.37402 0.730431 1.95029 0.986039
threshold=0.3055375218391419 0.39969284832477575 -1.7491278648376463 0.92988458275794994 1.6324952244758608 0.67732498049736034 1.1107677668333056 1.0000000180025095e-35 1.3470027446746828 -0.91915407776832569 1.8167832493782046 1.0596360564231875 0.17285594344139102 0.21472591161727908
decision_type=2 2 2 2 2 2 2 2 2 2 2 2 2 2
left_child=2 3 -1 -2 5 6 8 -8 10 -7 11 12 13 -4
right_child=1 -3 4 -5 -6 9 7 -9 -10 -11 -12 -13 -14 -15
leaf_value=-0.01496924237361801 -0.025051782209960249 0.0062631078909038615 0.013704536396429998 0.00068898159435592111 -0.0075163775001303862 0.0035337914320717561 -0.017654190672004383 0.014743363848850662 -0.0017015319124925477 -0.013637350833906168 0.0011408881415123804 0.0042884687158298573 0.022248192292468792 0.0021861511644498959
leaf_weight=6.5996710658073416 11.575158904306596 12.61889110226184 11.538747286424043 6.7844568854197851 9.5847246497869474 6.1458043456077576 6.8891337104141694 7.7894146703183651 14.120270757470278 6.2256536539643985 7.2819237112998954 8.7619577348232252 29.305339723825455 15.087784702889619
leaf_count=41 77 50 38 48 32 19 44 21 57 47 23 24 69 175
internal_value=0.0021731 -0.00824851 0.00488349 -0.0174283 0.00649522 0.00795002 0.0099548 -0.00108413 0.011793 -0.00654529 0.014379 0.0156803 0.0169665 0.00855518
internal_weight=160.309 30.9785 129.33 18.3596 122.731 113.146 100.775 14.6785 86.096 12.3715 71.9758 64.6938 55.9319 26.6265
internal_count=765 175 590 125 549 517 451 65 386 66 329 306 282 213
is_linear=0
shrinkage=0.03


Tree=183
num_leaves=15
num_cat=0
split_feature=9 2 0 16 61 26 26 17 67 0 35 30 14 24
split_gain=3.91013 4.02906 3.11009 3.05876 3.20674 3.59462 3.26878 5.03473 3.77781 3.06123 2.23387 2.21219 2.72043 1.46146
threshold=0.4260572642087937 0.83836981654167186 1.0938091874122622 -1.1886876225471494 1.0000000180025095e-35 0.10810814052820207 0.10810814052820207 -0.31965644657611841 1.0000000180025095e-35 0.11180475258152002 1.0000000180025095e-35 -0.31242194771766657 -0.12352122738957404 -0.73983585834503163
decision_type=2 2 2 2 2 2 2 2 2 2 2 2 2 2
left_child=3 2 10 -1 5 -5 7 -6 9 -9 -2 -8 -13 -11
right_child=1 -3 -4 4 6 -7 11 8 -10 13 -12 12 -14 -15
leaf_value=0.014801021646191806 -0.00031143622164730674 0.0090885379950311398 0.0042991724367284993 0.0048950570394837283 -0.016494572796196972 -0.019756390489503919 0.015565424490430916 0.0067698909923121454 0.013176370109603416 0.00031897182555745582 -0.023592176167896477 -0.0071951741143813407 0.0082545098029097007 -0.020003006077527311
leaf_weight=16.964809156954288 4.999581441283234 6.531853192485868 5.3225020095705977 6.8913424520287645 9.8974419897422177 6.6295614801347256 20.761821774765849 7.9516582915093776 15.199136201990767 4.4387266337871507 11.057901646010578 10.735878758132456 26.396094538271427 5.0376270725391832
leaf_count=48 26 28 18 79 60 43 63 41 49 15 80 42 73 78
internal_value=0.00230776 -0.00707251 -0.0127967 0.00449447 0.00240219 -0.00926247 0.00433761 -0.00188674 0.00414755 -0.00490863 -0.0181387 0.0086961 0.00346381 -0.0136617
internal_weight=158.816 27.9118 21.38 130.904 113.939 13.5209 100.418 42.5246 32.6271 17.428 16.0575 57.8938 37.132 9.47635
internal_count=743 152 124 591 543 122 421 243 183 134 106 178 115 93
is_linear=0
shrinkage=0.03


Tree=184
num_leaves=15
num_cat=0
split_feature=0 28 27 28 25 16 26 18 4 7 7 22 27 11
split_gain=3.89687 2.71907 3.99481 4.07603 5.10905 4.48626 4.2886 3.37121 3.35712 3.11263 2.65502 1.93988 3.1188 1.25208
threshold=-1.7491278648376463 -1.5220880508422849 -0.059669708833098405 0.55527767539024364 -1.2152553200721739 -0.72161740064620961 -0.71593949198722828 -0.46874180436134333 0.94283545017242443 0.60665497183799755 -0.65997326374053944 -0.057830756530165665 0.18687520176172259 0.5460549294948579
decision_type=2 2 2 2 2 2 2 2 2 2 2 2 2 2
left_child=-1 9 3 4 -3 -6 8 -7 10 -2 -5 13 -13 -4
right_child=1 2 11 6 5 7 -8 -9 -10 -11 -12 12 -14 -15
leaf_value=-0.013642645239617873 -0.014607129740391391 0.01376900448424765 0.019556685771573334 0.0050978747001980528 0.0065453155377930509 0.0026057027469801926 0.012764325050148521 -0.021946878577580976 0.0089988600640889573 0.0057751439950910763 -0.017493266651359907 0.012655740813608042 -0.0074217731353877466 0.0049097568480098094
leaf_weight=7.8040841761976472 10.055833477526905 4.8268229216337195 19.824480539187793 4.1670188158750543 6.9867874719202545 5.2186671532690552 29.58450650703162 17.545354045229033 7.6721108946949235 8.4582446143031103 9.6903477152809501 8.4147712066769618 9.7780879437923414 12.118131700903175
leaf_count=60 44 12 58 21 26 28 105 204 25 26 64 24 38 35
internal_value=0.00241446 0.00362899 0.00511583 0.00100144 -0.00642814 -0.0112146 0.00615234 -0.0168626 -0.00362673 -0.00604741 -0.0111495 0.0114196 0.00259107 0.0154166
internal_weight=162.145 154.341 135.827 85.6916 34.5776 29.7508 51.114 22.764 21.5295 18.5141 13.8574 50.1355 18.1929 31.9426
internal_count=770 710 640 485 270 258 215 232 110 70 85 155 62 93
is_linear=0
shrinkage=0.03


Tree=185
num_leaves=15
num_cat=0
split_feature=0 12 9 5 14 18 9 6 11 11 11 9 7 24
split_gain=6.15532 4.72625 3.78535 8.6828 4.89464 4.34312 6.79332 5.21641 4.23978 4.61867 4.38225 1.9971 1.61106 1.31905
threshold=-1.7491278648376463 2.035321950912476 -0.21671468764543531 -0.06717756018042563 1.0000000180025095e-35 0.6821822226047517 -0.076108321547508226 -1.0179236233234403 -0.53274267911911 0.14425361156463626 0.79731348156929027 0.3657973855733872 -0.60971021652221669 -1.6255614161491392
decision_type=2 2 2 2 2 2 2 2 2 2 2 2 2 2
left_child=-1 2 3 -2 12 6 7 -4 11 -10 -11 -8 -5 -9
right_child=1 -3 5 4 -6 -7 8 13 9 10 -12 -13 -14 -15
leaf_value=-0.019422628165674062 0.017679456038875586 -0.016187843201223545 0.0062373202468912715 -0.0009299102920382156 0.006514218640972195 0.010881994821694241 0.0030800076027229137 -0.00049833689423630615 0.016649600588202591 -0.016136661704435829 0.0082866407079602213 -0.018285890139954221 -0.022544414206670259 -0.028218209125409857
leaf_weight=7.0814515426754943 37.752258321270347 6.1399900503456584 4.1217232318595043 5.0208279527723789 15.591864392161368 18.16849147900939 4.1872544623911363 1.9148056358098973 16.706244979985058 7.2383656837046173 9.7644677348434907 5.9859262574464083 5.6074286419898289 10.758454246912153
leaf_count=61 111 26 14 27 48 57 19 6 62 36 29 52 35 180
internal_value=0.00124875 0.00283033 0.00416785 0.00930111 -0.00366164 -0.000303362 -0.00422605 -0.0179503 0.00232541 0.00739521 -0.00341495 -0.0113747 -0.0158979 -0.0253559
internal_weight=156.04 148.958 142.818 63.9724 26.2201 78.8457 60.6772 16.795 43.8823 33.7091 17.0028 10.1732 10.6283 12.6733
internal_count=763 702 676 221 110 455 398 200 198 127 65 71 62 186
is_linear=0
shrinkage=0.03


Tree=186
num_leaves=15
num_cat=0
split_feature=9 21 29 1 19 30 4 11 4 6 18 18 18 29
split_gain=4.19112 3.87594 6.79503 10.0069 4.75784 4.54088 2.48307 2.76274 2.25578 3.04432 2.24835 1.84059 2.58847 1.56641
threshold=-0.93983313441276539 0.06867123302072288 1.0894425511360171 -0.78444448113441456 0.14326719939708712 -0.4158762246370315 0.49661035835742956 -0.096637118607759462 0.050385277718305595 1.0000000180025095e-35 -0.38635036349296564 -0.21775482594966886 -0.0094150458462536318 1.8452758789062502
decision_type=2 2 2 2 2 2 2 2 2 2 2 2 2 2
left_child=-1 2 3 -2 -3 6 7 10 9 -7 -5 -10 -13 -4
right_child=1 4 13 5 -6 8 -8 -9 11 -11 -12 12 -14 -15
leaf_value=0.012136631164389145 -0.02815383158175979 -0.0038536557333939598 0.015215702543723602 0.003840859365384934 0.018095681566232147 0.0076869452738222077 0.013886502256848586 0.0077303080691987804 -0.022455254884204683 -0.013640202222905936 -0.019163601032256807 0.0068337016244476457 -0.014153563981746678 0.00090264515122028552
leaf_weight=26.11808779463172 11.397354504559187 13.241114232689144 12.895035400986673 4.0310869626700896 15.236463632434605 11.791840455727653 13.043637921102343 10.041670070961118 7.8572518629953256 4.3935472753364584 4.5948748234659451 6.5884893583133808 5.182525888085368 12.269426099956034
leaf_count=81 110 54 35 22 36 80 43 38 46 37 48 75 27 35
internal_value=0.00222843 -9.38763e-05 -0.00283088 -0.00710998 0.00883868 -0.00186194 0.00592882 -0.00139044 -0.00864151 4.47513e-05 -0.0109486 -0.0143591 -0.00387137 0.00954347
internal_weight=158.682 132.564 104.087 78.9223 28.4776 67.5249 31.7113 18.6676 35.8137 16.1854 8.62596 19.6283 11.771 25.1645
internal_count=767 686 596 526 90 416 151 108 265 117 70 148 102 70
is_linear=0
shrinkage=0.03


Tree=187
num_leaves=15
num_cat=0
split_feature=7 20 7 22 5 14 27 20 27 20 20 2 7 20
split_gain=4.95952 3.77497 3.86217 3.61419 3.81147 3.2069 3.19593 3.54695 4.48152 3.09745 2.82377 2.5391 2.44443 1.94053
threshold=-1.2116099596023557 0.70520243048667919 0.62927332520484935 -0.38951960206031794 -0.98837137222290028 0.41321270167827612 -0.50518882274627674 -0.11354633048176764 -0.011991711566224693 -0.18474186956882474 1.1086438298225405 1.0000000180025095e-35 -0.77683478593826283 -0.30340111255645746
decision_type=2 2 2 2 2 2 2 2 2 2 2 2 2 2
left_child=-1 3 10 4 -2 -4 9 8 12 -5 -3 -9 -8 -10
right_child=1 2 5 6 -6 -7 7 11 13 -11 -12 -13 -14 -15
leaf_value=0.020317117386654225 0.0049106312102337483 0.020561655229630143 -0.012826808267078717 -0.018091610702930166 -0.018089689299552975 0.0069952727898505568 -0.0027780179570528257 0.0032506417096735854 -0.0088941250613789168 0.0031723296522723674 0.0025495874591724582 -0.015357484758435007 0.018813543343173096 0.00663738364719519
leaf_weight=6.7507455348968497 6.5579822137951878 13.799193859100344 9.6852059662342089 9.4770344253629464 17.798901642672718 10.169240459799765 4.3560541011393097 10.352266356348993 12.048040024936201 8.5149667635560018 16.221103325486183 8.2155041657388193 20.366892163641751 7.9488865733146659
leaf_count=12 22 28 36 90 127 30 26 29 59 28 53 38 169 27
internal_value=0.00152424 0.000100966 0.00653117 -0.00309292 -0.0121153 -0.00330932 0.000156213 0.00340496 0.00775483 -0.00952675 0.0125826 -0.00649413 0.0151819 -0.00262755
internal_weight=162.262 155.511 49.8747 105.637 24.3569 19.8544 81.2796 63.2876 44.7199 17.992 30.0203 18.5678 24.7229 19.9969
internal_count=774 762 147 615 149 66 466 348 281 118 81 67 195 86
is_linear=0
shrinkage=0.03


Tree=188
num_leaves=15
num_cat=0
split_feature=6 6 3 12 5 61 12 9 6 22 19 27 11 7
split_gain=3.26611 4.78159 6.31445 4.39089 4.76461 5.11988 3.66018 3.19157 2.42755 2.13679 1.95424 2.65284 2.63449 1.69782
threshold=-0.13125888258218762 -0.64847996830940235 -0.44037659466266627 1.4915068149566653 1.0294817686080935 1.0000000180025095e-35 1.0000000180025095e-35 -0.6787070333957671 1.7159593701362612 0.42406655848026281 0.34580872952938085 -0.059669708833098405 -0.096637118607759462 -0.15734300762414929
decision_type=2 2 2 2 2 2 2 2 2 2 2 2 2 2
left_child=1 6 -3 4 5 -2 7 -1 -6 -9 11 12 -7 -8
right_child=3 2 -4 -5 8 10 13 9 -10 -11 -12 -13 -14 -15
leaf_value=0.0076081631284123912 -0.00637741747597076 0.0050132349495910734 -0.022763940865483872 -0.010774777413546675 -0.014270238308516696 -0.011682055596983947 0.00015220360500620681 -0.019646040925319536 0.0055892687203500831 0.0013693404525737497 0.020892844008869996 0.015291859108798258 0.0075067706112760318 0.014239307773412953
leaf_weight=6.4854448884725597 9.577427094569428 9.5393798067234474 14.033946549519895 8.6235931515693647 7.7047986050602031 6.3282170942984513 12.392563238739969 8.1835159878246468 6.1505045895464718 5.5861699171364299 23.495532639324665 14.004956565797331 9.9728004746139067 15.819082103669642
leaf_count=20 90 50 76 34 67 112 46 53 24 21 56 42 33 37
internal_value=0.00177334 -0.00283523 -0.0126131 0.00558344 0.00795399 0.0113056 0.00265533 -0.0062215 -0.00631002 -0.0130267 0.0147281 0.00766674 -0.000936081 0.00900577
internal_weight=157.898 72.0401 23.5733 85.8578 77.2342 63.3789 48.4668 20.2551 13.8553 13.7697 53.8015 30.306 16.301 28.2116
internal_count=761 303 126 458 424 333 177 94 91 74 243 187 145 83
is_linear=0
shrinkage=0.03


Tree=189
num_leaves=15
num_cat=0
split_feature=12 7 8 1 1 12 9 8 7 18 1 8 27 53
split_gain=4.40833 3.17577 6.915 4.43117 4.81445 4.47836 3.55942 3.51562 5.50208 2.87196 2.29199 1.86031 1.19836 1.13372
threshold=-1.4294340610504148 -0.13975095003843305 -0.17320114374160764 -0.19237581640481946 0.87334778904914867 0.27343384921550756 0.14484453946352008 -0.56535387039184559 -0.9879394769668578 -0.45862095057964319 0.16286537796258929 0.5297534465789796 -0.2747823148965835 1.0000000180025095e-35
decision_type=2 2 2 2 2 2 2 2 2 2 2 2 2 2
left_child=-1 2 7 6 5 -5 -3 8 -2 -10 13 -6 -9 -4
right_child=1 3 10 4 11 -7 -8 12 9 -11 -12 -13 -14 -15
leaf_value=-0.016249208480745389 0.010485843725290628 0.016363854594848508 -0.027422170390135243 0.0021182902411346228 0.014574363401810281 -0.024016479962390553 -0.0025980123005859943 0.0020045614151634516 -3.0202239737825085e-05 -0.021579553613688188 -0.001955969554407523 -0.0015377895004327891 0.017266801191348498 -0.0014746173664098368
leaf_weight=6.5178796947002402 12.470495687797667 36.435964040458202 6.4137781404424477 10.532229263335468 10.503293803893031 6.5846927873790255 9.7669032886624318 8.5237012971192616 10.040245885029437 7.5300484709441653 8.110107717337085 9.5605494529008848 11.292478770017622 2.4335958054289222
leaf_count=45 45 103 113 40 29 33 52 35 48 59 58 34 35 19
internal_value=0.00174347 0.00302261 -0.00179381 0.00676511 -0.000990077 -0.011092 0.0124932 0.00402454 -0.00250149 -0.0120002 -0.0159215 0.00812164 0.0124285 -0.0233945
internal_weight=156.716 150.198 66.8145 83.3836 37.1808 17.1169 46.2029 49.857 30.0408 17.5703 16.9575 20.0638 19.8162 8.84737
internal_count=748 703 412 291 136 73 155 222 152 107 190 63 70 132
is_linear=0
shrinkage=0.03


Tree=190
num_leaves=15
num_cat=0
split_feature=27 10 28 16 28 30 27 22 4 8 16 17 1 17
split_gain=3.07736 6.24875 5.73349 4.17487 3.8918 4.78669 3.02218 4.11216 2.73033 3.0591 2.06005 4.1252 1.90334 1.85566
threshold=-0.075719472020864473 -0.42929178476333613 0.58933284878730785 -0.90828359127044667 0.89582940936088573 0.26429435610771185 -0.011991711566224693 0.30846378207206732 0.94283545017242443 -0.17320114374160764 0.98249831795692455 -0.081601213663816438 -0.19237581640481946 -0.28615595400333399
decision_type=2 2 2 2 2 2 2 2 2 2 2 2 2 2
left_child=1 8 3 -3 -4 -6 -2 10 9 -1 11 13 -11 -8
right_child=6 2 4 -5 5 -7 7 -9 -10 12 -12 -13 -14 -15
leaf_value=0.010691608168017595 0.016849908546957743 0.0025522543206074394 0.012395510872828981 -0.026236060766677283 -0.016598793375295556 0.010016393485913556 0.0079258879956787317 -0.0094705018664993021 0.017379455155461829 0.0032776698975621531 -0.0017803282616204123 0.019102664998305114 -0.013710450672873672 -0.008738039123914498
leaf_weight=11.164938036352398 13.590260501950977 4.8839538767933872 9.6002411302179116 13.814784414134918 11.394392619840803 5.5344498809427014 6.282378695905205 14.012257652357219 9.2294752001762372 7.8665238954126862 15.224076986312864 16.76130564510823 8.3602740466594678 7.9830055609345418
leaf_count=37 34 19 32 226 90 18 31 60 23 29 59 41 36 37
internal_value=0.00195363 -0.0020139 -0.00903945 -0.0197647 0.000455691 -0.00759775 0.0061996 0.00269088 0.00670635 0.000982535 0.0069398 0.0108718 -0.0066427 -0.00124696
internal_weight=155.702 81.849 45.2278 18.6987 26.5291 16.9288 73.8533 60.263 36.6212 27.3917 46.2508 31.0267 16.2268 14.2654
internal_count=772 510 385 245 140 108 262 228 125 102 168 109 65 68
is_linear=0
shrinkage=0.03


Tree=191
num_leaves=15
num_cat=0
split_feature=9 1 61 13 11 22 26 9 26 17 14 26 1 9
split_gain=3.51197 4.89256 4.12528 3.74829 4.07227 3.59724 3.56059 2.33183 4.07266 3.47105 5.25097 2.03344 1.53205 1.37175
threshold=0.3055375218391419 1.2285889983177187 1.0000000180025095e-35 -0.33918945491313929 0.87377202510833751 -1.240938067436218 0.3684373944997788 0.044411420822143562 1.0000000180025095e-35 -0.20487888157367704 -0.7562313675880431 -0.43790842592716211 -0.54761700332164753 -0.779140144586563
decision_type=2 2 2 2 2 2 2 2 2 2 2 2 2 2
left_child=2 3 6 -2 -5 -4 11 8 9 10 -7 -1 -10 -12
right_child=1 -3 5 4 -6 7 -8 -9 12 -11 13 -13 -14 -15
leaf_value=-0.0091907952854731571 0.0057264320021463899 0.0089206831285494077 -0.010198537357125179 -0.025391283726557468 0.0019877089570228294 0.0093311067812328081 -0.020084950563739882 0.018684128412926805 0.0028786599935179801 0.0068033596335155631 -6.4609897119679723e-05 0.0096814751519499823 0.014690000427717989 -0.021364578554486494
leaf_weight=3.7895494680851707 5.0799627900123587 9.0537250936031324 6.9211495867930344 13.081568112596875 5.7638805881142607 5.9785966388881198 6.3673326093703499 10.726350577548144 18.154654806479812 17.787841357290748 3.3225559610873452 7.8012435999698946 28.649357497692108 10.835383095545692
leaf_count=29 19 29 31 115 23 26 41 29 62 53 12 65 84 145
internal_value=0.00133945 -0.00670441 0.00372349 -0.0131371 -0.0183565 0.00607064 -0.00806513 0.00769918 0.00534486 -0.00189584 -0.0094051 0.00260096 0.0108286 -0.0176874
internal_weight=153.313 32.9791 120.334 23.9254 18.8454 102.376 17.9581 95.4547 84.7284 37.9244 20.1365 11.5908 46.804 14.1579
internal_count=763 186 577 157 138 442 135 411 382 236 183 94 146 157
is_linear=0
shrinkage=0.03


Tree=192
num_leaves=15
num_cat=0
split_feature=14 17 24 9 8 8 11 30 3 14 8 18 4 16
split_gain=4.22947 4.4363 4.20866 4.76593 3.75364 6.59597 3.84353 3.74168 2.63001 2.55712 2.02167 1.87137 1.48568 1.32109
threshold=-0.93377065658569325 0.35079707205295568 -0.56269074976444233 -0.63853377103805531 1.5435099601745608 -0.463143840432167 -0.3256645649671554 0.22200885415077212 -0.44037659466266627 0.65390467643737804 -0.56535387039184559 -0.51016974449157704 -0.89164549112319935 0.98249831795692455
decision_type=2 2 2 2 2 2 2 2 2 2 2 2 2 2
left_child=-1 2 3 -2 5 10 8 -8 -7 -5 11 -4 -13 -3
right_child=1 13 4 9 -6 6 7 -9 -10 -11 -12 12 -14 -15
leaf_value=-0.01427216176580908 0.0061296325194120831 0.016099018423191027 0.01048515348404769 -0.023657605606632274 0.013995723103759785 0.012153235547100915 -0.02026716301127884 0.0025729084231779294 -0.0070335607408955709 -0.0012662206114485257 0.01948416499245224 0.0049161172817830017 -0.011239750607387886 0.0020044287227546269
leaf_weight=11.423164617270229 8.5484631732106227 16.130667626857761 9.7815932016819751 11.844590671360494 14.726475138217209 7.924191749654713 18.211601390270523 7.5169390290975562 8.2035026196390337 7.1246996745467177 7.0039785923436275 5.5544308647513416 6.070702321827409 10.579420953989027
leaf_count=80 28 42 39 67 39 36 206 25 52 22 18 23 48 32
internal_value=0.000158048 0.00179581 -0.000956653 -0.0101732 0.00242674 -0.000766546 -0.0079824 -0.0142613 0.00303881 -0.0172661 0.00946791 0.00312201 -0.00436358 0.0117127
internal_weight=150.644 139.221 112.511 27.5178 84.9934 70.2669 41.8562 25.7285 16.1277 18.9693 28.4107 21.4067 11.6251 26.7101
internal_count=757 677 603 117 486 447 319 231 88 89 128 110 71 74
is_linear=0
shrinkage=0.03


Tree=193
num_leaves=15
num_cat=0
split_feature=25 24 24 5 8 40 1 7 19 1 27 27 8 26
split_gain=3.18793 4.9105 3.07545 3.28115 2.94972 2.20856 2.06499 4.64278 4.3935 2.63024 2.28883 1.81842 1.74915 0.946584
threshold=-0.62305282056331623 0.67732498049736034 -0.20840055495500562 -0.33037577569484705 0.19392054527997973 1.0000000180025095e-35 -0.31078955531120295 0.4106291681528092 -1.4333746433258054 1.4654164314270022 -0.39680933952331537 -0.32651823759078974 1.1012951731681826 -0.87375488877296437
decision_type=2 2 2 2 2 2 2 2 2 2 2 2 2 2
left_child=4 2 3 -2 5 -1 7 8 -4 10 -8 -5 -6 -10
right_child=1 -3 6 11 12 -7 9 -9 13 -11 -12 -13 -14 -15
leaf_value=0.015815072751177196 -0.014703742855541747 -0.018849385357880173 0.0093405214081750867 -0.0061780140362250333 -0.0094291581620471569 0.0003474903028773553 -0.0022371807025580981 0.012769320951530532 -0.00018155156798785091 -0.0050124922836721651 0.017695834349553352 0.0065587749523662465 0.0056814324286805773 -0.023308251787143883
leaf_weight=23.882544146850705 13.971390251070259 8.4240902345627529 3.2657339945435533 13.265477108769117 9.5752535611391085 11.984187342226504 5.3057737592607763 6.8309157304465762 1.9315950768068431 5.9723523044958702 18.849511960754175 17.669005092233423 8.5354785919189435 6.844695127569139
leaf_count=71 61 82 8 56 38 35 38 20 16 33 110 62 25 115
internal_value=0.00124559 -0.00187483 0.000523827 -0.00487145 0.0068187 0.0113217 0.00546149 -0.00205499 -0.0117434 0.00979236 0.0136847 0.000997274 -0.00261919 -0.0201315
internal_weight=156.308 102.331 93.9065 44.9059 53.9775 35.8667 49.0006 18.8729 12.042 30.1276 24.1553 30.9345 18.1107 8.77629
internal_count=770 601 519 179 169 106 340 159 139 181 148 118 63 131
is_linear=0
shrinkage=0.03


Tree=194
num_leaves=15
num_cat=0
split_feature=17 19 8 27 20 20 28 27 22 19 20 23 14 0
split_gain=4.51409 5.92989 4.35803 3.79282 3.06852 6.08624 3.37446 3.03825 4.95198 4.2431 2.16252 1.68194 1.6815 1.35224
threshold=-0.38846583664417261 -2.5477769374847408 0.87810188531875621 0.081310976296663298 0.5746772587299348 0.21869953721761706 -1.5561432242393491 -0.059669708833098405 0.050184791907668121 0.38651748001575476 1.0315153002738955 0.37122716009616857 0.41321270167827612 0.11180475258152002
decision_type=2 2 2 2 2 2 2 2 2 2 2 2 2 2
left_child=1 -1 4 -4 5 6 -2 8 9 -8 -6 -3 -12 -9
right_child=2 11 3 -5 10 -7 7 13 -10 -11 12 -13 -14 -15
leaf_value=0.011261459841523016 -0.012232332755914802 -0.025717241465529797 -0.017864039289125635 0.0026472032432114665 0.018068147714438768 -0.019454470402925406 -0.02224733687007615 0.019354674509550997 0.0095943581407795971 0.0041646745120612503 -0.0045417583248267713 -0.0018201579229835734 0.0098415035907504535 0.0045433608303992803
leaf_weight=3.6544651798903969 5.460230838507413 9.1591071691364032 11.953396134078504 13.41919259727001 15.374138176441191 6.6390799693763247 7.1177745696622861 11.343057416379454 17.379617309430614 7.5708255916833878 10.035529017448427 4.257378138601779 10.040014088153837 14.609181392937897
leaf_count=11 28 91 50 44 33 33 184 28 70 23 35 29 29 49
internal_value=-0.000269664 -0.0128459 0.00178208 -0.00836599 0.00448909 0.000645692 0.0040148 0.00639299 -6.78952e-05 -0.0110335 0.0110718 -0.0206871 0.00317954 0.0130978
internal_weight=148.013 17.071 130.942 25.3726 105.569 70.1198 63.4807 58.0205 32.0682 14.6886 35.4497 13.4165 20.0755 25.9522
internal_count=737 131 606 94 512 415 382 354 277 207 97 120 64 77
is_linear=0
shrinkage=0.03


Tree=195
num_leaves=15
num_cat=0
split_feature=9 22 25 30 19 6 1 14 40 19 1 14 22 3
split_gain=4.15766 3.49423 4.33439 4.69484 2.63936 2.83417 3.62312 2.61945 2.10473 3.75974 2.364 1.69278 1.31314 1.2201
threshold=-0.91974651813507069 0.71640825271606456 -0.62305282056331623 0.046669518575072295 -0.75121188163757313 -0.35292506217956537 -0.54761700332164753 0.65390467643737804 1.0000000180025095e-35 0.79690828919410717 -1.0000000180025095e-35 -0.27143290638923639 -0.30126412212848658 0.11917744576931001
decision_type=2 2 2 2 2 2 2 2 2 2 2 2 2 2
left_child=13 2 7 4 -4 -6 -7 11 9 10 -3 -2 -8 -1
right_child=1 8 3 -5 5 6 12 -9 -10 -11 -12 -13 -14 -15
leaf_value=0.0017350998713577647 0.0044052839092769821 -0.017868737226508863 0.0076838840495862303 -0.019480806275263208 -0.017621384339323694 -0.01673497849728595 -0.0043637569057793403 0.011667712764142682 0.013552258087124668 0.012008017231835408 0.0019412815882925759 -0.01057980695267856 0.0099287321917163537 0.015361569898181406
leaf_weight=10.482408484444024 9.501685965806244 5.8280784653034052 11.527221760712562 19.145309211686254 8.7018086423631775 3.6885358239524093 5.0272093070671007 14.745000243186949 13.298161447048185 8.8763027638196927 9.1169066694565135 8.537829680368306 13.458704309305173 14.67746716737747
leaf_count=41 30 43 55 102 58 87 33 38 35 21 42 38 111 40
internal_value=0.000853868 -0.00140081 -0.00442624 -0.00887633 -0.00253861 -0.00689403 -0.000216646 0.00399728 0.00590058 1.90028e-05 -0.00832686 -0.0034438 0.00594038 0.0109132
internal_weight=156.613 131.453 94.3333 61.5488 42.4035 30.8763 22.1744 32.7845 37.1194 23.8213 14.945 18.0395 18.4859 25.1599
internal_count=774 693 552 446 344 289 231 106 141 106 85 68 144 81
is_linear=0
shrinkage=0.03


Tree=196
num_leaves=15
num_cat=0
split_feature=0 17 9 10 7 14 0 4 25 33 0 5 3 21
split_gain=2.77509 2.59371 2.73342 3.16461 7.22587 6.17524 4.59881 5.42339 3.99037 3.66276 2.8394 1.99812 1.96339 1.92718
threshold=-1.7491278648376463 0.38037602603435522 -0.779140144586563 0.36197219789028173 -0.37096086144447321 0.15498968958854678 0.11180475258152002 1.5873827934265139 0.8574533760547639 -1.0000000180025095e-35 0.67429283261299144 -0.41810853779315943 1.0000000180025095e-35 0.06867123302072288
decision_type=2 2 2 2 2 2 2 2 2 2 2 2 2 2
left_child=-1 2 12 6 -5 -6 -4 8 9 13 -11 -3 -2 -8
right_child=1 11 3 4 5 -7 7 -9 -10 10 -12 -13 -14 -15
leaf_value=-0.013015502698428874 -0.0016634400970366909 -0.00037893624892129261 0.0047351910706457832 -0.016629739000053271 0.021617246230119617 -0.0068413546622220871 -0.029827080693551892 0.010691476012268337 0.0027618141891420779 -0.013297260680871439 0.0079125813803958313 0.015281646832361235 0.013513591170738198 -0.0035104928216966227
leaf_weight=7.293860711157321 11.045163530856373 11.262999050319197 22.034546528942883 5.6032811682671335 15.317226824350657 7.4355590641498557 15.035023983800778 5.453670954797416 8.3671083338558656 7.4517352508846724 5.9956373078748584 14.81776839494705 14.433288309723137 4.5367848649621001
leaf_count=54 44 37 121 56 59 33 121 17 35 78 29 38 40 15
internal_value=0.000729161 0.00180419 -0.000150489 -0.00249575 0.00533026 0.01276 -0.00586046 -0.0108209 -0.0145025 -0.0186652 -0.00425915 0.00954563 0.00774066 -0.0256825
internal_weight=156.084 148.79 122.709 97.2306 28.3561 22.7528 68.8745 46.84 41.3863 33.0192 13.4474 26.0808 25.4785 19.5718
internal_count=777 723 648 564 148 92 416 295 278 243 107 75 84 136
is_linear=0
shrinkage=0.03


Tree=197
num_leaves=15
num_cat=0
split_feature=10 12 5 1 18 29 3 5 4 4 16 28 4 4
split_gain=3.40766 3.09306 2.80076 4.1065 6.1143 2.12886 2.11102 4.6556 3.56549 2.33349 5.33051 2.23794 2.05752 1.76631
threshold=0.75760418176651012 -0.2094459533691406 -0.33037577569484705 -0.19237581640481946 -0.46874180436134333 0.20329311490058902 1.1781529784202578 0.81014987826347362 -0.69332319498062123 0.14954640716314319 -0.27505995333194727 -1.0000000180025095e-35 -0.048775855451822274 -0.94122606515884388
decision_type=2 2 2 2 2 2 2 2 2 2 2 2 2 2
left_child=2 -2 3 5 -5 -1 7 9 -9 13 -11 -10 -6 -4
right_child=1 -3 6 4 12 -7 -8 8 11 10 -12 -13 -14 -15
leaf_value=0.010815674158150192 -0.01809672416750804 0.0034124968134492295 0.00027510404471905233 0.0062139542349961422 -0.0009624592970986503 -0.0046388602681838274 0.01712073990512895 0.0080743760735447461 0.00020895043628425122 -0.012875489461154837 0.011459036319311324 -0.022349189337374068 -0.024843552545605059 0.017937668851993716
leaf_weight=21.094685506308455 7.6812283676117685 8.9333494016900641 6.5010264089796683 11.7504212372005 4.7114182566292593 8.2288332320749742 13.366504235193132 6.0363735717255649 5.9839805345982322 8.7773043662309664 14.792558527318759 6.1844922746531639 9.598418418783691 21.547635665163401
leaf_count=96 48 42 43 42 26 32 37 33 24 39 73 60 65 101
internal_value=0.00284452 -0.00841752 0.00444092 -0.00077955 -0.00862636 0.0064348 0.00776361 0.00494796 -0.00683294 0.00933936 0.00172959 -0.0144258 -0.019266 0.0145049
internal_weight=155.188 16.6146 138.574 55.3838 26.0603 29.3235 83.1899 69.8234 18.2048 51.6185 23.5699 12.1685 14.3098 28.0487
internal_count=761 90 671 261 133 128 410 373 117 256 112 84 91 144
is_linear=0
shrinkage=0.03


Tree=198
num_leaves=15
num_cat=0
split_feature=18 5 6 10 7 18 7 6 22 7 18 6 5 6
split_gain=2.97018 3.13044 4.89482 2.76386 4.14435 3.15062 2.77613 2.63073 2.27138 5.00826 2.84677 2.66694 2.25245 1.99529
threshold=-0.95926362276077259 0.85401624441146862 0.75540587306022655 0.36197219789028173 0.76372691988945018 0.7957729995250703 -0.4187107235193252 -0.42681379616260523 0.18217568844556811 -0.70772314071655262 -0.094092637300491319 0.090407308191061034 -0.76903951168060292 -0.057370150461792939
decision_type=2 2 2 2 2 2 2 2 2 2 2 2 2 2
left_child=13 3 -3 4 5 8 -5 -8 9 -2 11 12 -11 -1
right_child=1 2 -4 6 -6 -7 7 -9 -10 10 -12 -13 -14 -15
leaf_value=-0.018983894209836375 -0.017137334413718716 -0.019732346528636605 0.005490376693357669 -0.0028648812897976235 -0.010225810797807615 -0.0099109940895177207 0.0022025033269898928 0.021115903166083638 0.012717647862529893 0.0041124550854474921 0.016350664428137041 0.0093344847856708241 -0.016533277945819252 0.0016682929741595048
leaf_weight=4.4253743449226022 5.1132311150431589 7.6745829496067044 11.674926222302018 7.7971057491376987 14.827380321919916 6.665935179218649 11.00880626216531 18.419289053417742 30.268318881746382 5.48507329728454 10.783046524971729 8.8196523073129338 6.1655735566746497 6.2790701501071435
leaf_count=32 36 74 52 53 61 30 35 56 96 32 29 35 105 39
internal_value=0.00234951 0.00358705 -0.00651133 0.0053358 0.00217359 0.00517458 0.0116783 0.015388 0.00727013 0.00174693 0.00677395 -0.000490171 -0.00849722 -0.0101954
internal_weight=155.407 144.703 19.3495 125.353 88.1282 73.3008 37.2252 29.4281 66.6349 36.3666 31.2533 20.4703 11.6506 10.7044
internal_count=765 694 126 568 424 363 144 91 333 237 201 172 137 71
is_linear=0
shrinkage=0.03


Tree=199
num_leaves=15
num_cat=0
split_feature=16 16 24 26 18 14 5 5 4 9 8 9 11 8
split_gain=4.01493 3.90036 3.38845 3.03748 3.00049 3.55091 2.69404 2.20616 4.65186 4.14989 1.90712 1.23163 1.10609 0.681336
threshold=0.75342202186584484 2.364840149879456 -0.56269074976444233 -1.2406035065650938 0.22575887292623523 -0.12352122738957404 1.0294817686080935 -0.41810853779315943 -0.14793698862195012 -0.51801404356956471 0.84264123439788829 -0.63853377103805531 1.0000000180025095e-35 -0.94081923365592945
decision_type=2 2 2 2 2 2 2 2 2 2 2 2 2 2
left_child=3 2 -2 -1 6 -6 7 8 12 -10 13 -8 -5 -9
right_child=1 -3 -4 4 5 -7 11 10 9 -11 -12 -13 -14 -15
leaf_value=-0.010645383260150952 0.0020682564678249499 0.0071904743323252321 -0.020149122582669609 0.016414175393296957 -0.01710964130175454 0.0044890836376606392 0.0038709672276423589 0.002701091897698894 0.0074273616347890932 -0.017676232797591153 -0.00042034188193961435 -0.013673114708835544 0.0014434421498764182 0.015975705571207383
leaf_weight=7.9931068131700149 7.6810254678130212 7.7866611853241912 15.081451227888463 9.2915929849259573 6.7625082582235363 12.724309124052523 3.17699452675879 6.30477700382471 6.2860696762800208 9.6487853128928673 8.841384679079054 3.7294246079400173 7.9721838645637026 36.637038385146298
leaf_count=54 26 23 77 47 45 43 12 36 20 75 33 51 26 200
internal_value=0.000864561 -0.00805797 -0.0136298 0.0033802 0.00480091 -0.00496947 0.00702244 0.00853614 0.00204719 -0.0083645 0.0121497 -0.00736624 0.0113776 0.0145117
internal_weight=149.917 30.5491 22.7625 119.368 111.375 19.4868 91.8883 84.9818 33.1986 15.9349 51.7832 6.90642 17.2638 42.9418
internal_count=768 126 103 642 588 88 500 437 168 95 269 63 73 236
is_linear=0
shrinkage=0.03


Tree=200
num_leaves=15
num_cat=0
split_feature=7 13 10 52 0 8 9 1 14 30 13 27 7 27
split_gain=4.21741 4.25272 4.19039 6.41971 4.66545 4.45584 3.72974 3.07257 2.79346 3.29785 2.55424 3.84224 1.30588 0.470017
threshold=-1.2116099596023557 1.9486086368560793 -0.62710776925086964 1.0000000180025095e-35 1.0938091874122622 1.4976197481155398 -0.37740768492221827 -0.31078955531120295 0.41321270167827612 0.069153182208538069 1.2862942814826968 2.3399411439895634 -0.20383629947900769 -0.85392460227012623
decision_type=2 2 2 2 2 2 2 2 2 2 2 2 2 2
left_child=-1 2 8 12 5 6 7 -5 9 -2 11 13 -4 -8
right_child=1 -3 3 4 -6 -7 10 -9 -10 -11 -12 -13 -14 -15
leaf_value=0.01678497779965674 0.0055617411542009569 0.011439674576012223 -0.0010993545049310875 -0.016041011611138592 0.004157989156619777 0.0024336757378102202 -0.0043856946139291635 0.0045254822688599265 0.012072444570684685 -0.012708703201781243 0.0011365687635897664 0.0034706059290154534 0.013739603389673779 -0.030478744171211165
leaf_weight=6.760217308998107 16.818765547126535 14.181104511022566 7.7283359849825528 6.6687486413866308 12.766978133469818 10.536244809627531 2.5381438471376923 11.177334215492001 15.724753450602291 10.193431489169596 3.0034571662545195 2.5535420328378668 8.4009236097335798 22.868414789205431
leaf_count=14 57 40 43 44 55 34 20 46 45 42 10 7 23 294
internal_value=-0.000535397 -0.00187406 -0.00368318 -0.00728528 -0.0110154 -0.014349 -0.0178613 -0.00498853 0.0037384 -0.00224097 -0.0235556 -0.025978 0.00805189 -0.0290218
internal_weight=151.92 145.16 130.979 88.2421 72.1129 59.3459 48.8096 17.8461 42.737 27.0122 30.9636 27.9601 16.1293 25.4066
internal_count=774 760 720 576 510 455 421 90 144 99 331 321 66 314
is_linear=0
shrinkage=0.03


Tree=201
num_leaves=15
num_cat=0
split_feature=6 1 8 25 2 9 2 19 14 5 17 22 3 14
split_gain=3.82255 5.8969 5.46411 4.34778 4.31043 3.25465 3.17993 4.63227 4.31289 3.01349 2.96695 2.29384 2.15239 1.88677
threshold=-0.7223687171936034 -0.42920328676700586 -0.33798871934413904 -0.32695157825946802 -0.98521101474761952 -0.035935074090957635 0.65601173043251049 0.069653369486331954 -0.12352122738957404 -0.023311187280341979 -0.35375253856182093 1.1350080370903017 -0.44037659466266627 0.41321270167827612
decision_type=2 2 2 2 2 2 2 2 2 2 2 2 2 2
left_child=5 6 9 13 -5 -1 7 12 10 -3 -9 -6 -2 -4
right_child=1 2 3 4 11 -7 -8 8 -10 -11 -12 -13 -14 -15
leaf_value=0.013274670528126014 0.0023258035036125922 -0.0068015674031667618 -0.0075749625425852295 0.0011285903169035905 -0.030443785562295139 -0.0029070752158161682 0.01731847476819013 0.0081389509490940246 0.016913407810623445 0.011569557213923932 -0.016564642162518614 -0.0023948158075364659 -0.019754162357756792 0.0081339188708303926
leaf_weight=35.573504223488271 4.8750123251229525 9.276291314512493 10.120190355926754 6.5032318867743042 13.208321877056735 13.287715343758462 12.94308280223049 3.9827060997486079 13.853076700121166 14.80840510688722 4.4535932720173168 4.1273778779432169 5.4864706024527532 7.643549606204032
leaf_count=109 30 51 41 23 150 57 76 17 40 60 55 20 36 22
internal_value=0.00244974 -0.000695548 -0.00626457 -0.0123362 -0.0195294 0.00901272 0.00715396 0.00135986 0.00862549 0.00454099 -0.00621344 -0.0257968 -0.01199 -0.00051368
internal_weight=160.143 111.281 65.6874 41.6027 23.8389 48.8612 45.5939 32.6509 22.2894 24.0847 8.4363 17.3357 10.3615 17.7637
internal_count=787 621 367 256 193 166 254 178 112 111 72 170 66 63
is_linear=0
shrinkage=0.03


Tree=202
num_leaves=15
num_cat=0
split_feature=28 31 16 5 16 12 11 14 17 6 17 18 6 17
split_gain=3.71577 5.17834 4.40695 4.10481 3.00916 2.61681 3.27318 2.85597 2.92905 3.07906 3.06666 2.5393 2.15181 1.09706
threshold=1.0661053061485293 1.1107677668333056 1.4954836964607241 0.72241711616516124 0.3163317739963532 1.6324952244758608 1.0403763055801394 -0.12352122738957404 -0.28615595400333399 0.16429603844881061 0.38037602603435522 -0.094092637300491319 -1.0000000180025095e-35 -0.051981380209326737
decision_type=2 2 2 2 2 2 2 2 2 2 2 2 2 2
left_child=1 3 12 5 -5 6 7 8 -1 10 -10 -2 -3 -9
right_child=11 2 -4 4 -6 -7 -8 13 9 -11 -12 -13 -14 -15
leaf_value=0.0074966963260371658 -0.018135884163453804 -0.0086908281961502794 -0.022180012379951142 -0.015357505439310009 0.0059445873699088183 -0.006370915878582112 0.020508215751928779 0.0053362757454247338 -0.022201609919438533 0.0064264812440201474 0.0038690188310837033 0.0030173331852454948 0.0071347011380656225 0.017661481530173322
leaf_weight=15.647998184897 10.464406545273961 9.1116315387189424 8.056077638640998 9.6780759654939192 6.5263885259628287 7.6329168602824202 13.548284396529196 22.87316819280386 8.0800726152956539 5.8804349084384731 4.0064410641789427 5.7538249278441063 12.106401169672608 10.737193018198012
leaf_count=70 85 47 42 85 20 25 30 72 128 31 11 26 56 29
internal_value=4.27867e-06 0.00179052 -0.00846635 0.00491605 -0.00739934 0.00744865 0.00904982 0.00548067 -0.0007986 -0.00808247 -0.0149564 -0.0116887 -2.26068e-05 0.0110509
internal_weight=150.103 133.885 29.2741 104.611 16.2045 88.4065 80.7736 67.2253 33.6149 17.9669 12.0865 16.2182 21.218 33.6104
internal_count=757 646 145 501 105 396 371 341 240 170 139 111 103 101
is_linear=0
shrinkage=0.03


Tree=203
num_leaves=15
num_cat=0
split_feature=16 29 14 1 7 4 9 20 30 28 28 20 7 25
split_gain=2.67857 3.02541 5.13595 2.69126 7.20446 4.3558 3.63449 3.42047 3.01908 2.57164 4.77505 2.7054 1.96939 2.67765
threshold=0.75342202186584484 1.0894425511360171 1.8312240839004519 -0.19237581640481946 0.12664308398962024 0.69493263959884655 0.3055375218391419 -0.837367683649063 0.26429435610771185 -0.73881903290748585 0.58933284878730785 0.5746772587299348 0.061301155015826232 -0.62305282056331623
decision_type=2 2 2 2 2 2 2 2 2 2 2 2 2 2
left_child=3 2 -2 6 7 -6 12 -5 -8 -9 11 -11 13 -1
right_child=1 -3 -4 4 5 -7 8 9 -10 10 -12 -13 -14 -15
leaf_value=0.013856864410701985 -0.017370073030848532 0.0074579968894541038 0.0079250454853310847 0.017850673355092089 -0.023228363646313276 0.0018567244171806734 -0.016651146065386781 0.01238582217258734 0.007345159342831158 -0.021681729438060758 0.0065314676071489726 0.0043882756696220484 0.017938558053769243 -0.0027725491524372265
leaf_weight=11.080656245350839 16.781393045559529 9.306771978735922 7.2694943845272055 11.592215646989642 10.022323049604895 9.4713213378563506 4.5360064692795259 7.6195818074047557 5.2011636700481176 8.0464001512154955 15.365782456472514 2.932301089167594 22.374920459464192 16.085680046468042
leaf_count=30 85 28 21 45 51 33 64 20 17 102 59 9 63 167
internal_value=0.0025358 -0.00454689 -0.0096764 0.00453843 0.000219421 -0.0131493 0.0088922 0.00667464 -0.00569012 0.001059 -0.00367021 -0.0155244 0.0120172 0.00510989
internal_weight=157.686 33.3577 24.0509 124.328 65.0499 19.4936 59.2784 45.5563 9.73717 33.9641 26.3445 10.9787 49.5413 27.1663
internal_count=794 134 106 660 319 84 341 235 81 190 170 111 260 197
is_linear=0
shrinkage=0.03


Tree=204
num_leaves=15
num_cat=0
split_feature=7 22 14 1 29 10 3 27 7 12 7 30 11 22
split_gain=2.60941 3.47696 3.14995 4.62608 5.53475 4.09855 3.31063 4.82737 3.26957 3.13434 2.19301 1.18263 0.996267 0.972839
threshold=-1.1098272800445554 -1.240938067436218 -0.12352122738957404 -0.54761700332164753 1.1936954259872439 0.55978818237781536 0.45212295651435858 -0.52360963821411122 0.14297857135534289 1.1303710937500002 -0.13975095003843305 -0.21240257471799848 -0.3256645649671554 -0.35486505925655359
decision_type=2 2 2 2 2 2 2 2 2 2 2 2 2 2
left_child=-1 -2 3 4 -3 9 7 11 13 10 -4 -5 -12 -9
right_child=1 2 5 6 -6 -7 -8 8 -10 -11 12 -13 -14 -15
leaf_value=0.01391469656431309 -0.012938023054653584 -0.02480535689146917 0.0021031668671916267 -0.017055900886084534 0.0070832110377097145 -0.0063867061660059917 -0.010407943133313457 0.0015415164739805975 -0.0043547508392323469 -0.0042070918338124527 0.0056871936222900278 0.0014849762639368867 0.020038801335640014 0.017635883702291494
leaf_weight=10.207383848726748 10.017117733135818 9.3683221418177691 14.780501239001749 3.9263696633279324 4.6890205964446059 14.369661856442688 9.9296922017820162 5.0728459947276816 7.7457227045670143 9.5314908772706968 11.419236667454234 3.6107276082038799 22.007163822650917 20.556189888622626
leaf_count=31 57 139 51 41 13 59 49 33 33 32 37 21 56 130
internal_value=0.00207569 0.000823132 0.00224938 -0.00245928 -0.0151008 0.00637195 0.00207518 0.00590846 0.0107031 0.0098032 0.0127084 -0.0111238 0.0165139 0.0152219
internal_weight=157.231 147.024 137.007 64.8989 14.0573 72.1081 50.8415 40.9119 33.3748 57.7384 48.2069 7.5371 33.4264 25.629
internal_count=782 751 694 459 152 235 307 258 196 176 144 62 93 163
is_linear=0
shrinkage=0.03


Tree=205
num_leaves=15
num_cat=0
split_feature=61 12 10 6 13 7 7 21 18 14 10 7 3 11
split_gain=4.78641 4.27721 5.61606 3.47359 2.87754 2.31722 2.61513 2.70803 2.01809 1.61863 4.95178 1.95038 1.69286 1.40167
threshold=1.0000000180025095e-35 1.3080835342407229 0.75760418176651012 -0.7223687171936034 -0.25385545939207071 -0.77683478593826283 -0.35462537407875055 -0.54492221772670735 0.86418411135673534 -0.12352122738957404 0.36197219789028173 -0.13221149146556851 0.28919646888971334 -0.27744553983211512
decision_type=2 2 2 2 2 2 2 2 2 2 2 2 2 2
left_child=3 2 4 -1 -2 -6 -7 -8 -5 10 11 -9 -11 -4
right_child=1 -3 13 8 5 6 7 9 -10 12 -12 -13 -14 -15
leaf_value=0.0036167645160568021 0.016317132360473479 -0.0096295661420994928 -0.018167172141641593 -0.023165792952559067 -0.0068809084318447048 0.014255704770009021 -0.012011476126512986 0.0033954387721723879 0.0015176029124025039 -0.0012174478179995212 0.016660531709201881 -0.016420014951155231 0.014206287686636586 -0.00027962885896977083
leaf_weight=7.6662620268762138 21.622943583875895 15.929801210761068 5.277368750423193 9.8246024309191835 9.9214286264032108 19.928568627452471 5.5196545645594588 4.4757296454627022 2.9982686527073374 8.3813062384724777 4.0344264702871433 8.6132569387555105 14.778840988874434 6.6543351905420405
leaf_count=26 60 66 40 125 60 79 23 93 14 33 10 53 44 30
internal_value=0.00071449 0.00302062 0.00520665 -0.0111999 0.00767149 0.00434205 0.00640268 0.00191915 -0.0185877 0.00494342 -0.00184588 -0.0105786 0.00939956 -0.0112198
internal_weight=145.627 125.138 109.208 20.4891 97.2762 75.6532 65.7318 45.8032 12.8229 40.2836 17.1234 13.089 23.1601 11.9317
internal_count=756 591 525 165 455 395 335 256 139 233 156 146 77 70
is_linear=0
shrinkage=0.03


Tree=206
num_leaves=15
num_cat=0
split_feature=26 13 29 25 18 18 28 14 18 14 25 18 13 5
split_gain=3.5247 4.3171 3.62555 4.48976 4.10986 4.17042 3.56582 3.57071 2.46504 1.72989 1.70871 1.54364 1.27053 1.25058
threshold=-1.0474530458450315 -1.0209827423095701 -0.057339081540703767 -0.91915407776832569 -0.36572434008121485 0.77886888384819042 0.69149836897850048 -0.27143290638923639 -0.59556129574775685 0.65390467643737804 0.56135213375091564 0.20790963619947436 0.066417468711733832 -0.68130674958229054
decision_type=2 2 2 2 2 2 2 2 2 2 2 2 2 2
left_child=13 -2 11 9 8 6 7 -6 10 -4 -5 12 -3 -1
right_child=1 2 3 4 5 -7 -8 -9 -10 -11 -12 -13 -14 -15
leaf_value=0.00094516744553755803 -0.012268710125499689 0.017280697569297329 0.00077487145587893259 -0.010373259224200633 -0.0017674790135536321 0.0048864016029991873 0.0031784730008230133 -0.027535010874052517 0.013331230398618915 0.01670614636281921 0.0065647907448327623 -9.2891115382131125e-05 0.0028739077560767544 -0.016345801846867219
leaf_weight=4.440340368077158 11.932744113728402 20.431835312396291 10.765790935605766 7.3197222556918877 7.5945081915706387 10.104352641850708 5.9678616831079117 13.119569013593724 10.430744819343088 11.022411942481993 5.0410137679427862 9.2411465942859632 9.9828031696379167 8.9608187759295088
leaf_count=21 55 57 39 48 43 37 40 193 31 26 24 36 32 69
internal_value=0.000432099 0.00206357 0.00390743 0.000129744 -0.00416062 -0.00987204 -0.0153501 -0.0202684 0.00517541 0.0104482 -0.00356428 0.0107761 0.0136254 -0.0119165
internal_weight=146.356 132.955 121.022 81.366 59.5778 36.7863 26.6819 20.7141 22.7915 21.7882 12.3607 39.6558 30.4146 13.4012
internal_count=751 661 606 481 416 313 276 236 103 65 72 125 89 90
is_linear=0
shrinkage=0.03


Tree=207
num_leaves=15
num_cat=0
split_feature=17 1 30 68 29 25 53 1 13 0 15 10 27 1
split_gain=2.93216 2.66126 2.90838 3.9834 3.23043 4.68385 3.2329 2.56438 3.20472 2.24706 2.15703 1.93039 1.7806 3.00258
threshold=0.30867289006710058 1.3470027446746828 -0.31242194771766657 1.0000000180025095e-35 -1.9860172271728513 -0.62305282056331623 1.0000000180025095e-35 -1.1396856904029844 0.51167848706245433 0.32118908315896993 1.0000000180025095e-35 -0.42929178476333613 -0.091849088668823228 -0.31078955531120295
decision_type=2 2 2 2 2 2 2 2 2 2 2 2 2 2
left_child=1 2 9 -4 -5 -6 7 -7 -9 12 -2 -3 13 -1
right_child=10 11 3 4 5 6 -8 8 -10 -11 -12 -13 -14 -15
leaf_value=0.0096035837886811054 0.0147961385321433 0.00057767226234284438 0.013175676973741141 0.01017353076711291 0.002916547715885801 0.0013925341481507468 0.0024828156241220663 -0.030482644005028203 -0.00037181116418881917 -0.0034538584520546465 -0.0004326132720556343 -0.017264666257962132 0.016211962733603761 -0.010988077508613166
leaf_weight=12.654109030961989 19.122309356927875 9.0235835015773791 6.820869975257664 5.0928056240081778 16.555369725450873 3.3894679732620743 5.5344189954921594 12.133687139255931 4.0595396868884555 11.487876912578939 12.39503540098667 7.6955427918583146 16.956049969419837 5.1292705973610309
leaf_count=73 53 30 23 13 55 18 31 201 17 60 37 51 56 42
internal_value=0.00214987 -0.000167478 0.0018197 -0.00284224 -0.00622549 -0.0091048 -0.0161971 -0.0209076 -0.0248027 0.00697373 0.00956783 -0.00971877 0.0104227 0.00255632
internal_weight=148.05 116.533 99.8135 53.5862 46.7653 41.6725 25.1171 19.5827 16.1932 46.2273 31.5173 16.7191 34.7394 17.7834
internal_count=760 670 589 358 335 322 267 236 218 231 90 81 171 115
is_linear=0
shrinkage=0.03


Tree=208
num_leaves=14
num_cat=0
split_feature=12 12 9 10 15 3 24 12 21 9 9 30 18
split_gain=3.20485 2.55435 3.5528 4.72484 2.78655 2.47261 3.49445 4.12528 3.37985 2.34758 4.89261 2.33214 2.14566
threshold=1.6023054718971255 0.34650143980979925 -0.21671468764543531 -0.23147577792406079 1.0000000180025095e-35 0.11917744576931001 0.14588966220617297 -0.62650221586227406 -0.54492221772670735 -0.57827389240264881 -0.035935074090957635 1.0940191745758059 -0.57751780748367298
decision_type=2 2 2 2 2 2 2 2 2 2 2 2 2
left_child=1 4 -3 -4 5 6 8 -8 -1 -7 -11 -10 -9
right_child=-2 2 3 -5 -6 9 7 12 11 10 -12 -13 -14
leaf_value=0.0073202344441612183 -0.012372023681841532 0.014370292067738688 -0.013277584604310565 0.0093159083436406449 -0.011940462449095777 0.014622318042543981 0.01351601439621624 0.005092901808173152 -0.02273057611138175 -0.013878183415567341 0.010351801369965045 -0.00082715480767186957 -0.017304021896796785
leaf_weight=4.1266670301556614 11.031916256994007 22.879360407590866 10.390652260743083 13.217374440282581 12.795830409973858 13.103657800704239 12.637763994745912 3.541684804484249 10.083307111519391 8.2188723864965141 12.338177001103759 6.7121222112327805 4.2790319421328586
leaf_count=14 49 62 48 48 59 37 57 22 187 56 45 25 51
internal_value=0.000342529 0.00179329 0.00710844 -0.00121082 -0.00125108 0.00120368 -0.00354461 0.00476579 -0.0110227 0.00674444 -0.000155439 -0.016175 -0.00913074
internal_weight=145.356 134.325 46.4874 23.608 87.8371 75.0413 41.3806 20.4585 20.9221 33.6607 20.557 16.7954 7.82072
internal_count=760 711 158 96 553 494 356 130 226 138 101 212 73
is_linear=0
shrinkage=0.03


Tree=209
num_leaves=15
num_cat=0
split_feature=8 14 26 26 24 30 29 7 18 18 22 23 10 10
split_gain=3.14547 2.86568 2.35398 4.48267 3.3861 2.61812 2.54164 2.71843 3.83345 2.81497 3.63674 3.52727 2.15056 3.15859
threshold=-1.4977594614028928 -0.93377065658569325 1.2849844694137575 0.3684373944997788 0.32303477078676229 0.42773994803428655 -1.3083735704421995 -0.15734300762414929 -0.70273378491401661 -0.3713094294071197 -1.0945974588394163 0.93800884485244762 -0.82492375373840321 0.36197219789028173
decision_type=2 2 2 2 2 2 2 2 2 2 2 2 2 2
left_child=-1 -2 3 6 5 -5 -3 9 -9 -8 -11 -12 -10 -14
right_child=1 2 -4 4 -6 -7 7 8 12 10 11 -13 13 -15
leaf_value=0.016534671183758596 -0.011739017101124721 0.012795642240363321 0.0096827248552949618 -0.025934549614037183 0.0024346723176520333 -0.0018072488812274274 0.0036872844010608129 -0.0097901796348453893 0.018731590620020416 0.0080132156403673049 -0.024165935231477184 0.0067497698869756527 -0.0062028113702590681 0.012925377393782949
leaf_weight=6.6988641303032628 10.868612227961419 14.448966942727564 21.882385849952698 7.4895066097378749 10.624920984730123 7.1788354404270649 12.951367668807503 7.5511773340404025 9.7827895898371953 2.9368707810062871 10.634468546137219 1.8809551000595099 12.251429043710234 9.4821418579667789
leaf_count=20 76 44 66 38 50 28 62 39 24 16 197 5 56 34
internal_value=0.00158941 0.000328482 0.00174428 -0.000235219 -0.0101633 -0.0175876 0.00323842 0.000450132 0.00531472 -0.00603482 -0.0130928 -0.0189191 0.00977877 0.00299922
internal_weight=146.663 139.964 129.096 107.213 25.2933 14.6683 81.9202 67.4712 39.0675 28.4037 15.4523 12.5154 31.5164 21.7336
internal_count=755 735 659 593 116 66 477 433 153 280 218 202 114 90
is_linear=0
shrinkage=0.03


Tree=210
num_leaves=15
num_cat=0
split_feature=5 21 31 19 18 25 19 19 20 6 6 20 30 18
split_gain=3.45724 4.24904 2.6934 3.88701 3.73188 2.81345 2.30796 3.14187 2.56409 2.86718 2.62416 1.62036 1.48872 1.2614
threshold=1.0294817686080935 -0.23194614052772519 1.1107677668333056 -0.7918664515018462 -0.92841798067092884 -0.62305282056331623 0.15984890609979632 0.97760015726089489 -0.43392626941204065 0.90318334102630626 -0.87014618515968312 -0.84923359751701344 0.36748218536376959 -0.53576818108558644
decision_type=2 2 2 2 2 2 2 2 2 2 2 2 2 2
left_child=2 -2 4 -4 -1 -6 8 -8 11 10 -10 -7 -5 -12
right_child=1 -3 3 12 5 6 7 -9 9 -11 13 -13 -14 -15
leaf_value=-0.008401380008769211 0.0099372554832983257 -0.016135471843027605 0.0084358206269967897 -0.017202420589341402 0.015193979221140845 -0.0037610447208817513 0.014772410149350127 -0.0012086108611026782 0.0023296729634389021 0.008568175980621151 -0.00075977882430430506 0.013533634930014971 0.00034883456333292351 -0.024507486117407353
leaf_weight=10.031599847599862 4.3240646608173874 12.435001776204443 9.6689084488898533 9.4734219806268793 29.352280478924513 5.2683014664798975 23.055158369243145 17.125160098075867 5.5921051499899486 3.5954251941293469 2.8377998489886522 7.0615063002333063 5.9389798976480952 6.5120568430284038
leaf_count=57 15 107 34 57 86 38 63 54 26 13 13 28 20 149
internal_value=0.00259508 -0.0086707 0.00424729 -0.00403632 0.00622202 0.00801237 0.00424149 0.00858121 -0.00181633 -0.00806221 -0.0132089 0.00719088 -0.0120104 -0.0200759
internal_weight=152.272 16.7591 135.513 25.0813 110.431 100.4 71.0475 40.1803 30.8672 18.5374 14.942 12.3298 15.4124 9.34986
internal_count=760 122 638 111 527 470 384 117 267 201 188 66 77 162
is_linear=0
shrinkage=0.03


Tree=211
num_leaves=15
num_cat=0
split_feature=12 12 18 18 26 4 21 6 14 25 7 14 20 31
split_gain=4.09666 2.71802 3.06592 5.00095 3.12156 6.30618 2.17076 3.35217 4.3576 3.33757 2.24877 2.98511 1.67531 1.60053
threshold=1.9595203399658205 -0.26229315996170038 1.1259445548057558 -0.023098813369870182 1.236883878707886 0.099965844303369536 -0.23194614052772519 -0.7223687171936034 0.87929600477218639 0.8574533760547639 -1.0432288050651548 0.41321270167827612 0.15936991572380069 1.1107677668333056
decision_type=2 2 2 2 2 2 2 2 2 2 2 2 2 2
left_child=1 2 3 4 5 -1 12 -8 9 10 -9 13 -3 -12
right_child=-2 6 -4 -5 -6 -7 7 8 -10 -11 11 -13 -14 -15
leaf_value=-0.018560692272261755 -0.016691862746221378 0.017589570566973346 0.0087944619773543588 -0.020853455556106286 0.01272929451106344 0.008263948493705037 0.010233482950756602 0.0058898243632882642 0.011462301739104508 0.0051477966508376299 -0.022642303450753447 0.0033456071772269232 0.0013003030223087575 -3.0200758994966488e-05
leaf_weight=10.531270046718424 6.2000377457588902 13.145686633884909 10.046441417187451 10.403047833591698 7.2832113187760106 11.772404033690689 23.851904188282788 2.7097418420016757 10.298495460301636 10.850003274157642 15.689094891306022 4.8477645367383948 9.518988870084284 3.2768276943825176
leaf_count=90 31 34 33 58 23 50 76 9 31 45 224 16 34 15
internal_value=0.000841409 0.00212917 -0.00331035 -0.00699079 0.000193477 -0.00548149 0.00504005 0.00211517 -0.00253255 -0.00728641 -0.0123826 -0.0151231 0.0122197 -0.0195569
internal_weight=150.425 144.225 50.0364 39.9899 29.5869 22.3037 94.1885 71.5238 47.6719 37.3734 26.5234 23.8137 22.6647 18.9659
internal_count=769 738 254 221 163 140 484 416 340 309 264 255 68 239
is_linear=0
shrinkage=0.03


Tree=212
num_leaves=15
num_cat=0
split_feature=16 33 13 18 4 28 27 2 1 3 26 16 26 28
split_gain=2.84155 2.9904 2.93613 2.83092 3.78977 3.29458 5.32361 3.365 4.03608 2.50851 2.36215 1.40385 1.05497 2.21875
threshold=-0.66133150458335865 1.0000000180025095e-35 0.51167848706245433 -0.38635036349296564 1.5873827934265139 0.69149836897850048 0.81238943338394176 0.83836981654167186 0.87334778904914867 -0.86358290910720814 -0.71593949198722828 1.1657978296279909 -0.71593949198722828 -0.39826726913452143
decision_type=2 2 2 2 2 2 2 2 2 2 2 2 2 2
left_child=1 2 -1 12 5 6 7 8 9 -5 -7 -8 -2 -14
right_child=3 -3 -4 4 -6 10 11 -9 -10 -11 -12 -13 13 -15
leaf_value=-0.019843873523205088 0.00034038612834769183 0.0039021406952446961 0.0016083963227582862 0.0005770154402302115 0.015520342398599939 -0.0055428802622667656 0.011310880052556252 0.0070659150080235652 0.0015865427339780342 -0.02383706302600393 0.012722165134325215 -0.002572780995149444 0.00077274800939907459 0.018782156652969673
leaf_weight=12.873882707208397 9.5623336192220467 11.482534900307657 7.4254730530083171 4.1447855492588124 6.2696949040982863 6.4382119635120061 9.9910123907029647 4.1533108553849152 8.9763556355610472 21.624138761661019 12.536099130287765 8.9436034336686117 10.358632467687134 11.982985747978088
leaf_count=72 46 53 24 51 22 45 31 49 52 175 47 33 39 41
internal_value=-5.80035e-05 -0.00735103 -0.0132297 0.00218019 -0.000842673 -0.00304532 -0.00650653 -0.0123583 -0.015277 -0.0204546 0.00666115 0.00558554 0.00909936 0.0121004
internal_weight=146.763 31.7819 20.2994 114.981 83.0772 76.8075 57.8332 38.8986 34.7453 25.7689 18.9743 18.9346 31.904 22.3416
internal_count=780 149 96 631 505 483 391 327 278 226 92 64 126 80
is_linear=0
shrinkage=0.03


Tree=213
num_leaves=15
num_cat=0
split_feature=61 23 11 13 16 28 26 41 22 4 24 3 11 6
split_gain=2.64224 3.32661 2.68823 3.22111 2.39411 3.43195 4.25175 2.30893 2.71884 2.28065 2.26161 2.15268 1.86531 1.83681
threshold=1.0000000180025095e-35 -0.19555450603365895 1.0403763055801394 -0.25385545939207071 -0.79310014843940724 0.044450027868151672 -0.71593949198722828 1.0000000180025095e-35 -1.1503549814224241 0.050385277718305595 0.32303477078676229 0.11917744576931001 0.18141876906156543 -0.20514760911464688
decision_type=2 2 2 2 2 2 2 2 2 2 2 2 2 2
left_child=7 4 3 -3 -2 -6 -7 -1 -9 10 12 -10 -5 -11
right_child=1 2 -4 9 5 6 -8 8 11 13 -12 -13 -14 -15
leaf_value=0.0069223443941699627 -0.014445028438527982 0.01348536114221254 0.01580404630556724 0.013890912593906112 -0.009968981141154758 -0.0066557706968812975 0.015046100336694738 0.0046890380701166091 -0.024451948909929053 -0.015337485262858488 -0.0064621199476385385 -0.00017371620217906884 -0.0034153199048344292 0.00028891228502980678
leaf_weight=4.1857933369465199 7.8201891183853141 14.567580530419944 16.556591760367155 14.351384337875066 12.811913076788185 9.9597585014998895 14.848065686412157 4.3186092397663787 7.1648068038048187 8.004867553245278 7.8998542400076976 4.6024972763843834 5.5359416827559462 13.744119734736158
leaf_count=20 43 46 46 91 62 62 53 21 105 45 50 21 21 89
internal_value=0.00135064 0.00302278 0.00653716 0.0031734 -0.00324519 0.000504476 0.00667836 -0.00759105 -0.0121136 -0.000817479 0.00455862 -0.0178396 0.00935515 -0.00725435
internal_weight=146.372 126.1 80.6603 64.1037 45.4399 37.6197 24.8078 20.2717 16.0859 49.5362 27.7872 11.7673 19.8873 21.749
internal_count=775 608 388 342 220 177 115 167 147 296 162 126 112 134
is_linear=0
shrinkage=0.03


Tree=214
num_leaves=15
num_cat=0
split_feature=5 5 4 68 29 9 29 52 5 1 9 21 8 2
split_gain=3.70974 5.2235 4.52326 5.2905 3.69124 5.3332 3.4309 4.10998 3.09269 2.34631 3.47063 1.97375 1.72645 1.56347
threshold=-1.1638368368148801 -0.28650940954685206 0.59577149152755748 1.0000000180025095e-35 0.30754597485065466 -0.056021699681878083 -0.99561497569084156 1.0000000180025095e-35 -0.68130674958229054 0.39969284832477575 0.3055375218391419 -0.43916094303131098 -0.28166891634464258 1.0000000180025095e-35
decision_type=2 2 2 2 2 2 2 2 2 2 2 2 2 2
left_child=13 2 3 -2 5 6 -3 -8 -4 10 -7 -9 -5 -1
right_child=1 4 8 12 -6 9 7 11 -10 -11 -12 -13 -14 -15
leaf_value=0.017138865842120887 0.0076944888390961287 0.0059741367209365714 0.012984427137651569 -0.0046589661820889989 0.012813009469518482 0.012069388695019162 0.0079444115068905453 0.0016595995405651286 -0.0078840797976546719 0.017319293017886799 -0.010975531509181773 -0.020298393160132357 -0.025057101589863698 0.0018550347226423082
leaf_weight=12.335234951227905 5.0017960071563747 9.5548446923494321 8.6115458274725842 7.9161264207214179 23.290320958942175 6.3972631152719277 4.3593865945003953 3.5244941152632299 7.5086638773791483 10.807228606194256 7.1552597912959754 18.310885449638587 15.117314262781287 11.310785942245273
leaf_count=33 21 30 29 53 70 24 23 15 36 32 63 196 97 43
internal_value=0.00167007 -0.000501655 -0.0083242 -0.0147509 0.00387652 -0.000304123 -0.00730605 -0.0123313 0.00369877 0.00946594 0.000223558 -0.0171053 -0.020128 0.0114279
internal_weight=151.201 127.555 44.1554 28.0352 83.3997 60.1094 35.7496 26.1948 16.1202 24.3598 13.5525 21.8354 23.0334 23.646
internal_count=765 689 236 171 453 383 264 234 65 119 87 211 150 76
is_linear=0
shrinkage=0.03


Tree=215
num_leaves=15
num_cat=0
split_feature=8 66 17 61 0 4 27 18 1 29 29 4 2 22
split_gain=4.92651 5.25389 2.99275 3.29209 3.51744 2.30736 1.96801 1.86998 2.14312 0.863511 2.56391 2.95412 3.70318 1.67718
threshold=0.19392054527997973 1.0000000180025095e-35 -0.38846583664417261 1.0000000180025095e-35 -0.74602970480918873 0.49661035835742956 1.2521947026252749 0.20790963619947436 -0.073962084949016557 -1.2562471628189085 0.35967241227626806 -0.19751755893230435 -1.5322852730751035 0.74332696199417125
decision_type=2 2 2 2 2 2 2 2 2 2 2 2 2 2
left_child=2 -2 5 4 -4 -1 9 8 -3 -5 11 -11 -13 -14
right_child=1 7 3 6 -6 -7 -8 -9 -10 10 -12 12 13 -15
leaf_value=-0.012809271137970601 0.0062088944693002362 0.0043864424907721789 0.0086422016172165318 0.017909572681591653 -0.016849075049298844 0.0057628217884132891 -0.0035266924789216689 -0.020983110611494302 -0.012330868131016364 0.010313967290905418 0.014931079856796137 0.011645396216513695 -0.01710700521055274 0.00097988634126203872
leaf_weight=9.9247936392202991 15.642122562043367 9.0433184662833828 4.5707070147618651 10.9681109637022 6.0429085618816298 6.3086213115602723 7.7559172287583342 11.497102454304693 10.210190445184709 15.871676804847079 21.386364459991455 4.3651886135339693 9.3458179309964269 6.0415927353315046
leaf_count=92 54 44 31 28 71 29 27 57 46 104 58 11 95 31
internal_value=0.000983293 -0.00669259 0.00460443 0.00680208 -0.00661928 -0.00593433 0.00897643 -0.0132058 -0.00519325 0.0105468 0.00780049 0.00220894 -0.00507151 -0.0115068
internal_weight=148.974 46.3927 102.582 86.3483 10.6136 16.2334 75.7347 30.7506 19.2535 67.9788 57.0106 35.6243 19.7526 15.3874
internal_count=778 201 577 456 102 121 354 147 90 327 299 241 137 126
is_linear=0
shrinkage=0.03


Tree=216
num_leaves=15
num_cat=0
split_feature=20 7 20 28 7 39 19 53 16 11 4 8 8 9
split_gain=3.19202 3.68266 2.3062 2.90064 2.50733 3.1992 3.81052 4.3024 4.39524 4.26574 2.16642 2.72533 2.58983 1.92869
threshold=1.0315153002738955 0.43073438107967382 0.70520243048667919 -1.8285846710205076 -1.2505638003349302 1.0000000180025095e-35 1.1486170291900637 1.0000000180025095e-35 1.6579061150550845 -1.5382263064384458 1.5873827934265139 -0.25872381031513209 -0.53406506776809681 -0.076108321547508226
decision_type=2 2 2 2 2 2 2 2 2 2 2 2 2 2
left_child=2 -2 3 -1 -5 13 7 8 9 -7 11 12 -11 -6
right_child=1 -3 -4 4 5 6 -8 -9 -10 10 -12 -13 -14 -15
leaf_value=-0.011543247253714375 0.0048703762127230276 -0.01461576322953549 0.014051660455706721 0.018149788469361081 0.00040885415138897411 0.010767381660111337 0.012196350954597895 0.0091831541396789167 0.010883940129117016 -0.013339328648057118 0.0030827920519267958 -0.025246332908558239 0.0064441901975236266 0.01588989504114512
leaf_weight=6.8342086486518374 12.649839609861376 13.979666620492933 15.178240105509756 5.6222387999296179 11.711671504192056 2.9090818632393995 10.254135042428969 11.315615972969679 4.7934450171887866 9.7046421617269498 3.623147403355687 15.489729790948347 6.0990583095699469 15.204054810106753
leaf_count=33 42 56 38 10 54 13 27 50 16 92 21 219 25 48
internal_value=0.0025833 -0.00605261 0.00468638 0.00272981 0.00425607 0.002499 -0.00126766 -0.00464501 -0.0088952 -0.0123798 -0.0154155 -0.0176868 -0.00599055 0.0102731
internal_weight=145.369 26.6295 118.739 103.561 96.7268 91.1046 64.1889 53.9347 42.6191 37.8257 34.9166 31.2934 15.8037 26.9157
internal_count=744 98 646 608 575 565 463 436 386 370 357 336 117 102
is_linear=0
shrinkage=0.03


Tree=217
num_leaves=15
num_cat=0
split_feature=5 17 52 28 24 18 9 17 19 16 18 14 30 12
split_gain=2.7064 2.45812 2.6897 2.85638 4.14822 3.71576 3.58417 3.70959 3.61397 1.86457 1.77501 1.77159 2.11088 1.56413
threshold=1.512011766433716 0.38037602603435522 1.0000000180025095e-35 0.69149836897850048 -1.6255614161491392 -0.56637731194496144 -0.91974651813507069 -0.23697756230831143 0.069653369486331954 1.1029658913612368 -0.44857849180698389 0.15498968958854678 -0.13950860500335691 -0.061371982097625725
decision_type=2 2 2 2 2 2 2 2 2 2 2 2 2 2
left_child=1 2 10 4 -4 -5 -6 8 -8 -3 -1 12 13 -10
right_child=-2 9 3 5 6 -7 7 -9 11 -11 -12 -13 -14 -15
leaf_value=0.016894748239311381 -0.011351534005862226 0.015140332850370693 0.013891436970605086 -0.0076583528448681392 0.0062417285842978074 0.011495484153006365 -0.014601710844989974 -0.019760888526706481 0.0076331838693668224 -0.00037302865664875357 0.0010374957598740598 -0.0068399418241968414 0.017677241436780202 -0.010189861405777203
leaf_weight=9.557998403906824 7.0019273231737307 19.127586826682094 4.962879389524459 9.3300892859697324 10.783497273921965 23.269875417463481 9.0456807035952789 17.845004208385948 4.0176704730838528 9.4753428250551206 12.516955812927334 4.7374330945312968 6.2854012120515135 3.8333007510518655
leaf_count=25 54 56 11 53 37 104 74 77 28 29 61 23 20 126
internal_value=0.00252004 0.00354739 0.00141485 -0.000934992 -0.0046293 0.00572423 -0.00725121 -0.0107322 -0.0028365 0.0107104 0.00975542 0.00467938 0.00931829 -0.00164786
internal_weight=151.791 144.789 116.186 94.1108 61.5109 32.6 56.548 45.7645 27.9195 28.6029 22.075 18.8738 14.1364 7.85097
internal_count=778 724 639 553 396 157 385 348 271 85 86 197 174 154
is_linear=0
shrinkage=0.03


Tree=218
num_leaves=15
num_cat=0
split_feature=5 23 27 21 5 21 14 9 28 18 5 3 18 23
split_gain=2.54774 4.79653 3.87771 5.81508 3.92985 3.19033 3.11553 3.26788 2.7029 2.69223 2.45126 1.6979 1.68133 0.938506
threshold=-0.33037577569484705 0.93800884485244762 -0.43253476917743677 1.0000000180025095e-35 -1.0761041045188902 -0.23194614052772519 1.0000000180025095e-35 -0.41758091747760767 0.82771906256675731 -0.21125213056802747 0.63468438386917125 0.11917744576931001 -0.95926362276077259 0.18229994177818301
decision_type=2 2 2 2 2 2 2 2 2 2 2 2 2 2
left_child=1 2 8 4 -4 10 7 -7 -1 12 -2 -8 -9 -14
right_child=5 -3 3 -5 -6 6 11 9 -10 -11 -12 -13 13 -15
leaf_value=0.011835941155987581 0.00075675916985737033 0.0094306735369634759 -0.0036773198264218312 0.0085250259913002974 -0.027635823968094466 -0.016667617607322896 -0.0015409162020996582 -0.0063581635090488508 -0.0070243007384586716 -0.01195912131697249 0.021384367846462641 0.011424497080816278 0.014668478253891946 -0.0016676438381350476
leaf_weight=8.9906632080674189 8.5643796529620904 15.495716679841278 11.825286836363377 5.8046574965119353 13.660351925762372 9.3548192530870455 12.707617949694393 2.8146288497373488 8.786071537062524 4.2991713378578416 9.80266668461263 19.660215519368649 9.8240107477176917 2.8275506608188143
leaf_count=32 38 48 49 17 108 58 49 29 52 36 27 58 140 17
internal_value=0.00108473 -0.00321167 -0.00770712 -0.013377 -0.0189455 0.00454292 0.000882557 -0.00573752 0.00301866 0.0017563 0.013986 0.00680919 0.00755907 0.0115793
internal_weight=144.418 64.5627 49.067 31.2903 25.4856 79.8551 61.488 29.1202 17.7767 19.7654 18.367 32.3678 15.4662 12.6516
internal_count=758 306 258 174 157 452 387 280 84 222 65 107 186 157
is_linear=0
shrinkage=0.03


Tree=219
num_leaves=15
num_cat=0
split_feature=13 12 20 24 2 58 12 17 19 4 3 6 5 30
split_gain=2.78977 2.93927 4.58035 3.40402 3.43116 2.38159 2.6326 2.04723 2.65445 2.21719 2.18941 5.48293 2.86882 2.3503
threshold=1.9486086368560793 1.0660492181777956 -0.3152670264244079 0.67732498049736034 0.65601173043251049 1.0000000180025095e-35 0.15658242255449298 -0.15771626681089398 -1.4333746433258054 0.34786868095397955 -1.0000000180025095e-35 1.1248495578765871 -1.0761041045188902 -0.31242194771766657
decision_type=2 2 2 2 2 2 2 2 2 2 2 2 2 2
left_child=1 3 -3 5 -5 7 -7 8 -1 -9 11 12 -10 -12
right_child=-2 2 -4 4 -6 6 -8 9 10 -11 13 -13 -14 -15
leaf_value=0.013230960200144377 0.011513175057639258 0.0053148588264394 -0.019034072069490617 -0.018335422228417088 0.0056955384705327048 -0.015113963108651471 0.0060795759322143893 0.015410317457979838 0.004734914875958467 -0.00032868001741585807 0.01262189524447286 0.011919449081795616 -0.02225160669898112 -0.0039327443572220932
leaf_weight=7.9299557581543842 14.694402737542985 8.795067425817253 12.018332991749046 8.9908603746443969 5.6189027167856684 7.0725770631106553 5.6490212734788656 22.221913706511266 2.6039129495620683 11.149444729089735 8.9120679534971732 4.4180397326126686 10.778631853172554 13.476385951042181
leaf_count=23 45 32 56 72 32 53 18 60 16 41 33 15 214 64
internal_value=0.000989265 -0.000586909 -0.0097085 0.00150754 -0.00999747 0.00370559 -0.00664291 0.00561174 0.00133985 0.0107943 -0.00221081 -0.00889618 -0.017141 0.00375829
internal_weight=144.33 129.635 20.8134 108.822 14.6098 94.212 12.7216 81.4904 48.119 33.3714 40.189 17.8006 13.3825 22.3885
internal_count=774 729 88 641 104 537 71 466 365 101 342 245 230 97
is_linear=0
shrinkage=0.03


Tree=220
num_leaves=15
num_cat=0
split_feature=28 8 7 19 17 4 2 17 8 16 3 11 8 16
split_gain=4.08917 3.17205 3.74553 4.28086 3.98259 3.54139 2.57343 2.4835 2.35227 2.05518 1.90912 1.90815 1.55253 0.964423
threshold=-1.4539777040481565 -0.17320114374160764 -0.13975095003843305 0.48822985589504247 -0.26962263882160181 0.54619091749191295 0.47365364432334905 -0.26962263882160181 0.6590804159641267 0.7697829306125642 -0.64624956250190724 0.18141876906156543 -1.1327236890792844 -0.56938186287879933
decision_type=2 2 2 2 2 2 2 2 2 2 2 2 2 2
left_child=6 7 3 -3 8 9 -1 10 11 -6 -2 -4 -12 -14
right_child=1 2 4 -5 5 -7 -8 -9 -10 -11 12 -13 13 -15
leaf_value=-0.017288911867340693 -0.0094021291317094562 -0.023920405945870315 -0.010287849577529542 0.0044705782893101152 -0.015561076760584849 0.0069785802391253478 0.0023555167381920914 0.015916544558319347 0.016127885657990143 0.001906987808800111 -0.0052641018151168163 0.0085169410063700938 0.00024709136643663072 0.012606021456680711
leaf_weight=11.726394243538381 4.9351810486987224 6.9523487190017459 4.8565789144486207 5.7332562878727913 15.083675228059294 12.317475892603396 7.6874530669301739 17.534529617056251 15.221862351521848 7.2561819702386847 5.6219215970486429 4.6455635987222195 8.3589522205293196 14.207567394711075
leaf_count=56 48 171 48 18 65 41 29 48 50 27 35 15 38 68
internal_value=0.000653423 0.00278285 -0.00128898 -0.0134528 0.00215255 -0.00424385 -0.0106208 0.0081709 0.0103244 -0.0105762 0.00252088 -0.00132755 0.00571033 0.00890326
internal_weight=142.139 122.725 72.0669 12.6856 59.3813 34.6573 19.4138 50.6582 24.724 22.3399 33.1236 9.50214 28.1884 22.5665
internal_count=757 672 435 189 246 133 85 237 113 92 189 63 141 106
is_linear=0
shrinkage=0.03


Tree=221
num_leaves=15
num_cat=0
split_feature=31 19 18 2 21 39 5 16 7 7 25 27 19 11
split_gain=4.50445 3.83711 3.53501 3.02303 2.8647 2.14597 1.92726 3.75781 1.07886 0.985124 2.2343 1.5781 1.63122 0.560837
threshold=1.1107677668333056 -1.0568305850028989 -0.97817927598953236 -1.0000000180025095e-35 -0.87131690979003895 1.0000000180025095e-35 0.72241711616516124 -0.056310990825295441 1.4171462655067446 -0.642381191253662 0.26525090634822851 -0.63638806343078602 -0.067614104598760591 0.35644546151161199
decision_type=2 2 2 2 2 2 2 2 2 2 2 2 2 2
left_child=2 -2 5 -3 -4 -1 8 13 9 10 -6 -11 -13 -8
right_child=1 3 4 -5 6 -7 7 -9 -10 11 -12 12 -14 -15
leaf_value=0.0045195888357499716 0.0065587853799087556 -0.00176709170967943 -0.0066678738728986765 -0.023337179301144914 -0.0060531437909242657 -0.017696314648281922 -0.017347647319017515 0.0096080600303416006 -0.00076176457372532046 0.00075940798186559548 0.011772329553550157 0.00098691940586241741 0.016464351432125716 -0.00095365214647371796
leaf_weight=3.8497442528605461 9.7810019738972205 12.240051928907636 8.9390157349407655 8.0250824163667822 8.427207821980117 4.5787356644868833 3.5527731827460256 9.3192738872021419 6.8836746085435143 9.2616766677237958 7.4185819597914806 7.7188464067876259 46.016108377953074 3.1943231094628572
leaf_count=17 36 48 42 66 40 49 58 31 27 50 31 35 231 17
internal_value=0.00285753 -0.00677644 0.0054618 -0.013237 0.00697864 -0.00964451 0.0084331 -0.000883141 0.0101316 0.0110714 0.00311424 0.0126967 0.0145143 -0.0132956
internal_weight=149.206 30.0461 119.16 20.2651 110.731 8.42848 101.792 16.0664 85.7261 78.8424 15.8458 62.9966 53.735 6.7471
internal_count=778 150 628 114 562 66 520 106 414 387 71 316 266 75
is_linear=0
shrinkage=0.03


Tree=222
num_leaves=15
num_cat=0
split_feature=0 19 17 24 20 2 30 23 29 3 28 27 30 5
split_gain=3.76825 2.64638 4.17477 2.96257 2.66688 3.05236 2.7581 3.67197 3.15103 2.84933 2.73132 5.16651 2.75061 1.89883
threshold=-1.7491278648376463 -2.2536536455154415 -0.38846583664417261 0.32303477078676229 -0.58818325400352467 1.0000000180025095e-35 -0.57803994417190541 0.18229994177818301 -0.057339081540703767 -0.24481490254402158 -0.84098455309867848 -0.20706084370613095 -0.21240257471799848 -0.1549102962017059
decision_type=2 2 2 2 2 2 2 2 2 2 2 2 2 2
left_child=-1 -2 3 -3 13 10 -7 8 -8 -10 -6 12 -12 -4
right_child=1 2 4 -5 5 6 7 -9 9 -11 11 -13 -14 -15
leaf_value=-0.01703247894837635 0.015283686910557599 -0.02184364843546131 -0.0014801514884078516 0.0016475500062539024 0.012610137228965524 0.0051551489823578912 0.0098385304570725134 -0.021498320485250102 -0.020563946409527866 0.002884865943033217 -0.004633189684972833 -0.014017833677687519 0.013003881136692144 0.014828012820813008
leaf_weight=6.2222128116991362 5.8239880353212348 7.4703039545565826 8.142785247415306 6.8211831403896213 16.355824813246727 10.678562134038652 7.9881415367126456 10.416712334379552 4.6948402136331397 6.9420102328295004 9.5619611823931336 11.826791584491728 15.877292767167091 15.461892835795878
leaf_count=64 16 65 44 49 45 58 22 53 119 51 41 49 45 52
internal_value=-0.000301247 0.00102173 -0.000140338 -0.0131105 0.00190051 -0.000506278 -0.00629342 -0.0105178 -0.00150777 -0.00991252 0.0040504 -0.000753741 0.00670245 0.0099269
internal_weight=144.285 138.062 132.238 14.2915 117.947 94.3421 40.7203 30.0417 19.625 11.6369 53.6219 37.266 25.4393 23.6047
internal_count=773 709 693 114 579 483 303 245 192 170 180 135 86 96
is_linear=0
shrinkage=0.03


Tree=223
num_leaves=15
num_cat=0
split_feature=2 25 29 18 9 21 7 4 16 9 4 31 16 4
split_gain=2.00239 2.38264 3.81698 5.39267 4.34637 4.60947 4.54415 4.90913 4.09546 3.90102 2.50759 1.28971 1.49304 1.20965
threshold=-1.5322852730751035 -0.62305282056331623 -1.5168793201446531 0.41784837841987615 -0.21671468764543531 -0.23194614052772519 -1.1337022781372068 1.1411577463150027 0.64066660404205333 -0.41758091747760767 -0.49500095844268793 1.1107677668333056 -0.07955483719706534 -0.19751755893230435
decision_type=2 2 2 2 2 2 2 2 2 2 2 2 2 2
left_child=-1 11 -3 4 5 -4 -6 -8 -5 10 -7 12 -2 -14
right_child=1 2 3 8 6 9 7 -9 -10 -11 -12 -13 13 -15
leaf_value=0.0089332563702275332 -0.0015743236547433306 0.0092856939645834732 0.01454727391503414 -0.006059349422395801 0.0090763188276220801 0.0016185526517439239 -0.026024248071321188 0.0042851311667920231 0.017309069956623742 0.0073362534950714743 -0.02276176063393728 -0.0036531102586267587 0.016370773086375544 0.0024806877202542738
leaf_weight=18.096693880856037 10.697436623275278 12.912950959056614 6.6009475737810162 9.3736780788749474 2.3456653999164727 4.4427248015999838 22.20766543108039 4.2875928902067235 8.9532021246850473 6.2696147412061665 8.2605923647060973 9.4780484922230226 11.250565677881239 11.878447953611614
leaf_count=58 39 43 21 50 8 30 299 30 25 25 54 35 29 43
internal_value=0.000793692 -0.000639323 -0.00348515 -0.00620361 -0.0107162 -0.00114843 -0.017777 -0.0212178 0.00661991 -0.00850435 -0.0161863 0.00476771 0.00729378 0.0109462
internal_weight=147.056 128.959 85.6546 72.7417 54.4148 25.5739 28.8409 26.4953 18.3269 18.9729 12.7033 43.3045 33.8265 23.129
internal_count=789 731 585 542 467 130 337 329 75 109 84 146 111 72
is_linear=0
shrinkage=0.03


Tree=224
num_leaves=15
num_cat=0
split_feature=0 29 23 21 28 30 20 7 6 22 22 9 20 25
split_gain=3.13212 2.9921 4.07168 4.71191 3.20385 2.45051 4.33111 3.0175 2.06104 1.71846 1.69491 1.69009 1.40384 0.929158
threshold=1.0938091874122622 -0.94348853826522816 0.18229994177818301 -0.23194614052772519 -0.9431500732898711 -0.091874383389949785 -0.36866368353366846 -0.13598121702671048 1.2726269960403445 -0.90025681257247914 0.090760096907615675 -0.035935074090957635 -0.68904364109039296 -0.32695157825946802
decision_type=2 2 2 2 2 2 2 2 2 2 2 2 2 2
left_child=1 10 5 -4 -5 6 12 -7 9 -8 -1 -11 -3 -2
right_child=13 2 3 4 -6 7 8 -9 -10 11 -12 -13 -14 -15
leaf_value=-0.0010262688995656033 0.015980975341115328 -0.0020064358248563343 0.0048741712239276751 -0.0028601549939708164 -0.023909710701629609 -0.0050607067671774864 0.0017817520208861294 0.012911692595919013 0.0058408249337277354 -0.024008703439923774 0.013160496783627648 -0.0020316865714470503 0.01451476962812593 0.0024011116632282571
leaf_weight=11.468535641208293 9.6924480795860308 5.944583710283041 10.914888497442005 12.135537510737777 14.286948868073523 9.2802194664254802 3.7869224906899062 20.422063602134585 2.679024309385567 8.5225619018310699 14.04545324295759 5.4091370888054362 6.5307255843654257 9.5666864062659425
leaf_count=49 25 55 40 55 92 50 23 67 11 151 42 36 21 46
internal_value=0.00124941 -0.000634507 -0.00301683 -0.0102175 -0.0162354 0.0017178 -0.00369375 0.00737628 -0.0112333 -0.0145322 0.00766031 -0.018266 0.00832067 0.0111206
internal_weight=144.686 125.427 99.9126 37.3374 26.4225 62.5752 32.873 29.7023 20.3976 17.7186 25.514 13.9317 12.4753 19.2591
internal_count=763 692 601 187 147 414 297 117 221 210 91 187 76 71
is_linear=0
shrinkage=0.03


Tree=225
num_leaves=15
num_cat=0
split_feature=7 8 0 12 18 9 2 14 5 6 4 7 5 6
split_gain=3.58117 5.07145 3.21716 4.37498 2.97399 3.33876 4.56496 4.961 3.9824 3.0921 1.92837 1.09093 0.978357 0.457842
threshold=-1.1098272800445554 -0.80732044577598561 -1.7491278648376463 1.6023054718971255 0.20790963619947436 -0.21671468764543531 -1.0000000180025095e-35 -0.27143290638923639 0.15215429663658145 -0.13125888258218762 0.19912697374820712 -0.9879394769668578 -0.37424215674400324 -0.94403490424156178
decision_type=2 2 2 2 2 2 2 2 2 2 2 2 2 2
left_child=-1 11 -3 4 5 8 12 -8 -4 13 -11 -2 -7 -6
right_child=1 2 3 -5 9 6 7 -9 -10 10 -12 -13 -14 -15
leaf_value=0.016135969920857262 -0.00032254410618413822 -0.013074847115784443 0.020177738331764818 -0.012537569471000971 -0.0023520612599029498 0.002392595462054589 0.0068519560989124765 -0.018956908445920129 -0.0017445951939192245 -0.0033818906699845824 0.012758843503238419 -0.018607569065159361 0.015344492756801375 -0.014359479083395963
leaf_weight=8.9405931085348112 3.9324256256222716 6.4580295917112371 24.979709111154072 8.8643727228045446 6.7759174257516861 11.111018657684328 8.8188806790858454 9.4815841474337699 8.9298486895859224 9.436765110120179 9.198373092338441 9.1371168894693238 10.886561983497804 7.2363547785207611
leaf_count=26 25 49 73 39 25 42 46 180 39 38 30 83 35 39
internal_value=0.00165828 0.00016007 0.0022676 0.0036299 0.0054716 0.00862417 0.00226232 -0.00771829 0.0149223 -0.00188789 0.00559892 -0.0147175 0.0104572 -0.0106986
internal_weight=144.188 135.247 122.177 115.719 106.855 74.2076 40.298 18.3005 33.9096 32.6474 18.6351 13.0695 21.9976 14.0123
internal_count=769 743 635 586 547 415 303 226 112 132 68 108 77 64
is_linear=0
shrinkage=0.03


Tree=226
num_leaves=15
num_cat=0
split_feature=5 5 0 6 9 5 14 7 4 9 9 4 9 1
split_gain=2.98869 3.12361 3.95179 4.24412 3.004 3.87773 4.00518 3.41406 2.24228 2.39947 1.90747 1.85455 1.74612 3.45175
threshold=-0.28650940954685206 -1.1638368368148801 1.0938091874122622 -0.13125888258218762 -0.056021699681878083 -0.06717756018042563 1.0000000180025095e-35 -0.60971021652221669 0.94283545017242443 -0.21671468764543531 -0.27697455883026117 -0.54458153247833241 0.4260572642087937 1.2285889983177187
decision_type=2 2 2 2 2 2 2 2 2 2 2 2 2 2
left_child=1 11 3 -3 5 -2 7 -7 9 -5 -8 -1 -6 -14
right_child=4 2 -4 8 12 6 10 -9 -10 -11 -12 -13 13 -15
leaf_value=0.011692596856284454 0.012210402050703081 -0.020910323383066247 0.0064948513449748129 0.0038886350015777788 0.018228856694640899 0.0011055729535397363 0.0089344621384768886 -0.024253871310460876 0.010498777720101058 -0.017407275495871625 -0.0061416247774029372 -0.003904521186145057 -0.0068440616120915817 0.015579366004793652
leaf_weight=10.906315349042417 11.784067995962685 17.310200836276636 9.89704432338476 6.6217307560145864 13.000060523860158 7.0512209567241335 13.857937062159182 7.5210192326921987 5.2334213829599312 4.5100552175426865 8.1535673700273019 8.6884006159380061 9.8801765781827253 5.809999853372573
leaf_count=29 52 106 34 28 46 46 45 129 20 52 34 39 76 13
internal_value=0.00101113 -0.00366941 -0.00787839 -0.0123962 0.00483773 4.27558e-05 -0.0048735 -0.0148353 -0.000604397 -0.00746052 0.00324681 0.00538894 0.0117153 0.00321757
internal_weight=140.225 63.1672 43.5725 33.6754 77.058 48.3678 36.5837 14.5722 16.3652 11.1318 22.0115 19.5947 28.6902 15.6902
internal_count=749 308 240 206 441 306 254 175 100 80 79 68 135 89
is_linear=0
shrinkage=0.03


Tree=227
num_leaves=15
num_cat=0
split_feature=8 7 12 48 16 16 17 22 18 20 2 4 8 7
split_gain=3.81343 3.46375 3.79182 3.16346 2.86775 2.71216 2.57905 2.42369 2.10635 1.97077 1.78683 1.65217 1.61801 2.23037
threshold=-0.17320114374160764 -0.15734300762414929 -0.69698849320411671 1.0000000180025095e-35 -0.28887841105461115 0.72195065021514904 -0.051981380209326737 -0.18861071020364759 0.45375992357730871 -0.43392626941204065 -0.80285295844078053 -0.49500095844268793 -0.80732044577598561 -1.0030184090137479
decision_type=2 2 2 2 2 2 2 2 2 2 2 2 2 2
left_child=5 3 9 -2 7 11 -6 -4 -8 -3 -5 -1 13 -13
right_child=1 2 4 10 6 -7 8 -9 -10 -11 -12 12 -14 -15
leaf_value=0.016277207728703669 0.0072458557206463653 0.0019319476492234244 0.0053009560963510121 -0.00071211742903795052 0.012644264819224305 -0.0059881100248208455 -0.0097885912072749708 -0.012444535360905574 0.007029787843952303 -0.019246401395450478 -0.023799765303483482 0.0074941031386803851 0.0090051705012192795 -0.012240304872901529
leaf_weight=18.533922157250345 2.7913328844588241 4.8050801316276193 8.6329726055264491 4.3166761845350257 28.075436896178868 8.0051127076148969 8.0623513683676773 10.512694755569099 8.8802477419376356 6.277013808488844 8.2458689220948127 5.1704534450545907 19.411062623839829 5.9887743839062733
leaf_count=81 15 26 27 17 103 42 31 48 31 38 166 21 86 43
internal_value=0.00177035 -0.00205419 0.000860459 -0.0130407 0.00386254 0.00751463 0.00775576 -0.00500216 -0.00138027 -0.012318 -0.0183278 0.0100658 0.00454138 -0.00360707
internal_weight=147.709 90.5997 75.2458 15.3539 64.1637 57.1093 45.018 19.1457 16.9426 11.0821 12.5625 49.1042 30.5703 11.1592
internal_count=775 502 304 198 240 273 165 75 62 64 183 231 150 64
is_linear=0
shrinkage=0.03


Tree=228
num_leaves=15
num_cat=0
split_feature=61 0 8 29 20 9 19 25 29 29 1 8 19 23
split_gain=3.2917 2.67593 2.59425 2.18797 4.93891 2.99226 3.27036 4.44683 3.25684 3.63018 2.87429 2.44919 2.32304 1.56463
threshold=1.0000000180025095e-35 1.0938091874122622 0.072937257587909712 1.3500747680664065 1.7138059139251711 0.28545089066028601 0.34580872952938085 -1.2152553200721739 -1.2562471628189085 0.30754597485065466 1.2285889983177187 0.419199749827385 -1.5107337832450864 0.18229994177818301
decision_type=2 2 2 2 2 2 2 2 2 2 2 2 2 2
left_child=2 3 -1 4 5 6 7 -2 -9 11 -7 12 -10 -3
right_child=1 13 -4 -5 -6 10 -8 8 9 -11 -12 -13 -14 -15
leaf_value=-0.016029946466417314 0.016545098530183044 0.0017406034565377088 0.003030119251799412 -0.0085850104828109793 -0.014832336589675362 -0.012527127593878069 0.014357704134764636 0.010071490104923062 0.0034527836868232151 0.0092815356134144187 0.0089222718194879348 0.0017664384104063009 -0.023394010889263211 0.018263679878306228
leaf_weight=11.275451533962043 7.5317689701914743 9.775541618466379 8.374297814909367 13.524481285363434 7.9004387855529776 10.725197996012865 30.044667135924101 6.2272581085562662 2.0981519110500821 3.9909322038292876 4.4315673718228927 5.5600233478471628 11.650847581564463 9.6039927899837476
leaf_count=131 17 41 35 53 33 87 84 19 7 12 16 24 179 27
internal_value=0.00114757 0.0030444 -0.00894001 0.000896533 0.00269515 0.00513196 0.00777571 0.00136704 -0.00433986 -0.00929042 -0.00559815 -0.0142485 -0.0194689 0.0119953
internal_weight=142.715 123.065 19.6497 103.685 90.1609 82.2604 67.1036 37.059 29.5272 23.3 15.1568 19.309 13.749 19.3795
internal_count=765 599 166 531 478 445 342 258 241 222 103 210 186 68
is_linear=0
shrinkage=0.03


Tree=229
num_leaves=15
num_cat=0
split_feature=7 7 12 11 28 5 23 7 0 30 8 4 7 1
split_gain=2.33486 3.54062 3.06742 2.2792 3.13493 3.28801 2.65195 2.70934 2.33817 1.67675 1.67309 1.92263 1.04611 0.975103
threshold=-1.0997747182846067 -0.77683478593826283 1.6023054718971255 0.7444572150707246 -1.4199225306510923 -0.85677224397659291 -0.38448172807693476 0.28497160971164709 0.67429283261299144 -0.068336756899952875 -0.23995054513216016 0.39744924008846289 -0.11964573711156844 -0.42920328676700586
decision_type=2 2 2 2 2 2 2 2 2 2 2 2 2 2
left_child=-1 9 3 4 12 -6 10 8 -8 -2 -7 -12 -3 -5
right_child=1 2 -4 13 5 6 7 -9 -10 -11 11 -13 -14 -15
leaf_value=0.012458902691460863 -0.0013851248321228324 3.9283537985320853e-05 -0.011554522035838247 0.015816095855507868 0.012294619435023819 0.013202908532138614 -0.017258096191695056 0.0031981276926779743 0.0031403473958240462 -0.021434272556926266 -0.010388914278927861 0.0070686627104295085 -0.014895815634846696 0.0029313614458143311
leaf_weight=9.5387451378628594 7.4235464665107429 6.1524392459541568 9.5802465341985208 10.347754366695883 20.154141394654282 10.125568735878916 13.456183226429873 15.37098717316985 5.0982142728753379 4.532991996034978 5.4309027940034778 7.5345639931038022 8.2642155177891219 12.375478796660898
leaf_count=32 52 25 41 27 84 41 185 59 42 33 41 29 37 46
internal_value=0.00103202 -0.000184137 0.00151761 0.00305148 0.000728855 0.00325593 -0.000672714 -0.00569442 -0.0121764 -0.0130652 0.00640554 -0.00110006 -0.0101533 0.0105931
internal_weight=145.386 135.847 123.891 114.31 91.5872 77.1706 57.0164 33.9254 18.5544 11.9565 23.091 12.9655 14.4167 22.7232
internal_count=774 742 657 616 543 481 397 286 227 85 111 70 62 73
is_linear=0
shrinkage=0.03


Tree=230
num_leaves=15
num_cat=0
split_feature=7 8 1 22 26 30 30 11 30 3 11 6 15 16
split_gain=2.51547 2.29057 2.73033 3.06514 2.79558 3.58756 2.89411 3.19378 2.41509 2.18155 2.71057 2.15677 2.08096 1.44014
threshold=-1.2116099596023557 -0.53406506776809681 2.057485163211823 -1.240938067436218 -0.71593949198722828 -0.4958671480417251 -0.60593664646148671 -0.83079570531845082 0.046669518575072295 1.0000000180025095e-35 0.51582035422325145 -0.7223687171936034 0.53678245842456829 -0.84546482563018788
decision_type=2 2 2 2 2 2 2 2 2 2 2 2 2 2
left_child=-1 8 3 -3 5 -5 11 -8 9 10 -2 -6 13 -9
right_child=1 2 -4 4 6 -7 7 12 -10 -11 -12 -13 -14 -15
leaf_value=0.014881998460352272 -0.014910619243801644 -0.010453887228799872 -0.010193541931732704 0.0080673857415518389 0.0071346358867489636 -0.014251042546064741 -0.004574893056384634 0.00072682500286369697 -0.015859990421428074 0.010420726319299415 0.0077747505185239048 -0.012457576396950916 -0.001401665462552188 0.01660827101766758
leaf_weight=6.8449961580336085 6.7728679515421444 7.3868514739442608 9.0284345997497422 7.6380980755202499 4.7121734209358692 9.0300152814015728 8.6824039015918881 6.2880845442414204 9.2783896997570974 6.5577773842960587 3.9269682243466377 6.4920503580942732 7.2538023293018332 42.61831349099522
leaf_count=16 73 45 46 34 15 58 47 24 52 24 13 48 23 241
internal_value=0.0016207 0.000446405 0.00240904 0.00397656 0.00560237 -0.00452213 0.00796355 0.0102987 -0.00672725 0.000642685 -0.00676031 -0.0045587 0.0127842 0.0148231
internal_weight=142.511 135.666 109.13 100.102 92.7149 16.6681 76.0468 64.8426 26.536 17.2576 10.6998 11.2042 56.1602 48.9064
internal_count=759 743 581 535 490 92 398 335 162 110 86 63 288 265
is_linear=0
shrinkage=0.03


Tree=231
num_leaves=15
num_cat=0
split_feature=26 18 22 25 31 29 18 8 30 18 30 39 6 6
split_gain=3.31903 3.61712 3.64848 4.70638 4.38894 4.23477 3.18506 2.28493 2.24921 2.15221 1.75609 1.14416 1.0921 0.590237
threshold=-1.0474530458450315 -0.41122765839099878 -0.077161341905593858 0.56135213375091564 1.1107677668333056 -0.94348853826522816 0.052785977721214301 0.6590804159641267 -0.46896682679653162 -0.97817927598953236 -0.4158762246370315 1.0000000180025095e-35 1.0000000180025095e-35 -0.64847996830940235
decision_type=2 2 2 2 2 2 2 2 2 2 2 2 2 2
left_child=8 9 3 4 6 -4 7 10 -1 -2 -3 -7 -6 -11
right_child=1 2 5 -5 12 11 -8 -9 -10 13 -12 -13 -14 -15
leaf_value=0.0023435597508035858 -0.0031234843535028205 0.0048077373935365821 0.0067262133427011938 -0.01164003469262132 -0.01198997265696655 -0.0026489236210181207 0.017703253488940016 0.013064986628676953 -0.019209267494818327 0.01845090917121224 -0.014343549254838672 -0.019080124647554375 0.0022948201198104237 0.0072714365765216777
leaf_weight=5.4923339281231165 7.9794162902981034 4.0620789905078629 8.2277217581868189 10.234508648514746 6.212453391402958 7.0922024101018932 23.811195807531476 2.5069681406021109 6.3530938751064223 9.4447702094912511 5.450508783455013 13.633458720520137 6.0778701568488032 24.319402208551764
leaf_count=33 51 27 24 72 34 29 72 7 53 23 128 93 28 92
internal_value=0.0011141 0.00265598 -0.000900584 0.00340073 0.00739416 -0.00879404 0.0122898 -0.000484787 -0.0114865 0.00939535 -0.00732669 -0.0150651 -0.00630499 0.0123752
internal_weight=140.898 129.053 87.309 58.3556 48.1211 28.9534 35.8308 12.0196 11.8454 41.7436 9.51259 20.7257 12.2903 33.7642
internal_count=766 680 514 368 296 146 234 162 86 166 155 122 62 115
is_linear=0
shrinkage=0.03


Tree=232
num_leaves=15
num_cat=0
split_feature=2 25 2 19 15 16 19 20 22 24 17 16 28 3
split_gain=2.9083 2.4821 2.66365 3.60038 3.16629 2.71027 5.46791 4.03835 3.8172 2.37462 2.16068 1.65097 1.89549 1.22997
threshold=-1.5322852730751035 -1.2152553200721739 0.65601173043251049 -0.16984742879867551 1.0000000180025095e-35 -0.07955483719706534 -0.25968767702579493 0.076308451592922225 -0.080066893249750123 1.0000000180025095e-35 -0.0965844690799713 -0.07955483719706534 -1.4199225306510923 -1.0000000180025095e-35
decision_type=2 2 2 2 2 2 2 2 2 2 2 2 2 2
left_child=-1 -2 4 -4 5 7 -7 9 10 -3 -8 -5 -13 -10
right_child=1 2 3 11 -6 6 8 -9 13 -11 -12 12 -14 -15
leaf_value=0.011293930022947641 0.0084105412940591231 -0.0090377936212215192 0.014761543330776965 0.0056384180767627039 -0.018466053001994272 -0.015383526822641925 -0.015035941571394394 -0.019068338423809422 0.016989552951952154 0.0074249396410717436 0.0054260252560350093 0.0041646347124292193 -0.018931040640657856 0.0024081894512969992
leaf_weight=16.176429729908705 17.595606975257397 8.9983875788748282 11.900258699432017 4.2184816636145115 8.3232055157423002 7.1888413038104764 4.7834478362929076 12.136435374617575 16.62184207199607 13.064361257478593 5.1580407172441429 2.6133026778697968 4.0887634706450608 9.3318669062573516
leaf_count=51 56 44 46 13 42 62 45 58 120 56 15 9 99 44
internal_value=0.001002 -0.000699665 -0.00248365 0.00579057 -0.0048872 -0.00239155 0.00254484 -0.00814178 0.00757726 0.000281282 -0.00615639 -0.00555103 -0.0119939 0.0129826
internal_weight=142.199 126.023 108.427 22.8208 85.6064 77.2832 43.084 34.1992 35.8952 22.0627 9.94149 10.9205 6.70207 25.9537
internal_count=760 709 653 167 486 444 286 158 224 100 60 121 108 164
is_linear=0
shrinkage=0.03


Tree=233
num_leaves=15
num_cat=0
split_feature=27 10 7 27 26 6 19 28 14 12 6 2 27 12
split_gain=2.91577 4.85121 3.06559 2.7761 3.36871 2.49208 2.4344 2.06416 3.43632 2.85867 1.9931 2.31001 2.88471 1.05693
threshold=-0.075719472020864473 -0.42929178476333613 -0.26289536058902735 -0.2747823148965835 -0.19845880568027494 -0.7223687171936034 0.68481943011283886 -1.4199225306510923 0.76839035749435436 1.1303710937500002 -0.57459124922752369 -0.62049487233161915 -0.39680933952331537 -1.2096027731895445
decision_type=2 2 2 2 2 2 2 2 2 2 2 2 2 2
left_child=1 10 6 4 -4 -5 -3 8 13 -9 -1 -12 -13 -2
right_child=7 2 3 5 -6 -7 -8 9 -10 -11 11 12 -14 -15
leaf_value=0.013886092179656652 0.00038950096129331712 -0.022852472520677236 -0.0065700630594391161 0.0057451070923077675 0.014307362408339025 -0.021648958183325084 0.0020599850777641973 0.011582819569558183 0.010745914139102175 -0.0049049762791865273 0.0096366962417581779 -0.015711793592948508 0.0059814938183092936 -0.014614842577032197
leaf_weight=9.8413432426750678 5.88591510988772 11.78425829252228 9.7827725759707409 1.9255987184587873 8.7565189488232118 3.9398345010122302 3.4885447099804869 41.042730551213026 7.033121019601821 8.8933007381856424 7.6220229119062468 7.5807951521128443 6.194209089502686 7.9933250974863777
leaf_count=31 25 131 64 11 30 132 11 144 19 33 24 46 23 44
internal_value=0.00126526 -0.00293898 -0.0094036 -0.00183828 0.00423529 -0.0141504 -0.0180575 0.00538983 -0.00217458 0.00846727 0.00543662 -0.000343757 -0.00696185 -0.00983383
internal_weight=141.764 70.9159 39.6775 24.4047 18.5393 5.86543 15.2728 70.8484 20.9124 49.936 31.2384 21.397 13.775 13.8792
internal_count=768 503 379 237 94 143 142 265 88 177 124 93 69 69
is_linear=0
shrinkage=0.03


Tree=234
num_leaves=15
num_cat=0
split_feature=8 4 68 52 17 4 24 16 6 7 17 30 3 11
split_gain=3.72166 2.86482 2.82416 2.68826 3.43411 5.91818 2.46448 2.23623 2.79767 2.02231 1.92147 1.46108 1.97983 0.998137
threshold=-0.17320114374160764 1.686543941497803 1.0000000180025095e-35 1.0000000180025095e-35 0.089621189981699004 -0.84206491708755482 -0.38554565608501429 -0.97122657299041737 1.4942932128906252 0.62927332520484935 -0.33662872016429896 -0.21240257471799848 0.11917744576931001 -0.054160771891474717
decision_type=2 2 2 2 2 2 2 2 2 2 2 2 2 2
left_child=10 2 -2 -4 5 9 -6 -7 -9 -5 11 12 -1 -12
right_child=1 -3 3 4 6 7 -8 8 -10 -11 13 -13 -14 -15
leaf_value=-0.0049900522410249665 0.0087694878271842754 0.010675680691005319 0.00410652641692751 -0.0067275690067668311 0.0088472574565063196 -0.0016530493259909863 -0.0077660495248490285 -0.028199931313735896 0.00045036753924236801 0.012870140012301934 0.013933408070276796 -0.0091398670684105909 0.013656897237799708 0.0027878733814131781
leaf_weight=6.7003481835126895 7.0356574503239235 6.6191109432838848 12.526962024159728 4.8825653673848084 9.7135979756712931 5.3407100308686486 12.713616877794264 18.743496806593622 3.343963034451007 4.6948475427925587 18.554831436835229 7.0612175092101088 4.8941070679575205 14.877110950648783
leaf_count=55 31 29 54 47 30 27 47 211 17 14 87 47 16 60
internal_value=0.000137872 -0.00364664 -0.00541078 -0.00727689 -0.0098087 -0.0148697 -0.000269434 -0.0210589 -0.0245799 0.00399854 0.00613291 -0.00141617 0.00462428 0.00998164
internal_weight=137.702 85.6145 78.9954 71.9598 59.4328 37.0056 22.4272 27.4282 22.0875 9.57741 52.0876 18.6557 11.5945 33.4319
internal_count=772 507 478 447 393 316 77 255 228 61 265 118 71 147
is_linear=0
shrinkage=0.03


Tree=235
num_leaves=15
num_cat=0
split_feature=31 35 30 12 11 20 7 12 19 17 28 24 30 0
split_gain=2.61372 3.54086 3.58341 3.37488 2.989 3.51213 3.87484 2.64939 3.8836 1.81193 1.66875 1.77472 1.49585 2.70432
threshold=1.1107677668333056 1.0000000180025095e-35 -0.31242194771766657 1.6023054718971255 1.085252642631531 0.5746772587299348 0.65440484881401073 -0.061371982097625725 1.1870270371437075 -0.18902878463268277 0.48716732859611517 -0.38554565608501429 -0.66251710057258595 1.0938091874122622
decision_type=2 2 2 2 2 2 2 2 2 2 2 2 2 2
left_child=3 -2 -3 4 5 7 -7 9 12 10 -1 -12 -9 -14
right_child=1 2 -4 -5 -6 6 -8 8 -10 -11 11 -13 13 -15
leaf_value=0.011831324115728334 0.007173112006176539 0.0026095452310563204 -0.020447017319894765 -0.011316735656605865 0.015097390763565144 0.016094174222833248 -0.0040908189305440467 -0.00017406981683709566 0.0090463897722582176 -0.0072052030794713604 0.0078117800257664566 -0.011354790290549359 -0.022349369705392745 0.0023728141855213309
leaf_weight=15.500132525805389 7.9322820156812694 7.7763686785474482 12.280196179402987 9.0681062918156368 14.392999686300753 19.530587822198871 10.54897481203079 6.0872727590613094 5.344130925834178 6.3191134482622102 3.5426971092820168 4.2211343897506586 12.419400765909822 4.0087746379431328
leaf_count=67 34 41 71 45 41 55 39 38 13 27 12 52 195 25
internal_value=0.000585352 -0.00688788 -0.0127706 0.00268571 0.00440258 0.00192299 0.00944115 -0.00245461 -0.00840818 0.00355714 0.00723796 -0.00297484 -0.0134421 -0.0171707
internal_weight=138.972 27.9888 20.0566 110.983 101.915 87.5222 30.0796 57.4427 27.8596 29.5831 23.264 7.76383 22.5154 16.4282
internal_count=755 146 112 609 564 523 94 429 271 158 131 64 258 220
is_linear=0
shrinkage=0.03


Tree=236
num_leaves=15
num_cat=0
split_feature=9 9 58 5 30 30 20 5 9 17 4 1 19 9
split_gain=2.72323 3.98389 2.43034 2.11021 2.88618 3.42236 3.27432 2.84903 2.69896 4.12299 2.72853 2.55409 2.10614 2.07929
threshold=0.3055375218391419 0.92822283506393444 1.0000000180025095e-35 -1.2954359650611875 -0.55039921402931202 -0.31242194771766657 1.9807892441749575 1.2926799058914187 -0.61844715476036061 0.23418439179658893 -0.49500095844268793 -0.073962084949016557 0.08220826089382173 1.5308215618133547
decision_type=2 2 2 2 2 2 2 2 2 2 2 2 2 2
left_child=2 -2 3 -1 11 -6 7 8 -7 10 -10 -5 -4 -3
right_child=1 13 12 4 5 6 -8 -9 9 -11 -12 -13 -14 -15
leaf_value=0.015450553936705469 -0.016508771036049683 0.010514827303643809 -0.014001133576541419 -0.014452369262618583 0.01654785361941177 0.0039356766101270755 0.01456589788810094 0.011819265187475166 0.00045233174863673332 0.0083494172700160352 -0.02282928151904556 0.0041524335353068124 0.0043264498945613196 -0.0063937290234818041
leaf_weight=11.999715368263422 11.335905367508532 9.7104964898899215 7.2478005063021538 8.8104925127699989 15.95359740545973 14.671881083399049 9.08158031105995 6.0958105147583401 5.926649993169117 4.5519986227154723 11.915383206331187 9.4755456391721946 7.1148423701524734 7.3494475018233052
leaf_count=36 77 44 55 68 55 50 28 33 61 15 133 43 24 54
internal_value=0.00183997 -0.0058081 0.00392926 0.00562523 0.003492 0.00627 0.00196018 -0.00192899 -0.00532611 -0.011005 -0.0166896 -0.0059901 -0.00614941 0.00343243
internal_weight=141.241 28.3958 112.845 98.4827 86.4829 68.1969 52.2433 43.1617 37.0659 22.394 17.842 18.286 14.3626 17.0599
internal_count=776 175 601 522 486 375 320 292 259 209 194 111 79 98
is_linear=0
shrinkage=0.03


Tree=237
num_leaves=15
num_cat=0
split_feature=61 68 17 15 55 24 7 52 7 1 6 27 6 23
split_gain=3.32546 2.71613 2.08689 2.57024 2.42729 2.14142 1.99663 3.07184 3.3043 3.44326 2.73892 2.3205 1.83684 1.81984
threshold=1.0000000180025095e-35 1.0000000180025095e-35 -0.0965844690799713 0.21615567803382876 1.0000000180025095e-35 -0.56269074976444233 0.28497160971164709 1.0000000180025095e-35 -0.6649995446205138 0.39969284832477575 0.3859622329473496 -0.67486986517906178 1.0000000180025095e-35 -0.38448172807693476
decision_type=2 2 2 2 2 2 2 2 2 2 2 2 2 2
left_child=13 -2 4 -4 5 12 7 -7 10 11 -9 -10 -3 -1
right_child=1 2 3 -5 -6 6 -8 8 9 -11 -12 -13 -14 -15
leaf_value=0.0018669462954551759 0.015661492257771737 0.0021549116004472477 0.010037998088929186 -0.0051481557598160518 -0.01509550052835759 0.011754686312468669 0.010691378307953869 -0.0062454291581293744 0.0015030365020581088 0.0039454245405622672 0.015910460522833413 -0.02484971916739763 -0.015551180216378782 -0.014230399563744549
leaf_weight=8.3495991406962293 9.2194015402346832 7.5626384746283275 34.422192811965942 9.9699401836842281 5.2108668355504042 8.0500577450729889 16.385950574651361 5.8830783439334429 3.1643826728686646 6.4013414544751859 5.3156572445295751 8.5669813831336921 6.8890241831541061 12.195393822737968
leaf_count=47 32 32 107 38 30 33 60 47 23 43 17 133 35 127
internal_value=0.00136277 0.00323925 0.00166923 0.00645148 -0.00144886 0.000553186 0.00337467 -0.000715512 -0.00535147 -0.0120989 0.0059361 -0.0194165 -0.00811329 -0.00860342
internal_weight=147.587 127.042 117.822 44.3921 73.43 68.2191 53.7674 37.3815 29.3314 18.1327 11.1987 11.7314 14.4517 20.545
internal_count=804 630 598 145 453 423 356 296 263 199 64 156 67 174
is_linear=0
shrinkage=0.03


Tree=238
num_leaves=15
num_cat=0
split_feature=3 17 68 62 7 30 8 20 4 14 48 53 10 39
split_gain=3.07748 3.73026 2.9687 4.39518 2.58704 2.43989 3.04457 2.15829 2.60331 2.60188 1.43899 2.43348 1.65054 1.82002
threshold=-0.44037659466266627 -0.0965844690799713 1.0000000180025095e-35 1.0000000180025095e-35 -1.2505638003349302 0.36748218536376959 -0.15651379525661466 -0.65937879681587208 -0.59416210651397694 -1.0000000180025095e-35 1.0000000180025095e-35 1.0000000180025095e-35 0.95542019605636608 1.0000000180025095e-35
decision_type=2 2 2 2 2 2 2 2 2 2 2 2 2 2
left_child=4 2 -2 -4 -1 6 -3 -5 -9 -10 -6 12 13 -12
right_child=1 5 3 7 10 -7 -8 8 9 -11 11 -13 -14 -15
leaf_value=0.011081199876709623 0.012763600703348046 0.010735652952268381 -0.020601298650431196 0.0084877910015031463 0.0043953981030414929 0.018809966087565345 -0.0079997273254976946 0.0070106817728111479 -0.019461498586487012 -0.0004112220708889098 -0.0027508184441329456 0.0053526336314739156 0.0028975443666741543 -0.02088838114194274
leaf_weight=3.0591479986906043 7.0366377264726898 13.75853471457958 6.0723960008472195 14.319320183247326 4.4439296803902826 14.294185921549795 8.763960078358652 9.2495514254551363 6.9915617235237741 14.449584722518924 8.9411953369854054 4.9243337209336451 3.3900767350569359 14.792765438673086
leaf_count=6 25 40 45 63 27 39 35 37 72 50 47 26 17 213
internal_value=0.00113766 0.0040249 -0.000823354 -0.00366604 -0.00546653 0.0108617 0.00331646 0.000450021 -0.00396386 -0.00912865 -0.00802189 -0.0101045 -0.0133071 -0.0157232
internal_weight=134.487 94.9357 58.1191 51.0824 39.5514 36.8167 22.5225 45.01 30.6907 21.4411 36.4923 32.0484 27.124 23.734
internal_count=742 406 292 267 336 114 75 222 159 122 330 303 277 260
is_linear=0
shrinkage=0.03


Tree=239
num_leaves=15
num_cat=0
split_feature=9 7 24 22 39 17 28 9 28 1 21 18 29 25
split_gain=2.84778 2.54543 2.57856 3.14727 3.65432 3.25028 2.66769 2.50641 2.448 2.56202 3.35296 3.63398 2.08294 1.6337
threshold=-0.93983313441276539 -1.1588338017463682 -1.9798516631126402 0.94696402549743663 1.0000000180025095e-35 3.475679993629456 -1.4199225306510923 -0.17654144018888471 -1.1474811434745786 -0.66603073477745045 0.54473994672298442 -0.21775482594966886 1.7670862674713137 -0.32695157825946802
decision_type=2 2 2 2 2 2 2 2 2 2 2 2 2 2
left_child=13 -2 -3 5 -5 6 -4 -6 -8 12 11 -11 -10 -1
right_child=1 2 3 4 7 -7 8 -9 9 10 -12 -13 -14 -15
leaf_value=0.015899692350265199 0.012407004473114847 0.010815661459847884 -0.020807079693248617 0.015308145240086196 0.0060280532365819001 0.010789733999608697 0.0077384883304312119 -0.013911870809461584 -0.023079613254950854 -0.0089404115006847581 -0.018486390832158313 0.0065400790873067329 0.0023630711397607577 0.00041231860593554328
leaf_weight=9.4043641015887278 5.6199369840323916 6.4661185666918746 9.1029464397579414 9.809597060084343 6.8884793531615287 4.4251417294144622 6.8542906790971676 6.7725936714559793 8.3883921108208508 19.137222175486379 6.2985324766486874 26.407952182577013 2.5963999927043906 11.147801220417021
leaf_count=28 17 19 51 25 31 12 24 41 116 104 31 216 9 49
internal_value=0.000109035 -0.0017771 -0.00297686 -0.00425963 0.00472743 -0.00691882 -0.00849799 -0.00493618 -0.00560463 -0.00752344 -0.00385716 -0.000205484 -0.0182078 0.0092236
internal_weight=139.32 118.768 113.148 106.682 23.4707 83.2109 78.7857 13.6611 69.6828 62.8285 51.8437 45.5452 10.9848 20.5522
internal_count=773 696 679 660 97 563 551 72 500 476 351 320 125 77
is_linear=0
shrinkage=0.03


Tree=240
num_leaves=15
num_cat=0
split_feature=24 6 6 28 13 9 14 18 27 28 7 7 16 3
split_gain=2.40401 2.74217 4.45005 3.56906 2.86191 2.68928 2.45111 3.43769 4.08303 2.47443 3.02889 2.0248 1.36422 0.707845
threshold=1.38590544462204 -0.7223687171936034 -0.13125888258218762 -0.84098455309867848 -0.25385545939207071 -0.035935074090957635 -0.12352122738957404 0.31000852584838873 -0.39680933952331537 0.58933284878730785 0.11910363286733629 0.061301155015826232 0.27441328763961798 -0.64624956250190724
decision_type=2 2 2 2 2 2 2 2 2 2 2 2 2 2
left_child=1 5 3 -3 -5 12 7 8 -4 10 -8 13 -1 -10
right_child=-2 2 6 4 -6 -7 9 -9 11 -11 -12 -13 -14 -15
leaf_value=0.016773395660921533 -0.012227455620869025 0.0060966000917551128 -0.013950313772563852 0.0021679348196689502 -0.02155294947632894 -0.0035145896366596961 -0.0081514854436345735 -0.018480381488130068 -0.00031187715384789385 0.015361145642971506 0.0092768991748163505 -0.0051883697977040347 0.0023060078744692189 0.015707589253081074
leaf_weight=19.084735984215516 5.6713703833520404 6.2126773353666094 4.9792626802809599 4.9996189642697617 13.006269579520445 9.8573276475071889 11.880354596301915 4.3707012431696048 2.6887610139092493 16.412209557369351 14.275804109871386 4.1825608704239121 10.135429445654152 11.762030569720077
leaf_count=63 31 25 59 19 98 51 56 34 74 51 45 24 36 103
internal_value=0.00158548 0.00259 -0.000271143 -0.0102007 -0.0159268 0.00877245 0.00358693 -0.00300568 0.00258756 0.00778113 0.001323 0.00902329 0.0128253 0.013413
internal_weight=139.519 133.848 94.7703 24.2186 18.0059 39.0775 70.5517 27.9833 23.6126 42.5684 26.1562 18.6334 29.2202 14.4508
internal_count=769 738 588 142 117 150 446 294 260 152 101 201 99 177
is_linear=0
shrinkage=0.03


Tree=241
num_leaves=15
num_cat=0
split_feature=7 2 45 14 4 18 20 30 29 23 7 22 11 24
split_gain=2.4605 2.53983 3.11776 2.56677 2.59482 3.63334 3.07914 2.20255 2.26107 1.91446 2.32779 1.77365 1.76609 1.54663
threshold=-1.0997747182846067 -1.5322852730751035 1.0000000180025095e-35 0.65390467643737804 0.34786868095397955 -0.34180954098701471 -0.68904364109039296 -0.4958671480417251 0.41179884970188146 0.18229994177818301 -0.12467203661799429 -0.26813206076622004 0.68998661637306224 0.14588966220617297
decision_type=2 2 2 2 2 2 2 2 2 2 2 2 2 2
left_child=-1 -2 -3 4 6 -6 -4 -8 11 10 -7 -9 -5 -13
right_child=1 2 3 12 5 9 7 8 -10 -11 -12 13 -14 -15
leaf_value=0.013378607831996864 0.010021519776162226 0.01160026141329475 -0.0095944691841134133 -0.016876384134079998 -0.017856407472546958 -0.0065566031684913487 0.013491002730128208 -0.0068052882964186054 -0.0097604566989471699 -0.0094300416450801665 0.013491805516528075 0.013448573870211448 0.00064137605037915618 -0.0026429833215764311
leaf_weight=9.0674738483503443 15.149446189403532 9.6622135173529369 9.4356863722205073 12.378536816686394 10.823293570429088 4.5133257871493724 16.73842341359704 4.4141732379794112 7.6862566508352748 5.0719915013760319 9.048520836979149 13.429406483075605 6.8733589202165595 5.5702233663760117
leaf_count=31 49 34 92 57 63 63 75 31 36 27 31 105 25 32
internal_value=0.00145639 0.000167703 -0.00148497 -0.00314679 -0.000692989 -0.00726589 0.00299952 0.00615641 0.000887048 0.00136184 0.00685087 0.00548487 -0.0117794 0.00916315
internal_weight=139.862 130.795 115.645 105.983 86.7313 29.4571 57.2742 47.8385 31.1001 18.6338 13.5618 23.4138 19.2519 18.9996
internal_count=751 720 671 637 555 184 371 279 204 121 94 168 82 137
is_linear=0
shrinkage=0.03


Tree=242
num_leaves=15
num_cat=0
split_feature=7 48 8 59 70 3 18 25 8 10 18 25 8 14
split_gain=3.07921 2.85247 2.69062 2.71306 2.98905 2.26526 3.35124 2.43255 3.09783 2.10537 2.46065 1.60379 1.4351 4.36837
threshold=-1.0997747182846067 1.0000000180025095e-35 -1.0951771736145017 1.0000000180025095e-35 1.0000000180025095e-35 -0.44037659466266627 -0.042535994201898568 -0.62305282056331623 0.3962546586990357 0.75760418176651012 -0.75120386481285084 0.8574533760547639 -0.23160686343908307 0.41321270167827612
decision_type=2 2 2 2 2 2 2 2 2 2 2 2 2 2
left_child=-1 -2 -3 4 -4 6 7 -5 -9 10 -7 12 -12 -14
right_child=1 2 3 5 -6 9 -8 8 -10 -11 11 -13 13 -15
leaf_value=0.012772873554011977 -0.01620047905652075 -0.015698795782267995 -0.018722895255491281 0.012659410538600731 0.0029851038517369264 -0.0062078182160321344 -0.015493566273539145 -0.014179679540279429 0.0090881864216862153 -0.0068542028873350225 0.017814354700865561 -0.0021744138326895541 -0.0031656575032006844 0.015651075203855724
leaf_weight=9.3604239886626583 6.4054001485928884 4.6981081813573828 7.4007215518504355 7.6517873732373145 8.3947946708649397 7.6424119062721649 8.9215590693056566 6.9679558943025786 4.5958536718972027 7.4419370256364337 14.91866670548915 8.3147439043968898 20.144295628066189 16.475451692938805
leaf_count=34 49 47 51 22 45 41 49 165 20 39 47 35 110 50
internal_value=-0.000451541 -0.00184182 -0.000496419 0.000713851 -0.00924202 0.00259651 -0.00416521 0.00320749 -0.00498031 0.0052371 0.00695105 0.00898032 0.0108131 0.00616332
internal_weight=139.334 129.974 123.568 118.87 15.7955 103.075 28.1372 19.2156 11.5638 74.9375 67.4956 59.8532 51.5384 36.6197
internal_count=804 770 721 674 96 578 256 207 185 322 283 242 207 160
is_linear=0
shrinkage=0.03


Tree=243
num_leaves=15
num_cat=0
split_feature=0 17 28 27 12 0 1 27 14 9 2 20 1 31
split_gain=3.02913 2.52554 3.20047 4.05712 2.69522 3.25777 3.51005 2.59764 1.82155 1.81603 2.01222 1.74731 1.0961 0.783361
threshold=-1.7491278648376463 0.38037602603435522 -1.3177570104598997 -0.075719472020864473 0.9522099792957307 0.50710266828536998 -0.31078955531120295 -0.48687209188938135 0.15498968958854678 -0.93983313441276539 -0.80285295844078053 0.34922468662261968 -0.073962084949016557 1.0000000180025095e-35
decision_type=2 2 2 2 2 2 2 2 2 2 2 2 2 2
left_child=-1 2 -2 4 5 6 7 -4 -5 -8 -11 -6 -7 -3
right_child=1 13 3 8 11 12 9 -9 -10 10 -12 -13 -14 -15
leaf_value=-0.014210438622671467 -0.012779547054859937 0.015419972266506638 0.0081706708100311772 0.013926599416267459 0.012130949988097953 -0.0037564512204269016 0.0012523772951338443 -0.012457356305281244 -0.00040592083033398353 -0.0012665355633570794 -0.027227646236283022 -0.0037561354842721604 0.010595933170839731 0.0029462831170631886
leaf_weight=5.3953150727320454 9.2899078167974931 10.666847199201586 9.8236241554841381 23.420971046201885 10.709307555109264 4.6053778133355081 2.9604953154921523 3.7400122015969819 10.711461832746862 3.9117179568856946 9.6453477055765742 7.2313895300030699 7.1200962683651579 10.478333428502081
leaf_count=57 53 33 58 79 37 47 12 78 43 16 125 31 32 33
internal_value=0.00145058 0.00265345 0.000517194 0.00241266 -0.00233008 -0.00631305 -0.0110553 0.000659435 0.00995159 -0.018593 -0.0220965 0.00630434 0.00552102 0.0109843
internal_weight=129.71 124.315 103.17 93.8798 59.7474 41.8067 30.0812 13.5636 34.1324 16.5176 13.5571 17.9407 11.7255 21.1452
internal_count=734 677 611 558 436 368 289 136 122 153 141 68 79 66
is_linear=0
shrinkage=0.03


Tree=244
num_leaves=15
num_cat=0
split_feature=23 0 30 28 22 9 25 11 11 9 18 13 18 30
split_gain=2.05744 2.36201 2.41424 3.6372 2.92839 2.21775 2.07502 2.02102 1.92339 1.55978 1.83646 1.3815 2.58503 0.798965
threshold=-1.5180450677871702 -1.7491278648376463 1.0000000180025095e-35 1.1682708263397219 -0.7350405454635619 -0.41758091747760767 0.26525090634822851 0.10629746690392496 0.68998661637306224 0.4461438804864884 0.22575887292623523 -0.16739372164010999 -0.17293284088373181 -0.72018054127693165
decision_type=2 2 2 2 2 2 2 2 2 2 2 2 2 2
left_child=-1 8 3 4 13 11 7 -7 -2 10 -6 -4 -13 -3
right_child=1 2 5 -5 9 6 -8 -9 -10 -11 -12 12 -14 -15
leaf_value=-0.011109003405894649 -0.017829894290531941 0.0029816823566021378 0.012630148001176312 -0.010551943733247523 0.015937080056536303 -0.017758270291809916 0.0036051065040717343 -0.0003433409791165202 0.0037682657927917496 -0.00033323279289838934 0.00075703052459250421 0.0084570768265644931 -0.01077871532892437 -0.009443508292076172
leaf_weight=5.7835067808628073 4.0254686120897523 5.3643077444285154 7.7386781908571747 5.4088003141805521 39.894717922084965 10.064009817317134 10.981689237058161 10.29890775028616 3.8509606420993805 8.3019040338695032 9.1494127754122001 8.5759057216346264 6.7242686301469776 4.9235356370918435
leaf_count=32 49 29 23 55 244 55 46 39 12 47 42 32 32 38
internal_value=0.00161511 0.00253552 0.00364966 0.00703624 0.00907235 -0.00110833 -0.00591966 -0.0107544 -0.00990728 0.0115768 0.0134372 0.00532587 -0.000569457 -0.00410849
internal_weight=141.086 135.303 127.426 73.0427 67.6339 54.3835 31.3446 20.3629 7.87643 57.346 49.0441 23.0389 15.3002 10.2878
internal_count=775 743 682 455 400 227 140 94 61 333 286 87 64 67
is_linear=0
shrinkage=0.03


Tree=245
num_leaves=15
num_cat=0
split_feature=9 20 59 2 8 7 17 36 5 18 12 18 28 22
split_gain=2.33234 3.73934 3.09034 2.23295 2.08004 6.36672 2.55923 1.94782 2.28194 1.70863 1.53058 1.41983 1.31149 1.49029
threshold=0.3055375218391419 -0.089814480394124971 1.0000000180025095e-35 0.10893747303634883 -0.34424647688865656 0.05124854855239392 -0.18902878463268277 1.0000000180025095e-35 0.63468438386917125 0.20790963619947436 0.72221621870994579 1.2787212729454043 -0.46637761592864985 0.060591403394937522
decision_type=2 2 2 2 2 2 2 2 2 2 2 2 2 2
left_child=2 7 3 -1 12 6 -6 8 -2 10 -7 -11 -4 -14
right_child=1 -3 4 -5 5 9 -8 -9 -10 11 -12 -13 13 -15
leaf_value=0.0023284170729385516 -0.01261069051576735 -0.020082249091800952 0.00039081029191455574 -0.017636238328325643 -0.018566491844696106 0.015992877745704584 -0.00031398724748108971 0.010482312926653765 0.0074816469537403807 -0.0063785902946218971 0.00036882877898855197 0.0073696822827931793 0.0012577992554371985 0.017947867206091043
leaf_weight=7.4089566655457002 7.8796270075254196 6.7970339991152278 9.4887349698692578 6.0235222853953019 10.221695381449534 17.646637903526429 12.98800076544285 6.6150869159027925 4.2200862336903811 9.2983549386262911 7.8359733670949927 7.8257246837019911 7.4530688636004951 14.525580078363417
leaf_count=28 74 39 43 48 181 61 44 34 25 38 26 25 51 39
internal_value=0.000563814 -0.00683661 0.00249078 -0.00897981 0.00443613 0.00115758 -0.0102185 0.00119391 -0.00546439 0.007777 0.012037 0.00014998 0.0101945 0.0135702
internal_weight=136.228 25.5118 110.716 13.4325 97.2838 65.8164 23.2097 18.7148 12.0997 42.6067 25.4826 17.1241 31.4674 21.9786
internal_count=756 172 584 76 508 375 225 133 99 150 87 63 133 90
is_linear=0
shrinkage=0.03


Tree=246
num_leaves=15
num_cat=0
split_feature=19 19 11 16 20 5 9 18 9 10 2 7 11 9
split_gain=2.73118 4.2717 2.68775 2.8891 2.57178 2.52389 2.86605 2.24359 2.0281 1.93958 1.3169 1.21473 1.15363 2.62421
threshold=0.92270603775978099 1.3183666467666628 0.7444572150707246 0.75342202186584484 -0.68904364109039296 0.10828792676329614 -0.17654144018888471 0.7151019573211671 -0.779140144586563 -0.42929178476333613 -0.43813678622245783 1.0000000180025095e-35 0.06751593574881555 -0.27697455883026117
decision_type=2 2 2 2 2 2 2 2 2 2 2 2 2 2
left_child=2 -2 3 4 8 12 10 -5 -1 -10 -7 -4 13 -6
right_child=1 -3 11 7 5 6 -8 -9 9 -11 -12 -13 -14 -15
leaf_value=0.0063413709517721809 -0.020437100625805889 0.0015749559589317329 0.0017605173229572181 -0.018331828242644638 -0.0029292688553380903 0.0020167627048639537 0.0063606031648727936 0.0011551232045225498 0.0025921189106531757 -0.019498039013293274 -0.019363830805364888 0.015377084380355597 0.00034716370997422074 0.016814118764509361
leaf_weight=3.4775231145322314 9.1974702626466769 16.510821923613548 11.744143418967726 8.0087384283542651 6.3574881572276309 2.3824435137212268 8.2984628821723145 8.0504964748397452 3.6975237950682631 6.2879939265549174 4.4487784657394513 10.800555132329462 10.269272796809672 18.78368524892722
leaf_count=13 42 56 49 55 37 12 44 29 18 88 108 32 45 119
internal_value=-0.000469387 -0.00834552 0.00180007 -0.00092573 0.00209634 0.00519343 -0.00414759 -0.0106081 -0.00778797 -0.0131826 -0.0142061 0.00989101 0.0092039 0.0121638
internal_weight=128.315 25.7083 102.607 80.0624 64.0032 50.5401 15.1297 16.0592 13.463 9.98552 6.83122 22.5447 35.4104 25.1412
internal_count=747 98 649 568 484 365 164 84 119 106 120 81 201 156
is_linear=0
shrinkage=0.03


Tree=247
num_leaves=15
num_cat=0
split_feature=12 11 5 20 20 22 14 1 14 2 2 24 9 20
split_gain=3.38831 3.37281 2.60508 5.10762 3.48192 2.05222 2.31042 1.83552 1.54474 4.57928 3.25253 1.41274 1.33188 0.696477
threshold=1.0660492181777956 0.7444572150707246 0.81014987826347362 -0.84923359751701344 -0.68904364109039296 0.42406655848026281 0.41321270167827612 0.16286537796258929 0.28645075112581259 -0.62049487233161915 -0.43813678622245783 -0.56269074976444233 -0.55818727612495411 0.98998460173606884
decision_type=2 2 2 2 2 2 2 2 2 2 2 2 2 2
left_child=1 2 4 -4 7 6 -2 -1 10 -10 -6 -12 -13 -5
right_child=5 -3 3 13 8 -7 -8 -9 9 -11 11 12 -14 -15
leaf_value=-0.014871607077437113 -0.019767423160423188 0.014521255042876499 0.010107278130898891 -0.022084247079594825 -0.0030382485549235003 0.0034402917616728956 0.0014427415472669815 0.0030181544081713113 0.010903702725427641 -0.012819351795788518 0.0020013818073716812 0.0013491011675842207 0.019268324601301654 -0.0021145774143533583
leaf_weight=7.473534685559569 8.5629032924771327 18.10425316169858 5.1961062029004088 6.2910072532249597 12.577299972996114 8.0722771864384395 6.0435029789805403 6.3919855058193207 10.328869804739954 9.0293218828737718 9.402977079153052 5.2778305318206504 21.187337958486765 3.1684338785707951
leaf_count=73 52 58 29 80 52 26 21 33 30 43 37 31 185 14
internal_value=0.00207436 0.00420318 0.00164302 -0.00832189 0.00380815 -0.00748584 -0.0128616 -0.00801031 0.00660912 -0.000521606 0.00924071 0.0133913 0.016477 -0.0184396
internal_weight=137.108 114.429 96.3247 14.6555 81.6692 22.6787 14.6064 13.8655 67.8036 19.3582 48.4454 35.8681 26.4652 9.45944
internal_count=764 665 607 123 484 99 73 106 378 73 305 253 216 94
is_linear=0
shrinkage=0.03


Tree=248
num_leaves=15
num_cat=0
split_feature=0 17 5 29 14 5 10 11 6 6 14 6 4 4
split_gain=2.61539 2.50727 4.30307 2.32197 3.74238 3.4632 4.22855 3.009 2.3599 1.89077 1.88842 1.80514 1.69052 1.51374
threshold=-1.7491278648376463 -0.38846583664417261 -0.54970765113830555 -1.2562471628189085 -0.12352122738957404 -1.2077032327651975 -1.4183717370033262 1.4452074170112612 -0.35292506217956537 1.4942932128906252 0.76839035749435436 -0.7223687171936034 -0.64374265074729908 -0.89164549112319935
decision_type=2 2 2 2 2 2 2 2 2 2 2 2 2 2
left_child=-1 2 -2 -3 5 -5 -7 9 10 12 -6 -4 13 -8
right_child=1 3 11 4 8 6 7 -9 -10 -11 -12 -13 -14 -15
leaf_value=-0.012299254787400606 0.0098005943042813286 0.013169326719372695 0.0020108620949129156 0.0092899260496784389 -0.0098102223657070935 0.009792292270387911 -0.011832721145083554 0.0048399712983275955 0.010231201609288908 0.002532083703483878 0.0064156201692775498 -0.020581323653523997 -0.024899202435342039 0.0075667959916454327
leaf_weight=7.1153897953918195 5.2386468611657646 15.54911947250366 3.1034052399918446 7.4366119108162776 8.6588530205190199 4.7011719718575469 1.8368047847179694 4.1580523028969756 39.017778882756829 2.444234787602908 7.5918923318386069 8.2309513418003881 13.765333510353239 2.8853541930439013
leaf_count=59 29 47 16 26 38 13 45 14 131 13 26 89 175 30
internal_value=0.00108469 0.00229384 -0.007216 0.0040072 0.0018706 -0.00508594 -0.00949391 -0.0141343 0.00658956 -0.01811 -0.00250399 -0.0156734 -0.0207972 -0.00218379
internal_weight=131.734 124.618 16.573 108.045 92.4961 37.2276 29.791 25.0898 55.2685 20.9317 16.2507 11.3344 18.4875 4.72216
internal_count=751 692 134 558 511 316 290 277 195 263 64 105 250 75
is_linear=0
shrinkage=0.03


Tree=249
num_leaves=15
num_cat=0
split_feature=31 19 17 27 17 18 27 30 3 28 16 8 32 17
split_gain=2.40032 3.66869 2.48428 2.02692 2.83838 2.5022 2.43926 1.53625 2.18084 2.02079 1.84531 2.3681 1.16419 0.216098
threshold=1.1107677668333056 -0.82727140188217152 0.38037602603435522 0.12697431445121768 -0.066734112799167619 -0.97817927598953236 0.81238943338394176 -0.16361115127801892 0.45212295651435858 1.1342156529426577 -0.3101827055215835 0.3962546586990357 1.0000000180025095e-35 -0.1269067972898483
decision_type=2 2 2 2 2 2 2 2 2 2 2 2 2 2
left_child=2 -2 3 4 5 -1 -5 9 -9 10 -7 13 -3 -12
right_child=1 12 -4 6 -6 7 -8 8 -10 -11 11 -13 -14 -15
leaf_value=-0.0087027752381337743 0.0062590322402040332 -0.019751251242500014 0.011287770735357907 -0.015256018629521827 -0.0085372626688019794 0.010810402086717916 0.0042962812163873489 0.016446453163455332 -0.00024776648434339147 -0.010608804602578219 -0.015005451439599702 0.0084483622186438661 -0.0029354615051168575 0.0001828591185296983
leaf_weight=5.947179911658167 9.2478792127221841 8.0410465402528644 18.894761398434639 9.1779925376176816 12.15327378362417 14.293025504797695 6.6992535106837741 19.049931829795248 9.7515464257448894 4.4355959938839069 3.6985887896735203 3.5970326452516019 8.040209487080574 0.80159819871187554
leaf_count=55 42 59 60 48 50 48 25 67 37 51 166 12 41 4
internal_value=0.000711687 -0.00681451 0.00269147 0.000378017 0.00256325 0.00523084 -0.00795299 0.00731538 0.0115936 0.00162228 0.00553959 -0.00433943 -0.0140341 -0.0136277
internal_weight=133.829 25.3291 108.5 89.605 73.7278 61.5745 15.8772 55.6273 28.8015 26.8258 22.3902 8.09722 16.0813 4.50019
internal_count=765 142 623 563 490 440 73 385 104 281 230 182 100 170
is_linear=0
shrinkage=0.03


Tree=250
num_leaves=15
num_cat=0
split_feature=12 3 24 5 8 8 30 12 8 22 18 30 30 4
split_gain=3.56633 3.51272 2.35921 3.48457 3.09222 2.92082 2.58036 2.79866 3.45608 2.2417 2.43486 1.58014 1.23225 1.18155
threshold=2.035321950912476 -0.86358290910720814 -0.20840055495500562 -0.59357401728630055 0.7279157042503358 0.3357630074024201 -0.31242194771766657 0.31041885912418371 -0.14817012101411817 0.25938908755779272 0.86418411135673534 -0.044981602579355233 -0.7494315207004546 -0.49500095844268793
decision_type=2 2 2 2 2 2 2 2 2 2 2 2 2 2
left_child=1 13 3 5 11 -3 12 8 9 10 -8 -5 -4 -1
right_child=-2 2 6 4 -6 -7 7 -9 -10 -11 -12 -13 -14 -15
leaf_value=-0.00043757693914164088 -0.016231313505500861 -0.019861127439453334 0.0026361383460393401 -0.00074732861798052299 -0.0087518297926931568 0.0027489534297401997 -0.014263617301846715 0.0092132086576523393 -0.017013100698548549 0.013709607771227518 0.0095501181935347939 0.013680233737783104 0.01578828130764609 -0.017161938029415506
leaf_weight=6.4723231793614104 5.1681401506066313 7.87482808716595 11.229657069779931 9.4488175353035313 7.8971539139747611 6.7728605419397354 4.5651347690727526 15.280559845268725 7.62704265583307 5.1853876283857971 2.1064461320638657 15.744152715429665 23.79984686570242 5.2461238944670168
leaf_count=62 26 42 70 45 32 22 118 52 49 25 5 55 95 64
internal_value=0.000942782 0.00220844 0.00389569 -0.001199 0.00420353 -0.0113675 0.00722757 0.00108377 -0.00587132 0.00421616 -0.00587461 0.0090414 0.0124279 -0.0108182
internal_weight=134.418 129.25 117.532 47.7378 33.0901 14.6477 69.7941 34.7646 19.484 11.857 6.67158 25.193 35.0295 11.7184
internal_count=762 736 610 196 132 64 414 249 197 148 123 100 165 126
is_linear=0
shrinkage=0.03


Tree=251
num_leaves=15
num_cat=0
split_feature=13 0 13 10 7 29 22 20 4 7 16 12 13 12
split_gain=2.42027 2.19603 2.1156 2.50968 2.51055 2.54797 1.92925 1.75853 4.17084 4.03967 2.14312 2.46207 2.36814 1.32851
threshold=-1.6340597867965696 -1.7491278648376463 -0.25385545939207071 -1.4183717370033262 0.96100929379463207 -0.99561497569084156 -1.1503549814224241 -0.38646256923675532 0.69493263959884655 0.65440484881401073 0.75342202186584484 1.4329048395156863 1.0826371908187868 0.029699409846216444
decision_type=2 2 2 2 2 2 2 2 2 2 2 2 2 2
left_child=-1 -2 -3 -4 5 -5 -7 8 -8 10 11 12 13 -9
right_child=1 2 3 4 -6 6 7 9 -10 -11 -12 -13 -14 -15
leaf_value=-0.010799807696180731 -0.0098121605106336971 0.011722372945069167 0.013167746494825392 0.0068547345531236375 0.0099401586853451671 0.0064412865077272691 -0.023663321086267876 0.00047976063654022643 0.0050943742332896086 -0.020800850405616845 -0.010772200893913352 -0.010460259679579002 -0.007472002419298459 0.015224352231754744
leaf_weight=8.0354094225913268 6.8090683134505516 19.877773405984044 10.117416620254515 16.779203008860343 13.647137898951767 7.4254236429696823 8.4526805235072882 7.9350409456529034 4.5822283029556266 4.3474415838718405 5.7598158288747063 3.7574462275952092 3.9930563792586318 15.768133412115274
leaf_count=43 57 66 30 60 50 38 96 161 23 23 25 19 18 56
internal_value=0.00163362 0.00278002 0.00383776 0.00183581 -1.63533e-05 -0.00223088 -0.00501691 -0.00698497 -0.0149443 -0.00315191 0.00112947 0.0044875 0.0078049 0.0112318
internal_weight=137.287 129.252 122.443 102.565 92.4476 78.8005 62.0213 54.5958 13.0349 41.5609 37.2135 31.4537 27.6962 23.7032
internal_count=765 722 665 599 569 519 459 421 119 302 279 254 235 217
is_linear=0
shrinkage=0.03


Tree=252
num_leaves=15
num_cat=0
split_feature=7 10 9 26 31 11 65 25 2 20 9 29 29 12
split_gain=3.62612 2.36498 3.76094 2.90988 4.24384 2.83324 2.57669 2.52122 3.39664 2.0215 1.81201 1.60479 2.17048 1.07523
threshold=-1.1588338017463682 -0.62710776925086964 0.92822283506393444 1.6281169056892397 1.0000000180025095e-35 -0.096637118607759462 1.0000000180025095e-35 -0.32695157825946802 -0.25577870011329645 -0.44579219818115229 -0.19662806391716001 -1.5168793201446531 0.51605173945426952 0.77650547027587902
decision_type=2 2 2 2 2 2 2 2 2 2 2 2 2 2
left_child=-1 7 3 4 5 11 9 -2 -9 -6 -7 -3 -13 -4
right_child=1 2 13 -5 6 10 -8 8 -10 -11 -12 12 -14 -15
leaf_value=0.016480804159334506 0.010333392990292688 0.0049797978703587575 0.00012601113850364267 0.0055395641930233164 -0.003029485560521608 0.012121068745192238 0.0014761887619807069 0.0071255967101522483 -0.014358671233020308 -0.024662188330163946 -0.0033265654877948541 -0.020954546210594178 0.0031658855610821944 0.015028213339669286
leaf_weight=6.7874825568869701 23.179225623607635 2.3233727104961845 7.5276542785577458 11.656766951084135 6.6397899612784448 10.373478997498752 5.2625946141779414 9.4862689841538685 7.5745764952152959 16.502235192223452 9.2302897088229674 6.2307019439758733 3.1290108263492584 5.6336776800453663
leaf_count=20 74 11 62 42 54 31 22 30 49 120 46 171 12 17
internal_value=0.000565768 -0.000901882 -0.00369653 -0.00644755 -0.00903566 -0.000940418 -0.0164769 0.00472714 -0.00350535 -0.0200964 0.00564974 -0.0103776 -0.0145963 0.00888612
internal_weight=131.537 124.75 84.5096 71.3482 59.6915 31.2869 28.4046 40.2401 17.0608 23.142 19.6038 11.6831 9.35971 13.1613
internal_count=761 741 588 509 467 271 196 153 79 174 77 194 183 79
is_linear=0
shrinkage=0.03


Tree=253
num_leaves=15
num_cat=0
split_feature=19 19 58 17 4 24 9 52 28 9 3 23 7 24
split_gain=2.40707 3.54566 2.48902 2.39666 3.13453 3.16212 2.70337 2.73946 1.88285 1.85711 1.48656 1.37448 1.31208 0.799803
threshold=0.92270603775978099 1.298035264015198 1.0000000180025095e-35 0.30867289006710058 -0.49500095844268793 -0.91698095202445973 -0.91974651813507069 1.0000000180025095e-35 -0.9431500732898711 0.084584664553403868 -0.44037659466266627 -0.9512633979320525 -0.039224894717335694 -0.20840055495500562
decision_type=2 2 2 2 2 2 2 2 2 2 2 2 2 2
left_child=2 -2 3 4 8 -6 -7 -8 -1 11 -4 -9 -11 -10
right_child=1 -3 10 -5 5 6 7 9 13 12 -12 -13 -14 -15
leaf_value=-0.0036332205074075022 -0.018774954723333362 0.0013561822235922242 0.0016972198933233095 0.013407075644288405 0.0097386337476016906 0.0073580121558333988 0.0054290634665852102 -0.00068356370976573315 0.0011520126928270885 -0.010531756485788808 -0.014162916043139826 -0.022547714271924122 0.0045441001050212249 0.015861199485071149
leaf_weight=5.7585561517626074 8.8339188769459742 16.849686056375504 7.6450049077393487 14.446756459772585 9.0325046032667142 6.3096288591623226 5.6927453845273694 3.4217595886439005 5.0456255879253211 4.4757454679347575 7.3944383076159266 12.222580711124481 7.1218049935996515 13.893409225973295
leaf_count=40 40 57 53 45 28 25 29 22 24 48 44 152 33 102
internal_value=-9.14281e-05 -0.00749909 0.00202796 0.00402512 0.00142716 -0.0030196 -0.00672476 -0.010037 0.00916427 -0.0136096 -0.00768884 -0.0190893 -0.00269398 0.0130016
internal_weight=128.144 25.6836 102.461 87.4211 72.9744 48.2768 39.2443 32.9346 24.6976 27.2419 15.0394 15.6443 11.5976 18.939
internal_count=742 97 645 548 503 337 309 284 166 255 97 174 81 126
is_linear=0
shrinkage=0.03


Tree=254
num_leaves=15
num_cat=0
split_feature=30 13 12 15 20 29 21 5 10 2 29 30 4 28
split_gain=2.83759 2.06651 2.69531 3.2615 5.85563 3.33635 2.88693 2.39793 2.16151 1.47438 2.47015 2.33615 2.15564 0.413889
threshold=2.1684495210647587 1.9486086368560793 1.6023054718971255 1.0000000180025095e-35 -0.46952404081821436 -2.0381436347961421 1.0793160796165469 -0.1549102962017059 -0.42929178476333613 -1.0000000180025095e-35 0.25541954487562185 -0.16361115127801892 0.99241602420806896 -0.60259833931922901
decision_type=2 2 2 2 2 2 2 2 2 2 2 2 2 2
left_child=1 2 3 4 5 -1 9 -5 -7 13 11 12 -11 -6
right_child=-2 -3 -4 7 6 8 -8 -9 -10 10 -12 -13 -14 -15
leaf_value=0.0072457306867557084 0.011422251580154041 0.0091028197206762182 -0.014737381800969935 -0.019908715390345139 0.018195244623281249 -0.001221168202885835 -0.0096468396464328386 0.0011239601119251736 -0.02197463414773768 -0.019705377952641094 0.011118570664323061 0.0057874335155392214 0.0043499209392985454 0.0074207272794539984
leaf_weight=4.5906713530421284 13.457523789256809 10.598279675468801 9.3184716776013357 7.2927523106336594 8.3049468807876128 7.3598452452570244 4.8664951585233203 7.2498485110700113 9.9527584686875237 5.2585317961638713 10.418441817164419 7.0255543510429801 2.7198695631232113 23.010125298053019
leaf_count=16 43 36 49 34 23 40 22 32 118 159 34 38 26 89
internal_value=0.000468191 -0.00119507 -0.00257139 -0.000756192 0.00172911 -0.0101915 0.00641437 -0.0118185 -0.0154027 0.00846168 0.00238182 -0.00494754 -0.0129883 0.01239
internal_weight=131.424 117.967 107.368 98.0498 83.5072 21.9033 61.604 14.5426 17.3126 56.7375 25.4224 15.004 7.9784 31.3151
internal_count=759 716 680 631 565 174 391 66 158 369 257 223 185 112
is_linear=0
shrinkage=0.03


Tree=255
num_leaves=15
num_cat=0
split_feature=15 27 27 0 19 30 0 1 27 25 8 4 24 20
split_gain=2.39997 4.04679 4.47543 4.68755 3.23389 2.84534 1.85663 3.35839 2.47954 1.81356 1.74364 1.6533 1.0614 1.05667
threshold=0.53678245842456829 -0.075719472020864473 -0.22385905683040616 1.0938091874122622 -0.1943819001317024 -0.4158762246370315 0.11180475258152002 -0.19237581640481946 0.27470113337039953 -0.32695157825946802 0.87810188531875621 -0.39583982527256006 1.0000000180025095e-35 0.43228615820407873
decision_type=2 2 2 2 2 2 2 2 2 2 2 2 2 2
left_child=1 2 3 4 -1 12 8 9 -3 -8 11 13 -6 -7
right_child=-2 6 -4 -5 5 10 7 -9 -10 -11 -12 -13 -14 -15
leaf_value=-0.015662316845052187 -0.0099862948593230066 0.02038837508458587 -0.016802773152306466 0.013957925524664442 -0.016336142568156232 -0.011238668424346024 0.014491836130438812 -0.0077139985857115848 0.0010948674261278149 -0.0013381442642353284 -0.0065380719056164667 0.012956780444520543 -9.6974700657513749e-05 0.0058148184472090261
leaf_weight=9.3370495727285654 10.504561591893433 13.283519418910148 10.354145147837697 13.846702327951787 3.8492690939456136 1.9356932836817535 13.707454439252613 12.552711788564919 9.8074471121653897 8.7910370491445082 4.0270807705819598 17.132087733887627 6.2345879720523953 1.9354654699563978
leaf_count=81 44 36 63 56 31 63 43 59 44 47 19 130 58 5
internal_value=0.00123955 0.00251315 -0.00237622 0.00131092 -0.00364162 0.00110856 0.00801735 0.00292749 0.0138473 0.00918781 0.00633098 0.00958115 -0.00965618 -0.00424065
internal_weight=137.299 126.794 68.6521 58.2979 44.4512 35.1142 58.1422 35.0512 23.091 22.4985 25.0303 21.0032 10.0839 3.87116
internal_count=779 735 506 443 387 306 229 149 80 90 217 198 89 68
is_linear=0
shrinkage=0.03


Tree=256
num_leaves=15
num_cat=0
split_feature=25 15 9 25 6 9 14 30 18 23 4 6 16 3
split_gain=2.5446 4.75357 2.92213 4.39296 2.82296 4.62882 2.76473 2.75558 2.59498 2.52124 1.77404 1.22248 1.15379 1.02319
threshold=-0.62305282056331623 1.0000000180025095e-35 -0.21671468764543531 0.26525090634822851 -0.7223687171936034 0.044411420822143562 0.65390467643737804 -0.38967770338058466 0.17713944613933566 0.37122716009616857 0.29828810691833502 0.23818477243185046 -0.14154464006423947 -1.0000000180025095e-35
decision_type=2 2 2 2 2 2 2 2 2 2 2 2 2 2
left_child=6 2 8 9 -5 -6 7 -1 10 -4 12 -7 -2 -9
right_child=1 -3 3 4 5 11 -8 13 -10 -11 -12 -13 -14 -15
leaf_value=0.0093226582344403449 0.019885404819617258 -0.019055414198627104 -0.022004102670016099 0.012985732454298177 -0.019139522713082637 -0.003810133076910307 0.013971336980396269 0.0007034379881725374 -0.0059360013274698444 0.0012163002744462555 0.0002253723244615327 0.011291402898877641 0.0034427998174855557 -0.012119994171388756
leaf_weight=11.386597346514465 10.087901286780836 7.8048761961981645 9.4349234015680832 9.0924489386379737 5.6415699562057879 4.5929911499842984 18.024443574249744 8.7256926260888612 8.7746656816452724 5.2339525446295729 11.530719578266142 7.7760440679267049 8.5189414266496915 8.4104056283831561
leaf_count=43 28 46 206 34 48 42 53 30 43 26 50 35 52 37
internal_value=0.000913722 -0.002071 0.000588047 -0.00466401 0.00271112 -0.0041705 0.00623837 -3.34752e-06 0.00611518 -0.0155159 0.00996932 0.0062012 0.014681 -0.00690631
internal_weight=135.036 88.489 80.6842 41.7719 27.1031 18.0106 46.5471 28.5227 38.9122 14.6689 30.1376 12.369 18.6068 17.1361
internal_count=773 610 564 391 159 125 163 110 173 232 130 77 80 67
is_linear=0
shrinkage=0.03


Tree=257
num_leaves=15
num_cat=0
split_feature=18 27 10 5 11 18 18 18 2 14 27 26 9 6
split_gain=2.74083 1.89254 2.46068 3.05985 2.73421 3.56928 2.59611 2.57078 2.4952 1.93242 1.7203 2.31326 1.57345 0.843825
threshold=-0.95302742719650257 -0.71381393074989308 -1.4183717370033262 -0.72517311573028553 1.085252642631531 -0.014875427354127167 -0.21775482594966886 1.1259445548057558 0.10893747303634883 0.41321270167827612 0.034995267167687423 1.3773522377014162 -0.035935074090957635 -0.57459124922752369
decision_type=2 2 2 2 2 2 2 2 2 2 2 2 2 2
left_child=-1 9 -3 10 5 6 12 -7 -8 13 -4 -12 -5 -2
right_child=1 2 3 4 -6 7 8 -9 -10 -11 11 -13 -14 -15
leaf_value=-0.011674228278554844 -0.0010437225369957683 0.014442079708927757 0.013238596322361152 -0.011624608439324191 0.0070434354702074075 -0.021557669078316296 0.016364182062101881 -0.00042978081889998975 -0.0052567546681377419 0.0046537817739865893 -0.007867949104027102 0.0092769167806028962 0.0042085825340604692 -0.018650856657042022
leaf_weight=10.60980650782585 4.1669040126726022 9.8852766416966897 17.573928753146895 10.372796885669233 14.773071765899656 11.09212603885682 8.0446565445745346 7.9514106260612598 4.5667741941288105 5.2575656361877909 9.4246271289885062 8.9401277080178243 5.6743980348110155 4.3681096783839157
leaf_count=85 23 28 83 56 51 71 35 36 159 19 41 26 29 43
internal_value=0.000196478 0.00164675 0.00305247 0.00126548 -0.00272409 -0.00613027 0.000873366 -0.0146599 0.00926529 -0.00726641 0.00768653 0.000677481 -0.00635613 -0.0136159
internal_weight=132.702 122.092 108.299 98.4139 62.4752 47.7022 28.6586 19.0435 12.6114 13.7926 35.9387 18.3648 16.0472 8.53501
internal_count=785 700 615 587 437 386 279 107 194 85 150 67 85 66
is_linear=0
shrinkage=0.03


Tree=258
num_leaves=15
num_cat=0
split_feature=14 2 16 18 6 4 2 18 12 9 25 7 19 18
split_gain=3.15889 3.64978 3.30196 3.07023 2.99219 4.71805 3.0853 2.84886 2.80182 2.11647 2.21959 1.13101 1.05152 0.931785
threshold=-0.12352122738957404 -0.80285295844078053 0.75342202186584484 0.38366149365901953 -0.7223687171936034 0.14954640716314319 -1.0000000180025095e-35 -0.20476790517568585 -0.62650221586227406 -0.2368013113737106 0.56135213375091564 0.4106291681528092 0.69181817770004284 -0.3713094294071197
decision_type=2 2 2 2 2 2 2 2 2 2 2 2 2 2
left_child=2 -2 4 7 13 6 -6 9 -7 -3 -11 -5 -8 -1
right_child=1 3 -4 11 5 8 12 -9 -10 10 -12 -13 -14 -15
leaf_value=0.01331161080922898 0.014857078111411536 0.0080826768450588948 -0.01751429077104695 0.00062127449394806626 -0.012877427597751576 0.0043676975480259643 0.011040385635350756 -0.016426273922619417 -0.023029336426372501 -0.014128814768156351 0.0050126429391209757 0.014315671939959038 -0.0037569553627063317 0.00062041950894112306
leaf_weight=8.3669895846396702 18.93982932716608 12.906638136133553 7.8246745327487579 9.4086151998490113 3.5471334110479793 2.5671260319650164 15.121593898220459 7.4513941351324311 9.2062053092522529 7.3832853771746141 6.2303207516670227 9.5629816874861699 2.8413485735654822 9.3699409291148168
leaf_count=27 63 47 50 35 30 14 180 37 119 44 26 26 14 49
internal_value=0.00107123 0.00513302 -0.00390393 0.000672496 -0.000439689 -0.00552415 0.00311676 -0.00457933 -0.0175343 0.000826961 -0.00637531 0.00907034 0.00839137 0.00821798
internal_weight=130.728 71.8831 58.845 52.9432 51.0203 33.2834 21.5101 33.9716 11.7733 26.5202 13.6136 18.9716 17.9629 17.7369
internal_count=761 278 483 215 433 357 224 154 133 117 70 61 194 76
is_linear=0
shrinkage=0.03


Tree=259
num_leaves=15
num_cat=0
split_feature=12 18 3 10 17 5 17 31 30 30 18 10 2 1
split_gain=2.05002 2.15367 2.07115 3.45571 2.22192 2.7421 2.20077 1.85012 3.73432 3.40924 2.9314 2.85976 2.57434 1.45896
threshold=2.1076523065567021 -0.97817927598953236 -0.64624956250190724 -0.62710776925086964 -0.38846583664417261 -0.06717756018042563 -0.44174310564994806 -1.0000000180025095e-35 0.8362492322921754 -0.16361115127801892 0.73227411508560192 -0.23147577792406079 -0.43813678622245783 -0.19237581640481946
decision_type=2 2 2 2 2 2 2 2 2 2 2 2 2 2
left_child=1 -1 3 -3 5 -4 -5 9 10 11 12 -6 -9 -13
right_child=-2 2 4 6 7 -7 -8 8 -10 -11 -12 13 -14 -15
leaf_value=-0.010081929419056808 -0.012168488256127385 0.0076618743199859257 0.0059881993057277353 0.0049162531589651498 -0.010699463969431 -0.016367974400371205 -0.019680973272822835 0.0081745286314448429 -0.01267299726636132 0.016336886974434424 0.014130508835787096 -0.0032108277333414547 -0.0083222126230300605 0.013327215679659422
leaf_weight=8.6750368331558985 6.0229474529623976 6.5727720111608532 5.6784628368914127 2.1136494278907785 7.59904187824577 5.4131778962910158 8.0549595194170216 10.257168509066103 8.4752197824418527 24.071357786655422 14.406001403927801 5.01482799777295 14.384918552706958 8.1992632533656451
leaf_count=73 28 25 32 9 36 44 140 36 36 81 41 59 85 47
internal_value=0.000278208 0.00129234 0.0024827 -0.00613083 0.00409429 -0.00661821 -0.014633 0.00565382 0.00127258 0.00970013 0.00539436 0.000346744 -0.00123491 0.00789244
internal_weight=134.939 128.916 120.241 16.7414 103.499 11.0916 10.1686 92.4078 47.5233 44.8845 39.0481 20.8131 24.6421 13.2141
internal_count=772 744 671 174 497 76 149 421 198 223 162 142 121 106
is_linear=0
shrinkage=0.03


Tree=260
num_leaves=14
num_cat=0
split_feature=14 14 22 63 31 30 0 14 1 11 4 28 9
split_gain=3.26723 3.81834 2.57646 3.6775 2.51142 2.27722 2.78664 1.69864 1.66959 1.8098 1.13787 1.07214 0.861154
threshold=-0.12352122738957404 -0.42578347027301783 -1.0199469923973081 1.0000000180025095e-35 1.1107677668333056 -0.46896682679653162 0.11180475258152002 -0.7562313675880431 -0.19237581640481946 0.18141876906156543 0.59577149152755748 -0.97720524668693531 -0.17654144018888471
decision_type=2 2 2 2 2 2 2 2 2 2 2 2 2
left_child=1 5 -3 -4 8 6 -1 -7 12 -10 -8 -6 -2
right_child=4 2 3 -5 11 7 10 -9 9 -11 -12 -13 -14
leaf_value=0.016306126106945391 0.016220774769344914 0.0062128629208400964 -0.024510970388488301 0.00073044569380837688 -0.0091597989515236865 -0.013328646159168213 -0.0086979184386178406 0.0018256296507526361 -0.0049113606222169958 0.0087083589739720101 0.0053672067909945973 0.0032206629154924948 0.0034207494741721493
leaf_weight=10.197209466248752 18.61209982261062 2.8923207828775075 10.722595783649014 7.337053943774662 8.6442836504429597 6.5361258834600475 5.9496598336845619 13.335187523625789 12.764992334879937 12.815289728343485 5.2551292609423399 8.0892350394278747 9.9875703360885364
leaf_count=41 64 17 216 49 34 48 45 58 54 43 20 35 39
internal_value=0.00129823 -0.00357021 -0.0126129 -0.0163213 0.00552397 0.00188709 0.00786341 -0.0048364 0.00848542 0.00222011 -0.00248062 -0.00381084 0.012925
internal_weight=133.139 62.2253 20.952 18.0596 70.9135 41.2733 21.402 19.8713 54.18 25.5803 11.2048 16.7335 28.5997
internal_count=763 494 282 265 269 212 106 106 200 97 65 69 103
is_linear=0
shrinkage=0.03


Tree=261
num_leaves=15
num_cat=0
split_feature=5 28 7 29 17 27 29 17 21 14 5 9 24 5
split_gain=1.74608 2.86141 3.64303 3.42102 2.73672 3.36953 2.27547 1.69265 1.49625 2.25891 0.947662 1.11831 0.791495 0.762107
threshold=-1.2954359650611875 0.55527767539024364 0.34528724849224096 -1.7253850698471067 -0.26962263882160181 0.34611462056636816 0.62030461430549633 -0.35375253856182093 0.06867123302072288 -1.1206710338592527 -0.37424215674400324 -0.41758091747760767 1.0000000180025095e-35 -0.06717756018042563
decision_type=2 2 2 2 2 2 2 2 2 2 2 2 2 2
left_child=-1 2 3 -2 -4 -6 8 13 9 -5 12 -12 -9 -3
right_child=1 7 4 6 5 -7 -8 10 -10 -11 11 -13 -14 -15
leaf_value=0.0090574537534368841 0.0074163992479852059 0.0028604382368062732 0.01312846605775252 0.0031753447655204097 -0.013558711206137121 0.0081667217541008131 -0.00018049119125079292 -0.004921361559651314 -0.0007121715196831388 -0.021221845680051681 0.00057954146759168091 0.015374614366699992 0.006396829192734918 -0.010093673122256206
leaf_weight=15.977072915993629 6.7482268102467051 4.4899759190157056 11.49000225774944 2.5651159249246112 8.1757388412952441 7.9361754879355422 11.640356361865996 5.9496535062789899 5.536758689209818 20.661901376501199 6.5796483457088462 14.176291298121216 6.4554943707771599 3.7309435196220857
leaf_count=53 22 35 37 13 37 30 47 29 24 276 30 61 31 33
internal_value=0.00109025 -0.00033443 -0.00376733 -0.00851254 0.00440123 -0.00345776 -0.0116967 0.00560452 -0.0156403 -0.0184423 0.00840989 0.0117076 0.00111413 -0.00461252
internal_weight=132.113 116.136 74.7543 47.1524 27.6019 16.1119 40.4041 41.382 28.7638 23.227 33.1611 20.7559 12.4051 8.22092
internal_count=758 705 486 382 104 67 360 219 313 289 151 91 60 68
is_linear=0
shrinkage=0.03


Tree=262
num_leaves=15
num_cat=0
split_feature=25 21 25 12 20 6 7 7 1 27 14 7 27 16
split_gain=2.09106 2.28899 2.70437 3.11123 4.0589 3.76884 2.76857 2.32552 2.20823 2.02787 1.70324 1.56729 1.37276 1.02284
threshold=-1.2152553200721739 1.0000000180025095e-35 0.26525090634822851 1.1920118331909182 -0.2796692550182342 -1.0179236233234403 0.65440484881401073 -0.011580232530832289 -0.54761700332164753 -0.043699009343981736 -0.12352122738957404 1.7011323571205141 -0.46865826845169062 -0.56938186287879933
decision_type=2 2 2 2 2 2 2 2 2 2 2 2 2 2
left_child=-1 2 3 4 12 -6 7 8 -4 -3 -10 13 -2 -7
right_child=1 9 6 -5 5 11 -8 -9 10 -11 -12 -13 -14 -15
leaf_value=0.01003580583507117 0.0004849825612277307 -0.00066007623213820037 -0.010639564203283196 -0.01968709150921966 -0.013008146460746564 -0.0020103934568352099 -0.010358543373515819 0.015139506147465247 0.01090168733997854 0.015586185148336658 -0.0050008549276723234 -0.0051797918783286628 -0.01914729375751812 0.013252877499685168
leaf_weight=18.932343319058418 3.9698600713163614 12.424654114991428 5.8962456574663511 7.3108176812529555 4.9291471531614652 3.2850542254745987 5.9915540833026162 12.328146935440598 12.049471161793919 9.5663569681346399 5.7782746423035887 3.4962986558675757 7.6471623810939473 19.288527714030359
leaf_count=64 30 56 57 45 26 14 31 49 68 30 28 16 64 198
internal_value=0.00197345 0.000268544 -0.00189321 -0.00633761 -0.0022207 0.00366865 0.00349716 0.00678103 0.000558283 0.00798534 0.00578101 0.00840774 -0.0143112 0.0110699
internal_weight=132.894 113.962 91.9706 49.9269 42.6161 30.999 42.0437 36.0521 23.724 21.991 17.8277 26.0699 11.617 22.5736
internal_count=776 712 626 393 348 254 233 202 153 86 96 228 94 212
is_linear=0
shrinkage=0.03


Tree=263
num_leaves=15
num_cat=0
split_feature=13 15 27 4 9 17 20 24 52 28 6 13 2 6
split_gain=2.14301 2.79815 4.53156 3.50729 2.47909 2.42917 2.8973 1.79465 2.50513 1.90832 1.85395 1.78634 1.44726 1.0641
threshold=1.9486086368560793 -0.1107279136776924 0.71932750940322887 -0.49500095844268793 -0.779140144586563 0.39207018911838537 -0.93229505419731129 -1.4484162926673887 1.0000000180025095e-35 -0.84098455309867848 -0.87014618515968312 -0.78674089908599842 0.10893747303634883 1.4942932128906252
decision_type=2 2 2 2 2 2 2 2 2 2 2 2 2 2
left_child=1 3 -3 11 -5 6 -6 -8 -9 -10 -11 -1 -13 -12
right_child=-2 2 -4 4 5 -7 7 8 9 10 13 12 -14 -15
leaf_value=-0.0046542979144961211 0.01003030027541083 -0.02246300795670305 0.001580920155995849 0.0066222663725134601 0.0062382855432401695 0.0074621724579490159 0.0038249584541938421 0.0015471995124640141 0.0018718005646908189 -0.0015884177612051067 -0.025778114045431819 0.017129680199510347 0.002126334902197794 -0.002121668016375641
leaf_weight=4.6422651857137707 11.080041751265524 8.4944823738187569 13.512746732681988 13.895130896940826 6.7717137429863206 6.2944137156009665 3.9298237077891747 7.0211417684331527 3.2776122093200639 5.0643638623878351 15.664034150308018 12.68476658430882 10.991245973797048 2.904293206636793
leaf_count=26 36 52 48 53 47 20 13 36 13 31 197 44 129 19
internal_value=-0.000265607 -0.00163251 -0.0101402 0.00079189 -0.00306982 -0.00606985 -0.00853771 -0.0115999 -0.0136482 -0.017234 -0.0197479 0.00876573 0.0117498 -0.0233131
internal_weight=126.228 115.148 22.0072 93.1408 64.8225 50.9274 44.633 37.8613 33.9314 26.9103 23.6327 28.3183 23.676 18.5683
internal_count=764 728 100 628 429 376 356 309 296 260 247 199 173 216
is_linear=0
shrinkage=0.03


Tree=264
num_leaves=15
num_cat=0
split_feature=28 14 30 13 2 19 8 30 19 5 22 5 0 11
split_gain=2.5496 1.83601 1.81665 2.11524 2.89497 2.46127 2.92574 5.21685 1.92811 4.33491 2.36926 1.90307 3.70365 0.827171
threshold=1.1342156529426577 -0.12352122738957404 -0.31242194771766657 1.0000000180025095e-35 -0.62049487233161915 1.7637398838996889 -0.51320588588714589 1.6920976638793948 -0.53989544510841359 -0.33037577569484705 -0.6788552701473235 -0.06717756018042563 0.11180475258152002 0.92298218607902538
decision_type=2 2 2 2 2 2 2 2 2 2 2 2 2 2
left_child=2 -2 8 4 -4 6 -6 13 -1 10 -10 -11 -13 -8
right_child=1 -3 3 -5 5 -7 7 -9 9 11 -12 12 -14 -15
leaf_value=0.014505891366403047 -0.0159007400012235 0.0023313411120091656 0.0060708006938966661 0.0081293293306042378 0.003103765044741988 0.0077071477572843014 -0.025317680053470026 0.0067300211910041466 0.0048193572398916888 0.018327193056912248 -0.015793658488059817 0.013925633567393852 -0.0094923158177356234 -0.0029266930834790264
leaf_weight=17.126450095325708 6.4758963040076196 6.8066143533214909 16.849633175879717 16.581896336749196 8.262346057686953 4.2257680892944327 12.751450412266427 4.7948926491662851 5.0444742664694777 8.1262768749147654 8.421865822747348 6.4609916871413597 8.0522836083546263 3.1830220222473136
leaf_count=70 76 31 61 58 44 10 203 15 22 24 57 23 54 15
internal_value=0.00211067 -0.00847531 0.00357594 0.000180097 -0.00295172 -0.00772388 -0.0107759 -0.0158362 0.00744714 0.00274171 -0.00885787 0.00999557 0.00182979 -0.0226122
internal_weight=133.164 13.2825 119.881 66.649 50.0671 33.2175 28.9917 20.7294 53.2323 36.1059 13.4663 22.6396 14.5133 15.9345
internal_count=763 107 656 406 348 287 277 233 250 180 79 101 77 218
is_linear=0
shrinkage=0.03


Tree=265
num_leaves=15
num_cat=0
split_feature=20 11 12 7 25 15 22 21 13 20 1 7 12 27
split_gain=2.49199 3.85424 3.07622 2.90539 2.95097 2.35729 2.56977 2.47543 2.52806 2.05232 2.02732 3.74002 1.3429 2.26427
threshold=-0.58818325400352467 -0.2304960414767265 1.6839411258697512 -1.020610451698303 0.8574533760547639 1.0000000180025095e-35 -0.38951960206031794 0.99278596043586742 1.5516055226325991 0.70520243048667919 -0.54761700332164753 -0.12969834357500074 -0.10910119116306304 -0.15718220919370648
decision_type=2 2 2 2 2 2 2 2 2 2 2 2 2 2
left_child=1 3 5 -1 -5 6 9 8 10 -2 11 -8 -12 -14
right_child=2 -3 -4 4 -6 -7 7 -9 -10 -11 12 -13 13 -15
leaf_value=0.010150010320498384 -0.013711050507031764 0.01423546620051051 -0.015969313411334715 -0.018168196888634656 0.0068666498108438025 -0.0098551690363428736 -0.015406482448444975 -0.0072160154660832676 -0.0071986261659622922 0.0038482414735868508 0.019404262204311819 0.010174284046754804 0.012037625665044004 -0.0052704672021789828
leaf_weight=4.6061464957892886 9.1091558217303845 20.85968953743577 6.985689476132392 7.6696067182347161 3.1758523816242814 12.225834913551806 3.9522304951096885 8.0175153482705337 5.350233517587184 7.3861158788204184 14.171382669359437 7.1182396151125342 12.675349424825972 7.3903432423249127
leaf_count=19 76 81 35 81 21 49 67 36 25 26 47 33 115 37
internal_value=0.000891964 0.00705822 -0.00171611 -0.00374253 -0.0109838 0.000225688 0.00237763 0.0052831 0.00773185 -0.00678226 0.0100352 -0.000910239 0.0132393 0.00588319
internal_weight=130.693 36.3113 94.3821 15.4516 10.8455 87.3964 75.1706 58.6753 50.6578 16.4953 45.3075 11.0705 34.2371 20.0657
internal_count=748 202 546 121 102 511 462 360 324 102 299 100 199 152
is_linear=0
shrinkage=0.03


Tree=266
num_leaves=15
num_cat=0
split_feature=12 14 6 4 26 25 11 9 13 21 18 21 28 9
split_gain=2.38468 2.46924 2.93697 4.00895 2.33813 2.28837 1.7869 2.47625 3.45426 2.46593 1.61261 1.00408 1.24227 0.71008
threshold=2.035321950912476 -0.12352122738957404 -0.7223687171936034 0.24870754033327105 -0.090119067579507814 1.0000000180025095e-35 0.71742984652519237 -0.27697455883026117 -0.25385545939207071 0.16629608720541003 -0.0039871522458270183 -0.43916094303131098 -0.36421209573745722 -0.27697455883026117
decision_type=2 2 2 2 2 2 2 2 2 2 2 2 2 2
left_child=1 2 5 4 11 -1 7 10 -9 -10 -3 -4 -13 -6
right_child=-2 6 3 -5 13 -7 -8 8 9 -11 -12 12 -14 -15
leaf_value=-0.0043659946774019659 -0.011810746848066206 0.015281597999344481 0.0030315014481500434 -0.018506764261564487 -0.00042876449191528887 0.012687790488154015 0.013274090161532009 0.010313449571691296 -0.015393133684369648 0.0028944299149380745 -0.00091230309722518249 0.0032319531751444203 -0.017844912033462099 0.010975889718689279
leaf_weight=8.7859742604196089 6.6283084433525792 11.025664035230877 2.612165464088319 11.287593298184218 7.1721804616972795 11.951520007569341 17.367616973817348 7.8075653091073063 12.442236822098495 8.5154659599065763 7.6366518903523675 1.6113472227007122 4.4682575885090072 8.4441102952696401
leaf_count=43 32 37 12 126 37 47 59 24 73 31 32 8 136 45
internal_value=0.0012575 0.00241247 -0.00209865 -0.00698609 0.000608218 0.00601798 0.00620384 0.00259574 -0.00288109 -0.00883634 0.00986249 -0.00909425 -0.0133211 0.00690435
internal_weight=127.757 121.128 56.3331 35.5957 24.3081 20.7375 64.7952 47.4276 28.7653 20.9577 18.6623 8.69177 6.0796 15.6163
internal_count=742 710 454 364 238 90 256 197 128 104 69 156 144 82
is_linear=0
shrinkage=0.03


Tree=267
num_leaves=15
num_cat=0
split_feature=9 19 59 22 5 22 4 26 20 54 4 19 11 20
split_gain=2.29483 2.45686 2.58834 3.64527 2.28458 2.27907 3.27259 2.47357 2.24655 1.67542 1.18299 1.12222 0.914028 0.765154
threshold=1.4504750370979311 0.97760015726089489 1.0000000180025095e-35 0.65367019176483165 -0.023311187280341979 0.5513209104537965 0.69493263959884655 -0.57133942842483509 0.62214094400405895 1.0000000180025095e-35 0.79409378767013561 0.08220826089382173 -0.83079570531845082 -1.0000000180025095e-35
decision_type=2 2 2 2 2 2 2 2 2 2 2 2 2 2
left_child=1 2 3 11 -3 7 13 8 10 -9 -4 -1 -11 -7
right_child=-2 4 5 -5 -6 6 -8 9 -10 12 -12 -13 -14 -15
leaf_value=-0.020768406066137342 -0.012366089661202112 -0.012054585411941359 -0.016412956608306658 0.0093170985422699054 0.0044109031141633523 -0.015940462404249549 0.009479901642009167 -0.0026337617553585466 0.0093773168724253682 0.0021292672640139719 0.0014053990590149599 -0.00098819267084225776 0.014440506301190814 -0.00078357860402944555
leaf_weight=4.7291817505029012 5.8633009768091133 14.085917167365553 3.9179796837270242 4.802618625573813 9.1771495155990106 5.755449007381686 7.0362939467886454 5.5113706893753251 4.1003737561404696 8.3509165458381087 4.211634355597198 4.2268145158886909 40.312158390006523 4.9081575870513925
leaf_count=52 56 54 56 17 34 45 26 26 16 49 25 16 245 22
internal_value=0.00091036 0.00201778 0.00410287 -0.00638882 -0.00592783 0.0060814 -0.0028682 0.00850068 -0.00279091 0.0110702 -0.0101621 -0.0151317 0.0127231 -0.0114412
internal_weight=126.989 121.126 97.8629 13.7586 23.2631 84.1043 17.6999 66.4044 12.23 54.1744 8.12961 8.956 48.6631 10.6636
internal_count=739 683 595 85 88 510 93 417 97 320 81 68 294 67
is_linear=0
shrinkage=0.03


Tree=268
num_leaves=15
num_cat=0
split_feature=11 20 6 10 4 19 67 28 17 4 11 8 9 20
split_gain=2.15016 3.41544 2.91765 2.56731 5.09595 2.89307 2.74407 2.69107 2.48177 2.1866 1.91708 1.83074 1.44712 1.43252
threshold=-0.53274267911911 -0.65937879681587208 0.23818477243185046 0.36197219789028173 0.050385277718305595 -0.097646404057741151 1.0000000180025095e-35 0.58933284878730785 -0.28615595400333399 0.39744924008846289 0.28848177194595342 -0.17320114374160764 0.22519102692604068 -0.46952404081821436
decision_type=2 2 2 2 2 2 2 2 2 2 2 2 2 2
left_child=2 9 8 4 6 -6 10 -7 13 12 11 -3 -2 -1
right_child=1 3 -4 -5 5 7 -8 -9 -10 -11 -12 -13 -14 -15
leaf_value=-0.0019592980049282778 -0.0068071571489309061 0.0048172998227231463 -0.016990144989216371 0.007414405146684705 0.0038154046422182544 -0.025330135550645484 0.013185094211294199 -0.0038845407414035051 -0.0088498702660655734 0.019314058337377014 0.004456010517665269 -0.017550864324269316 0.0089641191324086305 0.014905700337436158
leaf_weight=5.9433711618185061 5.6639431230723876 2.3055421151220825 8.0165952611714584 22.681224192027003 6.2072428595274713 9.4190018718945812 12.390495498199018 11.707414352800695 8.4020443642511982 10.759947603568433 11.418193485587834 4.9414260327466764 5.3844659402966499 6.050280848518014
leaf_count=44 42 12 75 101 26 104 53 58 56 32 40 85 22 23
internal_value=0.000802892 0.00283574 -0.00588075 -0.000220384 -0.00353701 -0.0119806 0.00452543 -0.0164636 0.000971208 0.0121188 -0.00279432 -0.0113732 0.00127716 0.00843085
internal_weight=131.291 102.879 28.4123 81.0705 58.3893 27.3337 31.0557 21.1264 20.3957 21.8084 18.6652 7.24697 11.0484 11.9937
internal_count=773 575 198 479 378 188 190 162 123 96 137 97 64 67
is_linear=0
shrinkage=0.03


Tree=269
num_leaves=15
num_cat=0
split_feature=4 1 19 5 16 20 0 5 17 5 1 27 5 3
split_gain=2.40713 2.34238 3.81328 2.32616 2.03503 1.96665 1.8795 2.046 2.0168 1.5796 1.52059 1.47119 1.33852 1.31671
threshold=-1.0899677276611326 -0.19237581640481946 0.68622499704360973 0.89788261055946361 0.78618067502975475 -0.68904364109039296 0.50710266828536998 -0.41810853779315943 -0.33662872016429896 -0.28650940954685206 -0.31078955531120295 -0.075719472020864473 0.10828792676329614 0.45212295651435858
decision_type=2 2 2 2 2 2 2 2 2 2 2 2 2 2
left_child=10 3 6 4 5 -2 7 11 -9 -4 -1 -3 -10 -5
right_child=1 2 9 13 -6 -7 -8 8 12 -11 -12 -13 -14 -15
leaf_value=-0.016181616257144732 -0.0032834677840553146 -0.016246435502866176 -0.019780652917018263 -0.014679823737812696 -0.0020600493713180288 0.01314202373753208 0.010596834179986452 -0.0082034823163182283 0.013853543059968765 -0.0020458545484827637 0.0015843156224895473 0.0023442826680511466 -0.0016610383279604065 0.0037578377838362225
leaf_weight=7.2276198661420494 5.7748709898442021 5.8825981949921697 7.6259846240282085 3.0718494351021937 13.107910121791063 34.499433664837852 11.594037745962849 4.8395465323701492 8.9466033701319301 9.056218206882475 5.4506582864560169 4.1927221938967687 6.297963752760551 3.2893619313836098
leaf_count=69 46 62 33 47 55 179 57 44 34 38 28 17 57 14
internal_value=9.99619e-05 0.00158214 -0.00258831 0.00554616 0.00764651 0.0106843 0.00244508 -0.00174997 0.00373643 -0.012845 -0.0102558 -0.0102985 0.00861681 -0.00768785
internal_weight=130.857 118.179 58.4357 59.7434 53.3822 40.2743 41.7535 30.1594 20.0841 16.6822 12.6783 10.0753 15.2446 6.36121
internal_count=780 683 342 341 280 225 271 214 135 71 97 79 91 61
is_linear=0
shrinkage=0.03


Tree=270
num_leaves=15
num_cat=0
split_feature=14 9 7 14 16 31 20 9 17 49 11 26 16 27
split_gain=2.75335 2.68271 3.15981 2.52474 2.27745 2.38645 2.61886 2.16387 1.99532 1.94922 2.24462 1.37294 1.26675 0.476454
threshold=-0.12352122738957404 -0.27697455883026117 -0.75547301769256581 -0.58715945482254017 -0.66133150458335865 1.1107677668333056 -0.12541225180029866 0.12475791200995447 -0.11168570443987845 1.0000000180025095e-35 -0.3256645649671554 -0.19845880568027494 -0.59492334723472584 0.081310976296663298
decision_type=2 2 2 2 2 2 2 2 2 2 2 2 2 2
left_child=1 2 -1 7 -2 8 -7 -3 11 10 -5 -6 -4 -10
right_child=4 3 12 9 5 6 -8 -9 13 -11 -12 -13 -14 -15
leaf_value=0.00362673910198151 -0.0067454532107676397 0.014230876656773851 -0.0028796454556538394 0.0032327250966374304 -0.0044314332716380795 0.007009656134452107 -0.01177653569467469 -0.003406636308619827 0.0061574469177219163 0.007949771727377257 -0.017455392894298313 0.0081356947336604472 -0.023712134708152054 0.019740360767566835
leaf_weight=6.2104057129472521 10.997791776433585 10.002520898357036 5.1933788806200036 5.1026461254805335 10.619264803826809 8.6776027325540799 8.4029776379466039 8.0268624406307918 10.582419872283937 2.5555130598368114 8.886912637623027 11.280165679752827 8.4269609358161652 10.053766980767248
leaf_count=39 50 39 21 44 52 37 33 60 38 14 188 37 70 33
internal_value=-8.9438e-06 -0.00484191 -0.0123668 0.000491312 0.00378861 0.00610349 -0.00280633 0.00734372 0.00960016 -0.0069472 -0.0110451 0.00235078 -0.018675 0.0153344
internal_weight=125.019 54.4052 19.8307 34.5745 70.614 59.6162 17.0806 18.0294 42.5356 16.5451 13.9896 21.8994 13.6203 20.6362
internal_count=755 475 130 345 280 230 70 99 160 246 232 89 91 71
is_linear=0
shrinkage=0.03


Tree=271
num_leaves=15
num_cat=0
split_feature=22 28 12 27 27 0 19 0 8 30 21 8 28 12
split_gain=2.37797 1.97465 1.98491 2.42432 3.79379 2.67578 3.62555 2.11279 2.03134 1.86984 2.44905 1.8047 1.75743 1.05332
threshold=-1.5641050338745115 -1.4199225306510923 1.6023054718971255 -0.075719472020864473 -0.17372330278158185 1.0938091874122622 0.069653369486331954 0.32118908315896993 0.14803033322095874 -0.36370503902435297 0.54473994672298442 0.50680834054946911 1.0661053061485293 -0.77100482583045948
decision_type=2 2 2 2 2 2 2 2 2 2 2 2 2 2
left_child=-1 13 3 4 5 6 11 8 -5 -8 12 -3 -11 -2
right_child=1 2 -4 7 -6 -7 9 -9 -10 10 -12 -13 -14 -15
leaf_value=-0.01357288924836539 0.0013653188741549979 -0.016149553989826308 -0.0079026735981028631 0.018245988343828318 -0.015988932987029809 0.014898860113136335 -0.0038590059444102692 -0.0023844421321014579 0.00054773709452965718 0.018073129474588077 -0.0064313485065125523 0.0033300189138228699 -0.0020186373922226166 -0.011477834069407456
leaf_weight=5.2866303410846731 7.8614569231867817 9.2688341531902534 8.6478536948561651 18.337477860972289 5.6067822501063338 9.1011612073052657 10.201314202975476 7.8117659986019126 8.2059365697205049 13.110107500455355 3.6392694357782593 4.0132877938449374 3.8135875603184095 9.710484527051447
leaf_count=40 38 79 42 68 39 39 80 37 36 149 16 21 26 41
internal_value=0.000301749 0.00143756 0.00309126 0.00446307 0.000554785 0.00352484 -0.000104597 0.0102274 0.0137287 0.0054605 0.0099344 -0.0109627 0.0141178 -0.00670233
internal_weight=124.616 119.329 101.757 93.1095 58.7543 53.1476 44.0464 34.3552 26.5434 30.7643 20.563 13.2821 16.9237 17.5719
internal_count=751 711 632 590 449 410 371 141 104 271 191 100 175 79
is_linear=0
shrinkage=0.03


Tree=272
num_leaves=15
num_cat=0
split_feature=26 1 20 5 61 8 66 22 21 23 11 3 4 37
split_gain=2.92909 1.89958 1.85787 2.41468 2.08775 2.09604 2.81265 3.21651 2.3814 2.08486 2.04875 1.51731 1.25227 0.731226
threshold=-1.0474530458450315 -0.54761700332164753 -0.84923359751701344 1.512011766433716 1.0000000180025095e-35 -0.098108071833848939 1.0000000180025095e-35 -0.24416025727987287 0.63648319244384777 -0.57340894639492024 -0.47867554426193232 -0.44037659466266627 -0.19751755893230435 1.0000000180025095e-35
decision_type=2 2 2 2 2 2 2 2 2 2 2 2 2 2
left_child=1 -1 10 4 9 8 -7 -8 11 -4 -2 12 -6 -9
right_child=2 -3 3 -5 5 6 7 13 -10 -11 -12 -13 -14 -15
leaf_value=0.0033135043264399516 -0.0029571540047470591 -0.017610249926881601 0.0048106584639147241 -0.014651382072033137 0.0065099356334814406 0.0071809452738979245 0.0038010199171474106 -0.0036872996186929478 -0.0065549250048545539 -0.016206565101802496 0.01416454974564001 0.012541787527601938 -0.0086296443960899791 -0.020697276867542139
leaf_weight=3.5834869761019936 7.5007963459938791 8.2573467418551427 3.8323922343552113 5.0506277778185895 5.7125129051273689 12.342391781508921 9.8468168843537551 6.048611108213672 6.6218165699392548 6.5376771053415705 12.584750607609747 28.008946290588938 4.1090701178763904 6.9244230538606644
leaf_count=25 66 69 19 45 58 42 40 26 30 81 49 118 57 41
internal_value=-0.000472081 -0.0121742 0.0011882 -0.000693616 0.000819811 0.00262799 -0.00265361 -0.00830736 0.00665167 -0.00940116 0.0084556 0.0094587 -0.00059847 -0.0159986
internal_weight=126.962 11.8408 115.121 95.0353 89.9847 79.6146 35.1622 22.8199 44.4523 10.3701 20.0855 37.8305 9.82158 12.973
internal_count=766 94 672 557 512 412 149 107 263 100 115 233 115 67
is_linear=0
shrinkage=0.03


Tree=273
num_leaves=15
num_cat=0
split_feature=29 14 28 18 18 31 7 20 37 7 19 21 17 27
split_gain=2.01742 1.97479 1.72364 2.76391 2.06048 2.43837 1.94429 1.99089 1.61607 1.51335 1.50705 1.30577 1.047 0.972073
threshold=-1.2562471628189085 -0.7562313675880431 1.1682708263397219 -0.34728738665580744 1.2787212729454043 1.1107677668333056 0.13920884579420092 0.5746772587299348 1.0000000180025095e-35 -0.13598121702671048 -0.39376455545425409 -0.23194614052772519 0.19582634419202807 -0.29193605482578272
decision_type=2 2 2 2 2 2 2 2 2 2 2 2 2 2
left_child=8 10 3 13 5 6 7 9 -1 11 -2 -5 -13 -3
right_child=1 2 -4 4 -6 -7 -8 -9 -10 -11 -12 12 -14 -15
leaf_value=-0.0017077287624053525 0.0029255588810506608 0.015311434251843189 -0.0086774679636301491 0.0046535055612021295 0.0074412612585693146 -0.015407628212395268 -0.0083822407686770257 0.012319401829150414 0.013321447862298528 0.0066889243490694155 -0.014682549743455925 -0.01801297112865213 0.0026489894276600623 0.0034825223710487495
leaf_weight=8.1949089299887419 4.2961162477731714 10.173152934294196 9.2520288047380728 2.0046178884804231 12.67014622222632 8.4299857207806763 11.328462420031427 9.7100989297032338 13.964543003588915 4.6477926513180243 8.8952757585793698 4.2929766530869458 1.3953207358717916 17.471197566017509
leaf_count=36 35 43 75 10 43 62 56 28 49 20 67 155 6 75
internal_value=0.00118259 -0.000678335 0.00106353 0.00259596 -0.00141913 -0.00461228 -0.0002338 0.00472799 0.00847226 -0.00307505 -0.00972008 -0.00928525 -0.0140764 0.00951403
internal_weight=126.727 104.567 91.3758 82.1238 54.4794 41.8093 33.3793 22.0508 22.1595 12.3407 13.1914 7.69292 5.6883 27.6444
internal_count=760 675 573 498 380 337 275 219 85 191 102 171 161 118
is_linear=0
shrinkage=0.03


Tree=274
num_leaves=15
num_cat=0
split_feature=8 31 14 17 5 22 6 16 11 6 28 19 22 14
split_gain=1.74396 2.3079 4.01855 3.37941 3.02305 2.5705 2.53813 2.51679 2.75893 2.33561 2.07601 2.5699 1.60982 1.591
threshold=-1.4977594614028928 1.1107677668333056 -0.12352122738957404 -0.11168570443987845 0.72241711616516124 0.090760096907615675 -0.7223687171936034 -0.012192256050184367 -0.76706612110137928 -0.27903633564710612 0.62338802218437206 1.2885697484016421 0.2319317236542702 -0.58715945482254017
decision_type=2 2 2 2 2 2 2 2 2 2 2 2 2 2
left_child=-1 2 6 7 5 -3 13 8 -4 -8 11 -11 -10 -2
right_child=1 4 3 -5 -6 -7 9 -9 12 10 -12 -13 -14 -15
leaf_value=0.012129957813376642 0.0090188737660372234 -0.019754263031869272 0.0081605010194249813 0.014548486510909573 0.0058485706201106772 0.0023025012208933607 -0.021870397335760614 0.010087940874519098 -0.016974263947619826 0.007603861925807592 -0.013687276915279814 -0.013239772799025313 0.00047506199002305663 -0.0051182711479274261
leaf_weight=4.926100203767418 11.175714852288367 11.963168202899402 5.5285720396786973 21.360841855406761 6.7010111514246082 5.2786429887637487 5.4262061157496673 9.2275538146495801 9.0411072429269534 14.627918272104585 6.3958012647926799 2.4009893685579291 6.7961477749049672 8.5218873494304699
leaf_count=18 42 78 21 73 43 25 58 28 48 192 77 13 32 44
internal_value=1.16606e-05 -0.000918041 0.00117682 0.00667592 -0.00839566 -0.0140019 -0.00478191 -9.23884e-05 -0.00556839 -0.00982964 -0.00368401 0.00232697 -0.0111691 0.00310468
internal_weight=129.372 124.446 100.503 51.9542 23.9428 17.2418 48.5485 30.5934 21.3658 28.8509 23.4247 17.0289 15.8373 19.6976
internal_count=792 774 628 202 146 103 426 129 101 340 282 205 80 86
is_linear=0
shrinkage=0.03


Tree=275
num_leaves=15
num_cat=0
split_feature=28 5 10 5 26 30 0 11 28 4 0 17 30 19
split_gain=2.93887 1.55269 3.34327 2.62385 2.43455 3.03326 2.66171 2.32269 1.84959 0.957283 2.17082 1.09903 0.969098 0.751916
threshold=-1.4199225306510923 -0.72517311573028553 0.75760418176651012 -0.33037577569484705 -0.71593949198722828 1.2418035864830019 -1.0000000180025095e-35 0.83581590652465831 0.55527767539024364 0.29828810691833502 0.32118908315896993 -0.38846583664417261 0.069153182208538069 -0.041758125647902482
decision_type=2 2 2 2 2 2 2 2 2 2 2 2 2 2
left_child=13 7 3 8 6 9 -5 -2 -3 11 12 -6 -11 -1
right_child=1 2 -4 4 5 -7 -8 -9 -10 10 -12 -13 -14 -15
leaf_value=-0.00037084659410020434 0.011817121120973705 -0.015319968376655474 -0.014584360354849498 0.0073720855043343646 0.00024898488885705431 -0.0079008426370103489 -0.01249590156295311 -0.0050848168066197188 0.0022550006714807361 -0.011246989899504884 0.012731186169895516 0.016828846559996818 0.00339268086861283 -0.012823401418428724
leaf_weight=6.5423037763685015 24.442849681130614 6.1351546004880211 6.5802673110738388 6.6539494534954438 4.3408956779167012 5.0800389349460593 8.4178674039430881 6.5730754993855944 8.3076221672818047 4.2283430676907283 6.0474234454450189 21.430653569637805 4.0876788552850485 10.246830238960682
leaf_count=30 120 52 60 38 31 22 59 29 46 49 24 147 21 50
internal_value=0.000993394 0.00283847 0.00050913 0.00266944 0.00541327 0.00866612 -0.0040731 0.00802653 -0.00723053 0.011406 0.00349562 0.0145304 -0.00547908 -0.00916955
internal_weight=129.115 112.326 81.3099 74.7296 60.2869 45.215 15.0718 31.0159 14.4428 40.135 14.3634 25.7715 8.31602 16.7891
internal_count=778 698 549 489 391 294 97 149 98 272 94 178 70 80
is_linear=0
shrinkage=0.03


Tree=276
num_leaves=15
num_cat=0
split_feature=9 1 9 19 10 1 7 7 3 10 10 0 25 17
split_gain=2.81117 4.35389 3.49397 1.96723 1.74668 1.86416 4.48358 2.97151 2.85712 2.69043 2.53333 1.92754 1.73087 1.4911
threshold=0.3055375218391419 0.39969284832477575 0.044411420822143562 -2.2536536455154415 1.1532361507415774 -0.19237581640481946 0.061301155015826232 0.76372691988945018 1.0000000180025095e-35 1.0000000180025095e-35 -1.0227397382259367 0.11180475258152002 -0.62305282056331623 -0.037341267801821225
decision_type=2 2 2 2 2 2 2 2 2 2 2 2 2 2
left_child=2 -2 3 -1 5 6 9 8 10 12 -7 -10 -5 -8
right_child=1 -3 -4 4 -6 7 13 -9 11 -11 -12 -13 -14 -15
leaf_value=0.011786979247824221 -0.018891379535624128 0.0039709533650117953 0.01367788418952604 0.010516820161110628 -0.0141073123137435 0.0059063683025579791 0.016181390157820663 -0.018947322678385701 0.015120038779707924 -0.015205073579001279 -0.015927345566668083 -0.0019323592771386599 -0.0061501042089721946 0.0005256243620309917
leaf_weight=4.4719636589288703 12.78149582911283 10.445944651961325 11.435193888843058 6.5635412596166134 5.5537922549992791 4.0636756233870992 13.531655082479121 6.1088670082390299 6.6623223717324462 8.9771067790570651 9.0429748121532612 10.196770380134693 6.3420001016929763 8.2615025565028173
leaf_count=16 126 52 47 19 34 13 40 32 28 138 109 44 42 35
internal_value=-0.00134811 -0.00972748 0.000942306 -0.00131589 -0.00261739 -0.00103215 0.00300299 -0.00568838 -0.000662499 -0.00597656 -0.00939621 0.00672348 0.00289615 0.0114521
internal_weight=124.439 23.2274 101.211 89.7762 85.3042 79.7504 43.6758 36.0746 29.9657 21.8826 13.1067 16.8591 12.9055 21.7932
internal_count=775 178 597 550 534 500 274 226 194 199 122 72 61 75
is_linear=0
shrinkage=0.03


Tree=277
num_leaves=15
num_cat=0
split_feature=2 2 7 19 2 4 4 27 22 12 11 9 16 2
split_gain=2.20193 2.24778 1.97885 2.41516 2.83416 2.71747 4.1341 3.11275 2.51852 3.10219 2.51707 2.08361 1.75799 1.49668
threshold=-1.5322852730751035 1.020727872848511 -1.1098272800445554 0.069653369486331954 0.65601173043251049 0.69493263959884655 0.14954640716314319 -0.48687209188938135 0.5513209104537965 1.0215593576431277 -0.096637118607759462 -0.93983313441276539 -0.24390887469053266 -0.43813678622245783
decision_type=2 2 2 2 2 2 2 2 2 2 2 2 2 2
left_child=-1 2 -2 4 11 6 8 -8 9 10 13 -4 -7 -5
right_child=1 -3 3 5 -6 12 7 -9 -10 -11 -12 -13 -14 -15
leaf_value=0.010948438573739038 0.010669285520755325 0.012895124337648048 0.0033316312966333462 0.0099021327170980746 0.0046840198628103685 -0.0024474407264466623 0.0039372948202240094 -0.021394589774960057 -0.0086903418833058719 -0.0077666635496691462 0.017749582723740082 -0.016446780977845452 0.014316012129036219 -0.0074726550848999958
leaf_weight=15.084832295775412 6.7212311029434195 6.3605084305163464 4.0908073280006638 2.2774925008416131 8.2551916176453215 6.4087920673191574 4.3436010666191569 9.2349287547986005 8.482748286565764 6.3816453702747813 13.721585048362618 19.891090069897476 12.495754522969944 6.6264493112103109
leaf_count=54 26 38 20 7 41 30 24 75 50 30 44 149 61 133
internal_value=0.0017813 0.000176649 -0.00109931 -0.0023347 -0.00851311 0.000889662 -0.00277958 -0.0144124 0.00263393 0.00673638 0.0114924 -0.0130803 0.00930982 -0.00106572
internal_weight=130.377 115.292 108.931 102.21 32.2371 69.973 51.0685 13.5785 37.4899 29.0072 22.6255 23.9819 18.9045 8.90394
internal_count=782 728 690 664 210 454 363 99 264 214 184 169 91 140
is_linear=0
shrinkage=0.03


Tree=278
num_leaves=15
num_cat=0
split_feature=2 7 10 7 19 16 1 4 31 6 19 16 24 21
split_gain=2.5825 2.80525 2.0836 4.63189 4.9878 3.13288 3.63155 1.683 2.12857 1.58374 2.18132 1.5212 0.770927 1.19031
threshold=-1.5322852730751035 -1.1588338017463682 -0.23147577792406079 -0.12969834357500074 0.46299657225608831 0.15391295403242114 -0.42920328676700586 0.94283545017242443 -1.0000000180025095e-35 0.16429603844881061 0.069653369486331954 -1.1705151200294492 1.5630505681037905 -0.54492221772670735
decision_type=2 2 2 2 2 2 2 2 2 2 2 2 2 2
left_child=-1 -2 5 11 9 6 -3 8 -8 10 -5 -4 13 -13
right_child=1 2 3 4 -6 -7 7 -9 -10 -11 -12 12 -14 -15
leaf_value=0.010851892217248383 0.012658531800647252 0.0078991246099062926 -0.00034481841961260355 -0.0096955238289365992 -0.0151791629087208 0.011323018882314522 -0.019804276127164344 0.0024718200714375191 0.00017796989491781191 0.013876483023716241 0.00909017841482734 -0.001379041073074004 -9.7975423809478488e-05 -0.023945346772558874
leaf_weight=13.577461197972296 6.9510831944644442 12.529925296083091 4.9656623173505059 6.0032311864197343 7.0648447982966891 14.743701223284004 10.224568666890264 6.1936178654432288 6.8764521665871188 11.526101193390785 6.2542899968102574 3.1298938989639309 1.8163871206343163 11.991767883591818
leaf_count=49 23 51 30 36 36 54 66 25 31 45 34 20 9 261
internal_value=0.000487437 -0.00120407 -0.00267796 -0.00658639 0.00116634 0.00162503 -0.00326417 -0.00960356 -0.0135468 0.00781505 -0.00025372 -0.0156926 -0.019088 -0.0207779
internal_weight=123.849 110.272 103.32 52.7522 30.8485 50.5683 35.8246 23.2946 17.101 23.7836 12.2575 21.9037 16.938 15.1217
internal_count=770 721 698 471 151 227 173 122 97 115 70 320 290 281
is_linear=0
shrinkage=0.03


Tree=279
num_leaves=15
num_cat=0
split_feature=52 22 11 20 9 17 29 5 9 33 7 18 7 9
split_gain=2.26072 1.88112 2.37696 3.43095 1.78089 3.06315 1.77354 2.86555 2.45026 1.54435 1.14259 1.07553 2.06545 1.02243
threshold=1.0000000180025095e-35 -0.31436178088188166 -0.42619955539703364 -0.65937879681587208 -0.57827389240264881 -0.3028330504894256 -0.057339081540703767 -0.41810853779315943 -0.41758091747760767 1.0000000180025095e-35 0.11910363286733629 -0.31305301189422602 1.001219689846039 -0.25688792765140528
decision_type=2 2 2 2 2 2 2 2 2 2 2 2 2 2
left_child=-1 4 3 13 10 -6 -4 9 -9 -8 -2 -10 -13 -3
right_child=1 2 6 -5 5 -7 7 8 11 -11 -12 12 -14 -15
leaf_value=0.0096115062691316706 -0.0054156538863175197 0.0030434224491907003 0.0050088251439162684 0.014224704017725366 0.0039450784201171055 -0.018590160462750627 -0.019964765961500749 -0.011806218931658397 0.011673854307225489 -0.00039486523973159069 0.0076965841590748586 -0.010566883109713758 0.010275046446486301 -0.013127701266071627
leaf_weight=18.464818011038005 6.9591936767101306 3.619468042626977 17.653675973415375 18.780521987006068 5.9244743543677059 11.163812483835498 7.8398205044213665 4.0061939097940913 9.3742380691692251 5.345567955635488 7.1784110032021999 4.4583702401723739 2.8802587613463402 2.8991959867998984
leaf_count=83 39 21 65 78 46 78 50 26 41 42 27 115 10 46
internal_value=0.0011665 -0.000637424 0.00190994 0.00860767 -0.00630556 -0.0116528 -0.001847 -0.0056017 0.0016524 -0.0143208 0.00151353 0.00685434 -0.00153789 -0.00672522
internal_weight=126.548 108.083 76.8573 25.2992 31.2259 17.0883 51.5581 33.9044 20.7191 13.1854 14.1376 16.7129 7.33863 6.51866
internal_count=767 684 494 145 190 124 349 284 192 92 66 166 125 67
is_linear=0
shrinkage=0.03


Tree=280
num_leaves=15
num_cat=0
split_feature=31 6 14 3 8 40 1 17 21 2 8 24 27 18
split_gain=1.82001 3.98095 2.76834 3.73503 2.69562 2.58096 2.14857 1.96239 1.68657 2.25012 1.56239 1.31381 1.2489 0.999313
threshold=1.1107677668333056 0.090407308191061034 -0.12352122738957404 0.60852527618408214 0.81135249137878429 1.0000000180025095e-35 -0.073962084949016557 0.048227302730083473 0.16629608720541003 -0.80285295844078053 1.2014192342758181 -0.38554565608501429 -0.43253476917743677 -0.92841798067092884
decision_type=2 2 2 2 2 2 2 2 2 2 2 2 2 2
left_child=2 -2 3 4 8 7 -3 10 9 -1 12 -11 -4 -13
right_child=1 6 5 -5 -6 -7 -8 -9 -10 11 -12 13 -14 -15
leaf_value=-0.0075421829662234239 -0.015459750229011807 -0.0047978862304762877 0.0013739301325461902 -0.01867199281875967 -0.011822637233102043 0.01432675619206971 0.014274366972573307 0.0095447940662140435 -0.0082530022480982977 -0.00065852237224592802 0.0053040954559460743 -0.0017235148242937194 -0.013729683879281857 0.015230129522085405
leaf_weight=4.1455860640853599 11.184804835822435 6.8469368900405243 6.5587077206000677 4.9528576787561169 5.9142592884600154 22.137424018234015 5.7629696782678348 12.005532287061213 3.282554004341363 7.3037622720003119 7.968642644584178 2.5093876705504981 8.1196198388934153 18.868664738256491
leaf_count=21 72 48 36 37 36 75 20 42 23 41 24 29 47 233
internal_value=0.00145212 -0.00532802 0.00318033 -0.00211114 0.00161851 0.0073741 0.00549658 0.00168599 0.00499014 0.00723022 -0.00345284 0.010168 -0.00834661 0.0132906
internal_weight=127.562 23.7947 103.767 46.9771 42.0242 56.7899 12.6099 34.6525 36.11 32.8274 22.647 28.6818 14.6783 21.3781
internal_count=784 140 644 420 383 224 68 149 347 324 107 303 83 262
is_linear=0
shrinkage=0.03


Tree=281
num_leaves=15
num_cat=0
split_feature=9 1 21 58 22 7 14 5 14 17 14 17 1 12
split_gain=2.06382 2.48777 4.01096 2.34003 1.86237 2.06552 2.20094 1.83716 1.70975 2.3574 2.34598 1.59279 2.40112 1.47228
threshold=0.3055375218391419 1.2285889983177187 1.9713979959487917 1.0000000180025095e-35 -0.31436178088188166 0.32769517600536352 -0.58715945482254017 0.63468438386917125 -0.7562313675880431 -0.17330861836671826 0.53560002148151409 -0.28615595400333399 0.51810656487941753 0.34650143980979925
decision_type=2 2 2 2 2 2 2 2 2 2 2 2 2 2
left_child=3 2 7 4 5 6 -1 -2 -6 10 11 -10 -13 -5
right_child=1 -3 -4 13 8 -7 -8 -9 9 -11 -12 12 -14 -15
leaf_value=0.0037794253839975849 -0.023483537118350255 0.0064726704126606849 0.0075790165242867686 -0.014432323536808222 -0.0051971382281898537 0.0063380844835411133 -0.01487158917266424 -0.0010381052581773702 0.0099831386761632061 0.013453453547256114 -0.012961732101014032 -0.013796956653250998 0.0086469054198009977 0.002828313574698209
leaf_weight=6.4981168275699046 9.6236496008932644 5.6024195272475472 4.3693969994783393 7.0310243723215518 6.7153923986479631 9.7924065701663476 9.9965158483246359 4.8510990832000962 14.512020744383337 27.641906585544351 3.3967778235673896 4.19282126991311 3.4979909259127453 4.8435743302106857
leaf_count=32 97 23 13 57 45 37 77 41 65 90 18 131 29 16
internal_value=-0.000272388 -0.00726756 -0.0118533 0.00173836 0.00356245 -0.00274268 -0.00835398 -0.018159 0.00632516 0.00809988 0.00106546 0.00519944 -0.00420396 -0.0086399
internal_weight=122.565 24.4466 18.8441 98.1185 86.2439 26.287 16.4946 14.4747 59.9569 53.2415 25.5996 22.2028 7.69081 11.8746
internal_count=771 174 151 597 524 146 109 138 378 333 243 225 160 73
is_linear=0
shrinkage=0.03


Tree=282
num_leaves=15
num_cat=0
split_feature=30 21 28 12 28 12 20 14 7 7 22 23 28 28
split_gain=1.66384 2.3927 2.28725 3.07057 1.51601 2.39399 3.16922 2.23892 1.64499 1.86883 1.27586 0.88907 0.299969 0.968512
threshold=2.9112368822097783 1.0793160796165469 -1.4199225306510923 1.6023054718971255 0.21472591161727908 0.9522099792957307 0.5746772587299348 -1.0000000180025095e-35 -1.2505638003349302 0.89441078901290905 -0.057830756530165665 0.56015436351299297 -0.84098455309867848 -0.023660323582589623
decision_type=2 2 2 2 2 2 2 2 2 2 2 2 2 2
left_child=1 2 11 4 10 6 7 8 -6 -10 12 -1 -4 -14
right_child=-2 -3 3 -5 5 -7 -8 -9 9 -11 -12 -13 13 -15
leaf_value=-0.012228423012295712 0.012933302315510792 -0.011474257374247841 0.01579106343447927 -0.0096317262265170206 0.0046864097396833613 0.010689943262966902 0.0086862276898469013 0.0017619236481882137 -0.022151444694611444 0.0037851702710448238 0.00079836275115368 0.00041666567234538074 -0.00014525709665267692 0.012406879078399513
leaf_weight=7.8144875876605493 5.5341438800096503 8.5562791023403388 13.555881174281238 9.20069322735071 1.2115958482026989 11.194236272945998 9.2278490401804429 9.5740404985845178 9.380191588716114 1.4466246943920857 12.96610266342759 7.6875895690172911 10.684897971339526 6.224052392877641
leaf_count=42 16 47 49 46 3 42 31 48 249 7 59 36 61 26
internal_value=0.00150233 0.000468359 0.00185377 0.00366133 0.00554562 0.00121931 -0.00323004 -0.00899399 -0.0155549 -0.0185849 0.00917467 -0.00738532 0.0121245 0.00625211
internal_weight=124.259 118.725 110.168 94.6662 85.4655 42.0345 30.8403 21.6125 12.0384 10.8268 43.4309 15.5021 30.4648 16.909
internal_count=762 746 699 621 575 380 338 307 259 256 195 78 136 87
is_linear=0
shrinkage=0.03


Tree=283
num_leaves=15
num_cat=0
split_feature=20 11 9 20 12 18 10 19 5 3 18 10 11 11
split_gain=2.11027 5.70442 4.24227 2.78946 1.90426 1.84226 2.90092 2.40537 1.81798 2.70158 1.76335 1.75969 1.3273 1.04626
threshold=-0.64751288294792164 -0.2304960414767265 -0.25688792765140528 -0.38646256923675532 1.0660492181777956 -0.3291435688734054 -0.82492375373840321 1.3183666467666628 -0.68130674958229054 2.1668432950973515 0.16669790446758273 0.36197219789028173 0.10629746690392496 0.32278732955455786
decision_type=2 2 2 2 2 2 2 2 2 2 2 2 2 2
left_child=1 2 -1 -2 5 12 -7 8 11 13 -6 -8 -5 -10
right_child=3 -3 -4 4 10 6 7 -9 9 -11 -12 -13 -14 -15
leaf_value=0.0071530037578677892 -0.0128932557760563 0.01690509393065031 -0.019188459882181767 0.01349673504837823 -0.013236551395152807 0.0098321785446446423 -0.007417193361977277 0.0094054704734765262 -0.022111839789417005 0.0065033815313311275 0.0034682500103008118 0.010034886845042544 -0.00062518812266788208 -0.0030980994662237432
leaf_weight=7.4803469367325324 10.287888268008826 17.338735712692142 5.5817537009716034 14.791833857074382 9.156134180724619 12.006416398100553 5.9957489834632671 4.2012519240379325 9.10930820647628 2.5377096713054916 6.6937767490744582 4.9224488036707044 7.9779831618070594 5.476287279278039
leaf_count=40 70 65 75 58 49 45 49 12 182 11 26 19 32 25
internal_value=0.00120793 0.00745358 -0.00629913 -0.00110613 0.0010076 0.003268 -0.000480281 -0.00512485 -0.00839567 -0.0133533 -0.00704183 0.0011316 0.00932709 -0.0175864
internal_weight=123.558 30.4008 13.0621 93.1568 82.8689 67.019 44.2492 32.2428 28.0415 17.1233 15.8499 10.9182 22.7698 14.5856
internal_count=758 180 115 578 508 433 343 298 286 218 75 68 90 207
is_linear=0
shrinkage=0.03


Tree=284
num_leaves=15
num_cat=0
split_feature=17 17 17 5 17 29 11 5 7 5 0 16 0 7
split_gain=1.9182 2.54392 2.11807 2.94467 2.29394 2.05632 1.65863 1.51655 1.48238 1.96727 2.13773 1.77796 2.06152 1.66986
threshold=-0.38846583664417261 -0.42381905019283289 -0.33662872016429896 -0.41810853779315943 -0.1269067972898483 0.046913794241845615 0.28848177194595342 -0.37424215674400324 -0.9879394769668578 0.10828792676329614 1.0938091874122622 2.1429473161697392 1.0000000180025095e-35 -0.33326359093189234
decision_type=2 2 2 2 2 2 2 2 2 2 2 2 2 2
left_child=1 -1 7 4 6 -6 -4 -2 -5 13 11 12 -11 -10
right_child=2 -3 3 8 5 -7 -8 -9 9 10 -12 -13 -14 -15
leaf_value=0.0018430788143323242 0.015801308210162231 -0.01866431783382318 -0.020509459282703004 0.014090823228705165 0.0049050781533956211 -0.010042620212274662 0.00041713372322026919 -0.00015600755504258362 -0.0040377179518625642 0.00091083179956710086 0.0090625282331761488 0.0061501085770272893 -0.017601125025754491 0.011503620059366129
leaf_weight=9.2144398791715485 8.5124213788658398 5.961611231788992 7.9958276934921724 5.2045863969251505 17.133800864219669 8.2686068192124349 4.3551922626793385 8.7241021599620563 5.9652694426476982 7.6294732054229923 4.4206131718819952 3.3663868885487309 10.382171858043874 15.372484049701596
leaf_count=70 27 65 87 17 59 38 24 45 33 51 24 13 123 81
internal_value=-0.000336265 -0.0088418 0.0012064 -0.000797695 -0.00672036 -0.000811895 -0.0151366 0.00950566 0.0036878 0.00129796 -0.00397457 -0.00787724 -0.0112656 0.00721712
internal_weight=122.507 15.1761 107.331 90.0944 37.7534 25.4024 12.351 17.2365 52.341 47.1364 25.7986 21.378 18.0116 21.3378
internal_count=757 135 622 550 208 97 111 72 342 325 211 187 174 114
is_linear=0
shrinkage=0.03


Tree=285
num_leaves=15
num_cat=0
split_feature=6 6 4 21 12 27 12 26 9 12 17 8 14 22
split_gain=2.04932 3.87128 3.14902 2.3393 2.63497 2.82132 2.33011 1.94358 1.67916 1.48309 1.36497 1.18048 1.17319 0.957189
threshold=-0.20514760911464688 -0.7223687171936034 -0.49500095844268793 -0.23194614052772519 -0.49487546086311335 -0.29193605482578272 0.11548595875501634 0.3684373944997788 -0.6787070333957671 -0.93118026852607716 -0.11168570443987845 -0.3108717799186706 0.53560002148151409 0.99214571714401256
decision_type=2 2 2 2 2 2 2 2 2 2 2 2 2 2
left_child=1 6 -3 -2 9 10 8 -7 -1 11 13 -5 -4 -6
right_child=3 2 12 4 5 7 -8 -9 -10 -11 -12 -13 -14 -15
leaf_value=0.0055182667401090148 0.01107772255001589 0.0014305082074698508 -0.025402115295480088 0.00587222154305628 -0.022394657888310111 0.007639420104032321 0.0076079615839471622 -0.0086191781780837282 -0.010931947418439973 0.011535738591763128 0.0010240404109488142 -0.0092960830672348151 -0.0028580506903155118 -0.0011587085248225494
leaf_weight=4.6811163425445583 15.74970561172813 7.4776224624365595 8.4402893555816245 4.3665325343608856 6.5797536764293891 12.770387916127222 18.879135377705097 5.6814067866653195 11.72778105502948 12.882217431440948 3.515414327383044 4.4685352481901663 4.1164569184184066 2.9711962305009365
leaf_count=19 61 42 78 27 81 169 67 28 78 57 13 35 15 17
internal_value=-0.000853891 -0.00493002 -0.0139655 0.00252721 -0.000736384 -0.00591898 0.00129635 0.00186299 -0.00604628 0.00648519 -0.0143826 -0.00238654 -0.0209302 -0.0184566
internal_weight=124.308 55.3224 20.0344 68.9851 53.2354 31.5182 35.288 18.4518 16.4089 21.7173 13.0664 8.83507 12.5567 9.55095
internal_count=787 299 135 488 427 308 164 197 97 119 111 62 93 98
is_linear=0
shrinkage=0.03


Tree=286
num_leaves=15
num_cat=0
split_feature=8 5 7 8 7 9 9 26 19 1 19 20 19 16
split_gain=1.80359 2.55591 3.34304 2.47236 2.68255 1.85403 1.60257 1.29629 1.23424 1.87511 2.55338 1.35956 1.2354 0.622677
threshold=-0.17320114374160764 -1.2954359650611875 -0.15734300762414929 -0.56535387039184559 -1.020610451698303 0.54657700657844555 -0.17654144018888471 -0.31404201686382288 0.045182067900896079 -0.19237581640481946 0.68481943011283886 1.0315153002738955 -0.9117721915245055 -0.53122916817665089
decision_type=2 2 2 2 2 2 2 2 2 2 2 2 2 2
left_child=3 -2 6 4 -1 8 -3 13 12 11 -11 -10 -4 -6
right_child=1 2 5 -5 7 -7 -8 -9 9 10 -12 -13 -14 -15
leaf_value=0.0097517488068274549 0.010127435697435407 -0.019398913374579326 0.0040867873389340446 0.012450307106692877 -0.0045171168813112174 -0.010169047343995798 0.0025462771007617284 -0.013278937611096253 0.015225329356281079 0.0071843479145874949 -0.011264545979256281 -4.4968069836108197e-05 -0.010396424836575347 0.0059829514441266931
leaf_weight=9.3264057952910679 9.561363513581453 9.3235780678805877 5.7560241669416428 20.025643520988524 5.6020483896136311 8.4266979107633215 2.448971487581729 7.5859396951273075 11.549501937814052 9.1545611009933143 8.0971745587885362 7.6406886279582968 7.084318492561577 4.8278068238869301
leaf_count=42 34 168 28 89 36 66 14 62 38 41 36 33 39 37
internal_value=0.00130117 -0.00147636 -0.00364583 0.00563447 -0.000510534 -0.000201759 -0.0154356 -0.00678748 0.00228223 0.00496021 -0.00206017 0.0103928 -0.00457817 0.00070698
internal_weight=126.411 79.0429 69.4815 47.3678 27.3422 57.709 11.7725 18.0158 49.2823 36.4419 17.2517 19.1902 12.8403 10.4299
internal_count=763 497 463 266 177 281 182 135 215 148 77 71 67 73
is_linear=0
shrinkage=0.03


Tree=287
num_leaves=15
num_cat=0
split_feature=20 6 14 14 14 18 28 18 24 1 37 11 5 27
split_gain=1.99699 2.4666 2.03102 2.09119 1.97679 1.61481 2.49889 2.37161 2.09691 1.64144 1.57542 1.99004 0.760645 0.22585
threshold=1.0315153002738955 -1.3134785890579221 0.15498968958854678 -0.12352122738957404 0.15498968958854678 -0.17293284088373181 -0.77287420630455006 -0.92841798067092884 -0.56269074976444233 -0.66603073477745045 1.0000000180025095e-35 0.45376870036125189 -0.46197490394115442 -0.059669708833098405
decision_type=2 2 2 2 2 2 2 2 2 2 2 2 2 2
left_child=1 -1 3 5 -2 7 -7 -3 -9 13 11 -4 -11 -10
right_child=4 2 10 -5 -6 6 -8 8 9 12 -12 -13 -14 -15
leaf_value=0.012155652667411218 -0.014270393866649819 -0.010430695623755207 -0.0071585131891243135 0.011535205258690989 0.00096305438241682463 0.0060995611345450954 -0.015341752453109089 -0.0059571859769966418 -0.0073503539586652509 0.0016291367024986736 -0.011099087707844032 0.009251140936901707 0.017050455395209947 0.0017726126385806938
leaf_weight=13.221127544064073 10.179375041276218 4.2843582532368556 8.668005760759117 14.384919155389069 14.304844513535498 4.5234959553927183 7.5421274523250776 5.2473741974681607 1.3465814642258922 4.8261492380406752 15.448358578607438 8.0184873193502408 12.287612870568413 1.4292036015540386
leaf_count=52 48 47 43 57 57 22 62 36 47 55 76 25 133 15
internal_value=0.000198984 0.00210899 2.73522e-05 0.00339909 -0.00671627 -0.000359246 -0.00787133 0.00341733 0.00711656 0.0110696 -0.00550332 0.00104181 0.0140532 -0.00453371
internal_weight=125.712 101.228 88.0067 55.8718 24.4842 41.4869 12.0656 29.4213 25.1369 19.8895 32.1349 16.6865 17.1138 2.77579
internal_count=775 670 618 474 105 417 84 333 286 250 144 68 188 62
is_linear=0
shrinkage=0.03


Tree=288
num_leaves=15
num_cat=0
split_feature=22 8 4 10 7 22 17 30 20 8 7 1 20 11
split_gain=2.48506 1.81125 2.0094 1.92508 2.34866 3.50371 2.12792 1.95978 1.86146 1.73518 2.82792 2.22215 1.7888 0.444946
threshold=-1.7269616127014158 -0.17320114374160764 1.5873827934265139 -0.42929178476333613 0.3528266996145249 0.9079522192478181 -0.022812069393694397 0.069153182208538069 1.2629008293151858 -0.56535387039184559 -1.1098272800445554 -0.54761700332164753 -0.42206034064292902 0.45376870036125189
decision_type=2 2 2 2 2 2 2 2 2 2 2 2 2 2
left_child=-1 9 3 7 5 8 -6 -3 13 10 -2 -12 -13 -5
right_child=1 2 -4 4 6 -7 -8 -9 -10 -11 11 12 -14 -15
leaf_value=-0.014734347388546374 0.01297219445913219 -0.00026110565846245896 0.010770298653523311 -0.019573705398906942 0.012554347611441294 0.010128569884625467 -0.0039131175829521889 -0.015956856201992223 0.0033421225532613169 0.012285869371799185 -0.015142467347592363 -0.0067461108880779901 0.0092617837011488031 -0.0042448499668464703
leaf_weight=3.5978112287120885 7.0361498855054405 13.526232407428326 6.5575074203079557 7.0227130852290482 14.851808262988927 5.5004920522915191 7.9987418018281451 10.626445468515156 4.2291641160845748 18.625370183959603 5.7715880768373671 7.093529659323397 8.3675624504685313 6.0703840404748917
leaf_count=30 24 57 28 187 60 24 32 55 15 86 62 55 38 27
internal_value=0.000927817 0.00194141 -0.00093961 -0.00268552 0.00105065 -0.00521592 0.00712233 -0.00871914 -0.0112657 0.00627254 0.00105955 -0.00460819 0.00206358 -0.0156038
internal_weight=126.876 123.278 76.3835 69.826 45.6733 22.8228 22.8506 24.1527 17.3223 46.8942 28.2688 21.2327 15.4611 13.0931
internal_count=780 750 485 457 345 253 92 112 229 265 179 155 93 214
is_linear=0
shrinkage=0.03


Tree=289
num_leaves=15
num_cat=0
split_feature=12 8 20 19 21 4 26 8 24 22 30 16 23 8
split_gain=2.55734 2.41475 2.0541 2.13872 2.73287 2.55959 2.61708 2.11659 1.69685 1.84066 1.48854 1.68652 0.975044 0.937532
threshold=1.1303710937500002 -0.14399828761816022 0.5746772587299348 -1.4333746433258054 -0.23194614052772519 0.69493263959884655 -1.0000000180025095e-35 0.87810188531875621 -0.38554565608501429 -0.077161341905593858 -1.0263149738311765 -1.4051409363746641 -0.19555450603365895 -0.17320114374160764
decision_type=2 2 2 2 2 2 2 2 2 2 2 2 2 2
left_child=2 -2 3 -1 13 6 10 -4 -8 -10 -6 -12 -7 -5
right_child=1 -3 7 4 5 12 8 -9 9 -11 11 -13 -14 -15
leaf_value=0.0090692616749293523 0.0012229904661315849 -0.017728815503899639 0.011350198421546515 0.011104610950216053 0.001455539467762631 0.010417756785728698 0.0066269126298375758 -0.0037756549030802983 0.0025916071151288527 -0.016587521014608024 0.00035425482821297051 -0.024949288799020326 -0.0028944552017936649 -0.0014536031130815683
leaf_weight=9.8334180451929551 9.9878995828330535 8.3170351181179267 23.766002990305424 7.7557097868993878 2.3339113718829969 4.5397215513512492 7.5136860404163626 8.8542846217751485 6.278780105523766 4.6557937469333455 2.633344829082481 10.559437493444426 6.8789746124530193 7.4498835578560811
leaf_count=52 46 43 80 32 17 23 30 37 53 34 16 202 60 40
internal_value=-0.000342861 -0.00934417 0.00161441 -0.00132236 -0.00357134 -0.00710064 -0.0108487 0.00728838 -0.00204742 -0.00821707 -0.01826 -0.0211893 0.00395886 0.00611464
internal_weight=121.358 18.3049 103.053 70.4327 60.5992 45.3936 33.975 32.6203 18.4483 10.9346 15.5267 13.1928 11.4187 15.2056
internal_count=765 89 676 559 507 435 352 117 117 87 235 218 83 72
is_linear=0
shrinkage=0.03


Tree=290
num_leaves=12
num_cat=0
split_feature=19 52 10 2 29 56 11 18 18 19 25
split_gain=2.7612 2.26691 4.26076 3.42007 2.68313 4.25515 2.93324 2.68005 2.12369 1.80279 1.69127
threshold=-2.5477769374847408 1.0000000180025095e-35 -0.62710776925086964 1.020727872848511 1.5585805177688601 1.0000000180025095e-35 1.1290274858474734 -0.16823647171258924 -0.57081785798072804 1.4867295026779177 -0.32695157825946802
decision_type=2 2 2 2 2 2 2 2 2 2 2
left_child=-1 7 8 4 5 -4 9 -2 -3 -7 -10
right_child=1 2 3 -5 -6 6 -8 -9 10 -11 -12
leaf_value=0.014590792213883678 0.012893769539831523 -0.0066836261907082563 0.0058422957606734721 0.0094283480888421207 0.0027873690722179933 -0.022139058127086074 -0.0005744712179314059 -0.0065998017860211967 0.013118359087792854 0.00096937287608069142 -0.0015094719105365555
leaf_weight=4.3085578624159089 11.916613890905866 8.0107785882428271 6.4117076310794792 4.6968979835510245 9.2777309827506524 30.186400304955896 8.6551174782216531 6.2690955102443686 15.042889825999737 2.8782359361648551 9.5705147050321102
leaf_count=14 58 43 32 28 35 366 36 31 51 10 44
internal_value=-0.00120898 -0.00240498 -0.00428487 -0.00866252 -0.0107794 -0.0134107 -0.0166782 0.00619973 0.0040925 -0.0202644 0.00813605
internal_weight=117.225 112.916 94.7303 62.1061 57.4092 48.1315 41.7198 18.1857 32.6242 33.0646 24.6134
internal_count=748 734 645 507 479 444 412 89 138 376 95
is_linear=0
shrinkage=0.03


Tree=291
num_leaves=15
num_cat=0
split_feature=5 14 28 26 19 22 21 40 22 8 58 30 24 22
split_gain=1.94602 1.36437 2.12923 1.98773 1.89676 2.21187 2.80468 2.24223 3.53698 2.06022 1.63422 1.68041 1.44982 1.12203
threshold=1.512011766433716 1.5714724659919741 -1.4199225306510923 1.1874082088470461 0.50146746635437023 -0.35486505925655359 -0.1304158419370651 1.0000000180025095e-35 0.35087133944034582 0.12508522719144824 1.0000000180025095e-35 -0.55039921402931202 -0.73983585834503163 0.090760096907615675
decision_type=2 2 2 2 2 2 2 2 2 2 2 2 2 2
left_child=1 2 13 4 5 12 7 8 10 -6 11 -7 -4 -1
right_child=-2 -3 3 -5 9 6 -8 -9 -10 -11 -12 -13 -14 -15
leaf_value=-0.012607134213473876 -0.011230098412626547 0.0098561796712798577 0.0027229321647648757 0.013635957666094991 0.011042636246070362 -0.0044781772222471017 -0.013266235672056811 0.015171556502437915 -0.012011924556498924 -0.0033220279735482385 -0.0067868808246444087 0.013682872914421208 -0.015944020398314881 0.0013488278090570351
leaf_weight=9.8248703274875897 6.1585637213429427 11.663182310760019 3.3474504910409442 7.5066303089261046 19.99391678348184 3.366967332083731 5.0979967042803755 7.2338793175294986 9.2846668806159851 11.105935730040072 3.0113241990329689 14.061723932332834 9.0540737660485302 6.6150082834064952
leaf_count=49 62 43 15 24 65 50 33 32 80 46 28 147 91 28
internal_value=0.000819287 0.0018525 0.000606872 0.00245473 0.000774998 -0.00256167 0.00104208 0.00436143 -7.5101e-05 0.0061633 0.00664223 0.00995824 -0.0115708 -0.00798663
internal_weight=127.326 121.168 109.504 93.0646 85.5579 54.4581 42.0566 36.9586 29.7247 31.0999 20.44 17.4287 12.4015 16.4399
internal_count=793 731 688 611 587 476 370 337 305 111 225 197 106 77
is_linear=0
shrinkage=0.03


Tree=292
num_leaves=15
num_cat=0
split_feature=20 11 12 5 11 15 26 19 21 22 5 20 7 28
split_gain=2.05746 2.66056 2.39011 3.12032 2.74838 2.13926 1.86332 1.55387 1.5074 0.982232 0.862437 0.774952 1.33419 0.597664
threshold=-0.84923359751701344 -0.47867554426193232 1.0660492181777956 0.85401624441146862 0.48506437242031103 1.0000000180025095e-35 -0.71593949198722828 0.46695832908153539 2.3079483509063725 0.42406655848026281 -0.72517311573028553 -0.30340111255645746 0.72100335359573375 -0.2620465531945228
decision_type=2 2 2 2 2 2 2 2 2 2 2 2 2 2
left_child=1 13 3 5 -5 6 7 10 11 -4 -2 -8 -13 -1
right_child=2 -3 9 4 -6 -7 8 -9 -10 -11 -12 12 -14 -15
leaf_value=0.0027544788193242624 0.001910817901755511 0.015381708721429967 -0.013130800195664783 -0.017875811137908888 0.0061971033592939165 -0.0052900853217544667 0.0016831762998694504 0.0070272012803362987 -0.0036225830151015311 0.00024548522110616841 -0.013370371213155008 0.015115923988599267 0.0009949048896467957 -0.0093224289479055897
leaf_weight=3.6623205691576013 3.3041831320151678 13.570411910302935 10.519860257394614 7.0706876270705816 3.4941899292171001 13.441912721842526 9.2006202507764012 4.7444197386503211 5.2645567059516898 6.9831903837621203 5.0931339082308105 27.700447067793 8.2874494399875385 2.8994460329413432
leaf_count=26 21 58 56 84 14 56 48 14 19 26 58 202 37 42
internal_value=0.00167351 0.00938489 -0.000162661 0.00197552 -0.0104809 0.00421849 0.0064674 -0.00278943 0.00891267 -0.0089253 -0.00888843 0.0105885 0.0123821 -0.00430573
internal_weight=125.237 20.1322 105.105 87.6016 10.5649 77.0367 63.5948 13.1417 50.4531 17.5031 8.39732 45.1885 35.9879 6.56177
internal_count=761 126 635 553 98 455 399 93 306 82 79 287 239 68
is_linear=0
shrinkage=0.03


Tree=293
num_leaves=15
num_cat=0
split_feature=7 19 12 15 1 19 27 9 1 12 3 7 29 16
split_gain=2.56247 2.57733 2.61314 3.19366 2.51325 2.11528 3.18353 1.63729 1.73931 1.53498 1.09891 0.999784 0.706461 0.81546
threshold=-1.2116099596023557 0.045182067900896079 1.6694397330284121 0.21615567803382876 2.057485163211823 -1.0568305850028989 -0.075719472020864473 -0.93983313441276539 0.39969284832477575 -0.93118026852607716 -0.64624956250190724 0.39303712546825414 -0.52647703886032093 -0.66133150458335865
decision_type=2 2 2 2 2 2 2 2 2 2 2 2 2 2
left_child=-1 5 3 4 9 6 -2 -7 -9 -3 11 -11 -12 -14
right_child=1 2 -4 -5 -6 7 -8 8 -10 10 12 -13 13 -15
leaf_value=0.015437676299677391 -0.01041458456947016 -0.0039786365421282076 -0.010309119245710948 -0.0092320845989692438 -0.0077555574564565277 0.0025203663038216033 0.010719076533466891 -0.020993668037161073 -0.00044564539814381473 -0.0077380046797181912 0.0033840450650602645 0.0072536403738637685 0.0032419868168913719 0.015953596936154325
leaf_weight=5.0832836776971808 6.7250748407095662 5.0953743932768623 7.5535984076559535 8.6399546544998866 5.576331441756337 4.0476624667644492 9.2602306641638261 9.9203248387202638 5.2272186046466222 3.5636831025476488 11.920454720035186 2.5747451484203339 8.8011879362165839 27.136523520224756
leaf_count=13 62 42 38 40 32 22 38 85 30 83 46 8 35 179
internal_value=0.000929726 -0.000317246 0.00263029 0.00453666 0.00690678 -0.00657637 0.00146506 -0.0121919 -0.0157731 0.00878751 0.0102273 -0.00101642 0.0116292 0.0136167
internal_weight=121.126 116.042 80.8619 73.3083 64.6683 35.1805 15.9853 19.1952 15.1475 59.092 53.9966 6.13843 47.8582 35.9377
internal_count=753 740 503 465 425 237 100 137 115 393 351 91 260 214
is_linear=0
shrinkage=0.03


Tree=294
num_leaves=15
num_cat=0
split_feature=13 15 4 1 4 14 16 21 24 19 7 16 7 7
split_gain=1.34644 2.4102 3.29083 2.8316 2.16898 2.07339 1.84531 2.36432 2.6432 1.74856 1.82839 1.62314 1.03009 0.925084
threshold=1.9486086368560793 1.0000000180025095e-35 -0.49500095844268793 -0.90285822749137867 0.49661035835742956 0.87929600477218639 -0.97122657299041737 -0.43916094303131098 -1.0941260457038877 -0.1943819001317024 -0.31315837800502772 -0.07955483719706534 0.43073438107967382 -1.0030184090137479
decision_type=2 2 2 2 2 2 2 2 2 2 2 2 2 2
left_child=1 2 3 -1 6 -3 -4 -8 -9 -6 -11 -5 -12 -10
right_child=-2 5 4 11 9 -7 7 8 13 10 12 -13 -14 -15
leaf_value=-0.0063807107312456703 0.0096234414974096776 -0.016445712665979741 0.0038741478736852336 0.0002747247277951004 -0.0065055388772641831 0.0026594794766824112 0.0053231492987678569 0.0031527446186999306 -6.0591058935621252e-05 -0.003523009564800888 0.015371858270347209 0.017438772074224659 0.00088459892790037785 -0.020793907276704948
leaf_weight=4.9106020430335802 11.47808746434748 7.808106074575333 8.87714890390634 6.5481003671884563 7.4037743378430596 6.497766125947237 4.5920996703207484 4.9185140747576943 2.1953908898867658 8.0280392076820153 11.781806297542063 17.74519944365602 6.8670993745326987 13.543526772002233
leaf_count=46 40 46 40 37 46 23 17 20 14 42 72 119 28 171
internal_value=0.00161502 0.000415212 0.00223142 0.00984052 -0.0014761 -0.00932671 -0.00638785 -0.0100397 -0.0138267 0.00363028 0.00702616 0.0136489 0.0113521 -0.0186137
internal_weight=123.195 111.717 97.4113 29.2039 68.2074 14.3059 34.1267 25.2495 20.6574 34.0807 26.6769 24.2933 18.6489 15.7389
internal_count=761 721 652 202 450 69 262 222 205 188 142 156 100 185
is_linear=0
shrinkage=0.03


Tree=295
num_leaves=15
num_cat=0
split_feature=4 5 8 58 30 12 21 11 3 22 19 2 3 30
split_gain=1.61502 2.84251 2.0873 2.08338 1.87543 1.75465 1.86806 2.07912 1.9172 2.58953 1.825 1.71184 1.12692 0.36829
threshold=-0.94122606515884388 0.67855075001716625 1.6832665205001833 1.0000000180025095e-35 0.92184528708457958 -0.62650221586227406 -0.23194614052772519 0.51582035422325145 0.11917744576931001 2.1009523868560795 0.77628910541534435 0.65601173043251049 0.45212295651435858 -0.33795437216758722
decision_type=2 2 2 2 2 2 2 2 2 2 2 2 2 2
left_child=1 11 3 5 -5 13 -7 8 9 -8 -9 -1 -10 -2
right_child=2 -3 -4 4 -6 6 7 10 12 -11 -12 -13 -14 -15
leaf_value=-0.018886699063437186 0.015243174411806846 0.0077960941431337825 -0.0096511368106662124 -0.013233385916401698 0.0054936355379200013 0.0093206768628347741 -0.019912067861746732 0.010791627925410727 0.0085686144847413413 0.0066073565365804242 -0.0040013639551922577 0.0015432570568685072 -0.0049732405617500678 0.003959320612574581
leaf_weight=8.412302983982956 9.2589520551264304 4.3056317644659421 8.7892163358628732 7.7388296005665307 4.2122564613819122 15.543495628982781 8.0105442209751363 11.937339315190913 4.6379522295901543 1.7354565658606578 9.8545149601995927 4.1167405529413363 8.0925163817591947 8.9680228475481254
leaf_count=68 45 30 43 70 16 58 182 48 26 6 44 32 50 42
internal_value=-0.000226851 -0.00763451 0.00134262 0.00286786 -0.00695938 0.00470125 0.0018165 -0.00149687 -0.00717311 -0.0145506 0.00460376 -0.0136485 0.000985403 0.0117387
internal_weight=115.614 16.8347 98.7791 89.9899 11.9511 78.0388 59.8118 44.2683 22.4765 9.746 21.7919 12.529 12.7305 18.227
internal_count=760 130 630 587 86 501 414 356 264 188 92 100 76 87
is_linear=0
shrinkage=0.03


Tree=296
num_leaves=15
num_cat=0
split_feature=61 24 18 1 7 8 18 12 4 10 39 28 1 4
split_gain=2.2152 1.70696 2.30492 3.34939 2.16324 2.60117 1.77699 1.5665 4.04633 1.734 1.47849 1.46119 1.39464 1.26999
threshold=1.0000000180025095e-35 -0.20840055495500562 -0.37505111098289484 -0.19237581640481946 0.88561475276947033 -0.12313910201191901 -0.21125213056802747 0.31041885912418371 -0.49500095844268793 1.0000000180025095e-35 1.0000000180025095e-35 0.044450027868151672 1.1101752519607546 -0.94122606515884388
decision_type=2 2 2 2 2 2 2 2 2 2 2 2 2 2
left_child=10 2 -2 11 5 7 -7 8 9 -3 -1 -4 -5 -11
right_child=1 4 3 12 -6 6 -8 -9 -10 13 -12 -13 -14 -15
leaf_value=0.0009003095754379363 0.0051300404783034851 0.017363944407861386 -0.0059199267479123126 -0.023318010187489871 0.012991713412013653 0.0014024307279331856 -0.015650335696190967 0.011210483241272353 -0.012634524044409108 -0.011030855730784521 -0.016135547868102586 0.0084746527889792474 -0.0031374585084542549 0.0068595539018860962
leaf_weight=6.2818741990486151 14.102261320687829 4.9976861868053621 7.741329912096262 6.6202160585671663 12.009659882634876 8.8108196179382485 6.9333774019032708 14.045349070802329 8.4215540271252447 1.9794926351169122 8.0953021970926766 7.8514661900699139 6.6397079490125179 2.6069110225071199
leaf_count=34 61 13 35 41 41 55 42 57 126 40 121 28 32 32
internal_value=-0.00107116 0.000652507 -0.00367011 -0.00809375 0.00380086 0.000479769 -0.00806937 0.00520154 -0.000903493 0.0102022 -0.0103804 0.001626 -0.016839 -0.00258802
internal_weight=117.137 102.76 42.955 28.8527 59.8048 47.7952 15.7442 32.051 18.0056 9.58409 14.3772 15.5928 13.2599 4.5864
internal_count=758 603 197 136 406 365 97 268 211 85 155 63 73 72
is_linear=0
shrinkage=0.03


Tree=297
num_leaves=15
num_cat=0
split_feature=17 12 22 12 4 22 19 2 13 21 20 11 29 1
split_gain=2.11385 2.51677 3.29673 2.29685 2.40015 1.59927 1.59153 2.54233 2.05371 1.17676 2.7381 2.3134 1.34374 1.03048
threshold=-0.38846583664417261 1.0660492181777956 0.37329749763011938 -0.2094459533691406 -0.89164549112319935 1.0457385182380678 -1.1073299050331114 -0.25577870011329645 -0.25385545939207071 -0.23194614052772519 0.40855431556701666 1.3617219328880312 -1.2562471628189085 -0.19237581640481946
decision_type=2 2 2 2 2 2 2 2 2 2 2 2 2 2
left_child=5 3 13 4 -2 -1 -6 -8 -9 -5 11 12 -11 -3
right_child=1 2 -4 9 6 -7 7 8 -10 10 -12 -13 -14 -15
leaf_value=-0.014277907736535769 -0.013220184110611061 -0.0021917079819066825 0.0056862714618689351 0.013808226100749169 0.011841743590021086 0.002905540087317761 0.0072457714177469705 0.0036566734085921654 -0.01645409342522583 0.0051340064666808736 0.011521935579619372 0.011257846477156188 -0.011214038087338341 -0.0196247755089058
leaf_weight=9.3519795532338303 6.7828444819897404 6.0372493900358677 9.1199202015995962 15.36442171409726 6.2207544837147024 5.1915182210505 10.828041147440675 4.9304598569870013 7.0070769418962247 2.7298720553517333 15.896713655441998 2.8464840799570075 13.97005409514532 6.6991222389042395
leaf_count=109 49 31 28 49 21 29 42 17 61 10 58 8 215 39
internal_value=0.000148413 0.00171289 -0.00646006 0.00401621 -0.00170386 -0.00896996 0.00253945 -0.00167714 -0.00952046 0.00783507 0.00385874 -0.00345106 -0.00797448 -0.0143086
internal_weight=122.977 108.433 21.8563 86.5767 35.7692 14.5435 28.9863 22.7656 11.9375 50.8075 35.4431 19.5464 16.6999 12.7364
internal_count=766 628 98 530 190 138 141 120 78 340 291 233 225 70
is_linear=0
shrinkage=0.03


Tree=298
num_leaves=15
num_cat=0
split_feature=0 19 17 14 35 0 11 23 9 2 1 30 30 11
split_gain=1.91876 1.65973 1.45133 1.90234 2.31489 2.08967 3.76347 4.41735 2.56456 2.46058 1.50506 1.2491 1.23414 1.19677
threshold=-1.7491278648376463 -2.2536536455154415 -0.38846583664417261 1.5714724659919741 1.0000000180025095e-35 0.11180475258152002 -0.2304960414767265 -1.3291178345680235 -0.8996598720550536 -1.5322852730751035 0.16286537796258929 -0.86936098337173451 -0.091874383389949785 -1.1112717390060423
decision_type=2 2 2 2 2 2 2 2 2 2 2 2 2 2
left_child=-1 -2 11 4 -4 10 12 -8 -9 -10 -6 -3 -7 -13
right_child=1 2 3 -5 5 6 7 8 9 -11 -12 13 -14 -15
leaf_value=-0.013172322025736049 0.011989898378537703 0.0037450058843028554 0.0084279977997435609 0.011200456967736633 -0.0041857026173210982 -0.0038127266199671191 0.0082797337003908972 0.0022103577536195162 0.0016746502908093098 -0.023047016319170558 0.0094566205509167348 0.0018465140399650654 0.0092191337061435733 -0.017351988587201231
leaf_weight=5.6663871915079644 4.77451611123979 3.0387796359136692 13.914305607031563 8.0989606752991659 8.7917009629309195 7.7562716137617853 5.0045133009552876 4.6797804627567485 3.491212278604503 19.597694434109172 12.14357416029088 2.7410584744065991 10.129499690607181 6.395105368923395
leaf_count=60 20 19 62 29 77 52 17 18 13 205 52 21 38 80
internal_value=-0.00102065 0.000145166 -0.000906466 0.000536551 -0.00103644 -0.00330594 -0.00642499 -0.0118723 -0.0162133 -0.0196762 0.00402511 -0.00892745 0.00396948 -0.0129762
internal_weight=116.223 110.557 105.782 93.6075 85.5086 71.5942 50.659 32.7732 27.7687 23.0889 20.9353 12.1749 17.8858 9.13616
internal_count=763 703 683 563 534 472 343 253 236 218 129 120 90 101
is_linear=0
shrinkage=0.03


Tree=299
num_leaves=15
num_cat=0
split_feature=26 14 23 17 20 25 22 22 18 30 56 9 5 28
split_gain=2.13817 2.97784 3.75759 2.41794 2.26871 1.79442 1.61831 1.24966 2.19381 1.4978 1.12527 0.698838 1.53597 0.669046
threshold=0.3684373944997788 0.65390467643737804 0.56015436351299297 -0.38846583664417261 0.21869953721761706 -0.62305282056331623 0.060591403394937522 -0.51666581630706776 0.082035310566425337 1.5516090393066408 1.0000000180025095e-35 0.48631714284420019 0.32761977612972265 -0.023660323582589623
decision_type=2 2 2 2 2 2 2 2 2 2 2 2 2 2
left_child=3 2 -2 6 -4 -3 -1 8 -5 10 -9 12 13 -12
right_child=1 5 4 7 -6 -7 -8 9 -10 -11 11 -13 -14 -15
leaf_value=-0.013602653830328326 -0.018678277351920299 0.010684846764866992 -0.0080477314537969538 -0.011365495988544491 0.010984655781217909 -0.004829698501667804 0.0026505149761016263 -0.0020014217589688116 0.0082772200151476488 -0.00480541029276268 0.0025341670392591076 0.0016918598197860648 5.7683441604660408e-05 0.017647400869426032
leaf_weight=6.2384378262795499 13.640183151699604 10.280365392565729 6.3913365602493268 5.5885981447063369 6.3013135120272636 8.0113155581057054 8.1894684256985766 5.2201620332780285 5.1065745363011956 4.4351784670725456 5.0124873854219869 7.8664227502886197 7.028496893355622 21.161944823281381
leaf_count=85 93 31 40 49 20 36 53 26 23 21 25 57 85 137
internal_value=0.000588613 -0.00433802 -0.0100757 0.00357619 0.00183503 0.00431174 -0.0060693 0.0061283 -0.00233768 0.00796291 0.00953549 0.01106 0.0127675 0.0156238
internal_weight=120.472 44.6245 26.3328 75.8478 12.6927 18.2917 14.4279 61.4199 10.6952 50.7247 46.2895 41.0694 33.2029 26.1744
internal_count=781 220 153 561 60 67 138 423 72 351 330 304 247 162
is_linear=0
shrinkage=0.03


end of trees

feature_importances:
Column_9=219
Column_14=185
Column_7=184
Column_18=182
Column_17=175
Column_8=160
Column_5=157
Column_19=155
Column_20=152
Column_11=147
Column_4=142
Column_27=142
Column_6=137
Column_2=136
Column_12=134
Column_22=132
Column_28=127
Column_30=122
Column_16=118
Column_29=116
Column_1=114
Column_25=113
Column_10=109
Column_0=88
Column_26=82
Column_3=80
Column_24=75
Column_23=60
Column_21=57
Column_13=54
Column_31=31
Column_61=30
Column_15=23
Column_52=22
Column_39=18
Column_53=12
Column_68=11
Column_40=9
Column_37=8
Column_66=8
Column_58=7
Column_35=6
Column_67=6
Column_32=4
Column_59=4
Column_33=3
Column_48=3
Column_36=2
Column_38=2
Column_41=2
Column_45=2
Column_56=2
Column_62=2
Column_69=2
Column_49=1
Column_54=1
Column_55=1
Column_63=1
Column_65=1
Column_70=1

parameters:
[boosting: gbdt]
[objective: binary]
[metric: binary_logloss]
[tree_learner: serial]
[device_type: cpu]
[data_sample_strategy: bagging]
[data: ]
[valid: ]
[num_iterations: 300]
[learning_rate: 0.03]
[num_leaves: 15]
[num_threads: 4]
[seed: 42]
[deterministic: 0]
[force_col_wise: 0]
[force_row_wise: 0]
[histogram_pool_size: -1]
[max_depth: -1]
[min_data_in_leaf: 30]
[min_sum_hessian_in_leaf: 0.001]
[bagging_fraction: 0.8]
[pos_bagging_fraction: 1]
[neg_bagging_fraction: 1]
[bagging_freq: 1]
[bagging_seed: 400]
[bagging_by_query: 0]
[feature_fraction: 0.7]
[feature_fraction_bynode: 1]
[feature_fraction_seed: 30056]
[extra_trees: 0]
[extra_seed: 12879]
[early_stopping_round: 0]
[early_stopping_min_delta: 0]
[first_metric_only: 0]
[max_delta_step: 0]
[lambda_l1: 0]
[lambda_l2: 5]
[linear_lambda: 0]
[min_gain_to_split: 0]
[drop_rate: 0.1]
[max_drop: 50]
[skip_drop: 0.5]
[xgboost_dart_mode: 0]
[uniform_drop: 0]
[drop_seed: 17869]
[top_rate: 0.2]
[other_rate: 0.1]
[min_data_per_group: 100]
[max_cat_threshold: 32]
[cat_l2: 10]
[cat_smooth: 10]
[max_cat_to_onehot: 4]
[top_k: 20]
[monotone_constraints: ]
[monotone_constraints_method: basic]
[monotone_penalty: 0]
[feature_contri: ]
[forcedsplits_filename: ]
[refit_decay_rate: 0.9]
[cegb_tradeoff: 1]
[cegb_penalty_split: 0]
[cegb_penalty_feature_lazy: ]
[cegb_penalty_feature_coupled: ]
[path_smooth: 0]
[interaction_constraints: ]
[verbosity: -1]
[saved_feature_importance_type: 0]
[use_quantized_grad: 0]
[num_grad_quant_bins: 4]
[quant_train_renew_leaf: 0]
[stochastic_rounding: 1]
[linear_tree: 0]
[max_bin: 255]
[max_bin_by_feature: ]
[min_data_in_bin: 3]
[bin_construct_sample_cnt: 200000]
[data_random_seed: 175]
[is_enable_sparse: 1]
[enable_bundle: 1]
[use_missing: 1]
[zero_as_missing: 0]
[feature_pre_filter: 1]
[pre_partition: 0]
[two_round: 0]
[header: 0]
[label_column: ]
[weight_column: ]
[group_column: ]
[ignore_column: ]
[categorical_feature: ]
[forcedbins_filename: ]
[precise_float_parser: 0]
[parser_config_file: ]
[objective_seed: 16083]
[num_class: 1]
[is_unbalance: 1]
[scale_pos_weight: 1]
[sigmoid: 1]
[boost_from_average: 1]
[reg_sqrt: 0]
[alpha: 0.9]
[fair_c: 1]
[poisson_max_delta_step: 0.7]
[tweedie_variance_power: 1.5]
[lambdarank_truncation_level: 30]
[lambdarank_norm: 1]
[label_gain: ]
[lambdarank_position_bias_regularization: 0]
[eval_at: ]
[multi_error_top_k: 1]
[auc_mu_weights: ]
[num_machines: 1]
[local_listen_port: 12400]
[time_out: 120]
[machine_list_filename: ]
[machines: ]
[gpu_platform_id: -1]
[gpu_device_id: -1]
[gpu_device_id_list: ]
[gpu_use_dp: 0]
[num_gpu: 1]

end of parameters

pandas_categorical:null
