tree
version=v4
num_class=1
num_tree_per_iteration=1
label_index=0
max_feature_idx=75
objective=binary sigmoid:1
feature_names=Column_0 Column_1 Column_2 Column_3 Column_4 Column_5 Column_6 Column_7 Column_8 Column_9 Column_10 Column_11 Column_12 Column_13 Column_14 Column_15 Column_16 Column_17 Column_18 Column_19 Column_20 Column_21 Column_22 Column_23 Column_24 Column_25 Column_26 Column_27 Column_28 Column_29 Column_30 Column_31 Column_32 Column_33 Column_34 Column_35 Column_36 Column_37 Column_38 Column_39 Column_40 Column_41 Column_42 Column_43 Column_44 Column_45 Column_46 Column_47 Column_48 Column_49 Column_50 Column_51 Column_52 Column_53 Column_54 Column_55 Column_56 Column_57 Column_58 Column_59 Column_60 Column_61 Column_62 Column_63 Column_64 Column_65 Column_66 Column_67 Column_68 Column_69 Column_70 Column_71 Column_72 Column_73 Column_74 Column_75
feature_infos=[-3.2419445514678955:3.6080608367919922] [-3.6855809688568115:2.7087607383728027] [-7.0942068099975586:1.111906886100769] [-1.4644037485122681:5.7899570465087891] [-4.5853977203369141:7.2643575668334961] [-3.2913558483123779:4.0343279838562012] [-3.8626396656036377:5.5951175689697266] [-1.7318322658538818:6.5138168334960938] [-2.1277070045471191:4.5597481727600098] [-1.9341210126876831:6.7031269073486328] [-4.8801517486572266:6.395359992980957] [-2.4648604393005371:5.5522809028625488] [-2.5138578414916992:3.9980614185333252] [-3.1569356918334961:5.7070016860961914] [-1.8634264469146729:8.0895652770996094] [-0.19325003027915955:16.947818756103516] [-2.3513603210449219:4.6504769325256348] [-0.52451831102371216:9.5452308654785156] [-1.1754848957061768:5.6303915977478027] [-4.1483917236328125:3.6860666275024414] [-1.1992783546447754:6.2287898063659668] [-2.1380665302276611:6.4852581024169922] [-4.8313512802124023:6.5350465774536133] [-4.0685625076293945:5.944580078125] [-6.674196720123291:6.4345407485961914] [-4.9165205955505371:5.7431240081787109] [-2.5425152778625488:4.2641687393188477] [-1.3982925415039062:6.6658940315246582] [-2.7310469150543213:1.2534087896347046] [-2.3248391151428223:4.9207358360290527] [-4.5532002449035645:5.9397134780883789] [-0.6084059476852417:1.6436393260955811] [-1.6436393260955811:0.6084059476852417] [-0.80285197496414185:1.7486410140991211] [-0.50947773456573486:3.4623692035675049] [-0.8544427752494812:1.1703534126281738] [-1.1703534126281738:0.8544427752494812] [-2.5191574096679688:0.39695814251899719] [-0.39695814251899719:2.5191574096679688] [-1.3236923217773438:0.75546258687973022] [-0.75546258687973022:1.3236923217773438] [-2.0265614986419678:0.49344664812088013] [-0.49344664812088013:2.0265614986419678] [-2.6633100509643555:0.37547263503074646] [-0.37547263503074646:2.6633100509643555] [-0.18619762361049652:5.3706378936767578] none [-4.2999763488769531:0.23255942761898041] [-3.8969783782958984:0.25660908222198486] [-0.25660908222198486:3.8969783782958984] [-3.4008512496948242:0.29404401779174805] [-0.29404401779174805:3.4008512496948242] [-4.4969124794006348:0.22237479686737061] [-0.22237479686737061:4.4969124794006348] [-2.6893787384033203:0.37183308601379395] [-0.37183308601379395:2.6893787384033203] [-3.0444731712341309:0.32846406102180481] [-0.32846406102180481:3.0444731712341309] [-2.8918411731719971:0.34580045938491821] [-0.34580045938491821:2.8918411731719971] [-0.40924522280693054:2.4435226917266846] [-2.4435226917266846:0.40924522280693054] [-0.52930223941802979:1.8892797231674194] [-1.8892797231674194:0.52930223941802979] [-2.0470020771026611:0.48851928114891052] [-0.48851928114891052:2.0470020771026611] [-2.9741151332855225:0.336234450340271] [-0.336234450340271:2.9741151332855225] [-1.7117363214492798:0.5842021107673645] [-0.5842021107673645:1.7117363214492798] [-3.6701085567474365:0.27247151732444763] [-0.27247151732444763:3.6701085567474365] [-0.44186428189277649:2.2631382942199707] [-2.2631382942199707:0.44186428189277649] [-2.6378653049468994:0.37909442186355591] [-0.37909442186355591:2.6378653049468994]
tree_sizes=1245 1304 1195 1300 1508 1199 1191 1618 1406 1394 1299 1208 1308 1406 1199 1729 1624 1618 1616 1298 1413 1733 1512 1620 1407 1617 1519 1298 1510 1623 1611 1514 1612 1727 1520 1719 1525 1626 1612 1720 1724 1713 1514 1622 1735 1724 1620 1419 1619 1624 1401 1512 1518 1529 1516 1511 1730 1725 1510 1718 1728 1730 1732 1735 1519 1737 1419 1735 1618 1633 1636 1721 1619 1724 1516 1725 1731 1716 1726 1732 1729 1741 1726 1736 1738 1720 1733 1737 1521 1725 1737 1739 1743 1732 1733 1727 1719 1736 1735 1741 1732 1733 1737 1737 1731 1728 1736 1732 1733 1743 1725 1715 1742 1723 1726 1729 1527 1410 1743 1734 1736 1736 1739 1738 1730 1729 1730 1739 1637 1734 1627 1741 1733 1733 1736 1730 1730 1740 1739 1742 1732 1743 1746 1730 1742 1737 1717 1731 1735 1740 1737 1731 1734 1738 1734 1730 1747 1740 1740 1731 1728 1741 1728 1748 1732 1530 1743 1734 1726 1724 1744 1724 1733 1740 1631 1737 1742 1737 1738 1629 1740 1740 1731 1726 1723 1743 1739 1736 1726 1735 1743 1741 1735 1742 1529 1733 1747 1731 1741 1736 1734 1721 1734 1744 1735 1736 1638 1729 1731 1735 1742 1732 1744 1747 1735 1731 1728 1732 1737 1746 1746 1733 1740 1746 1739 1725 1635 1735 1738 1737 1743 1742 1732 1740 1747 1740 1747 1733 1746 1740 1732 1752 1751 1732 1751 1732 1744 1742 1738 1630 1736 1738 1739 1747 1750 1733 1745 1754 1629 1736 1733 1727 1743 1746 1748 1754 1748 1745 1749 1748 1743 1755 1740 1741 1734 1737 1740 1735 1742 1727 1747 1745 1637 1743 1752 1748 1744 1736 1743 1749 1744 1738 1746 1751 1738 1744 1755 1741 1741 1743

Tree=0
num_leaves=11
num_cat=0
split_feature=17 19 14 17 32 14 14 11 16 1
split_gain=278.076 87.6988 62.2499 39.5506 26.9576 32.4894 16.0434 15.0936 14.7963 8.91444
threshold=-0.18902878463268277 0.38651748001575476 1.0000000180025095e-35 -0.31965644657611841 1.0000000180025095e-35 0.28645075112581259 0.41321270167827612 -0.37522369623184199 -0.72161740064620961 1.2285889983177187
decision_type=2 2 2 2 2 2 2 2 2 2
left_child=1 2 3 7 -2 -6 -4 8 -1 -5
right_child=4 -3 6 9 5 -7 -8 -9 -10 -11
leaf_value=-1.3635506781915578 -1.2687202977555265 -1.3143032740414917 -1.3233911333480672 -1.4184249464064567 -1.3647859805422793 -1.3017614333707666 -1.3751832496715104 -1.3510742342279727 -1.4102074052953231 -1.3801719119820399
leaf_weight=6.079999864101409 44.959998995065689 21.91999951004982 13.599999696016313 29.919999331235886 16.479999631643295 21.119999527931213 11.19999974966049 14.079999685287474 8.799999803304674 4.7999998927116385
leaf_count=26 92 68 43 187 76 57 55 58 55 24
internal_value=-1.32889 -1.36186 -1.37686 -1.39311 -1.28872 -1.32362 -1.34099 -1.3688 -1.39022 -1.41303
internal_weight=192.96 110.4 88.48 63.68 82.56 37.6 24.8 28.96 14.88 34.72
internal_count=741 516 448 350 225 133 98 139 81 211
is_linear=0
shrinkage=1


Tree=1
num_leaves=11
num_cat=0
split_feature=32 2 11 17 3 14 28 18 14 18
split_gain=266.442 118.031 53.747 28.4666 21.1223 19.1177 12.8596 7.84537 7.35079 4.4392
threshold=1.0000000180025095e-35 1.0000000180025095e-35 -0.096637118607759462 -0.371030643582344 0.11917744576931001 1.0000000180025095e-35 -0.1258258521556854 -0.36572434008121485 1.0000000180025095e-35 0.10194258391857149
decision_type=2 2 2 2 2 2 2 2 2 2
left_child=3 4 5 -1 -2 7 -4 -3 -6 -7
right_child=1 2 6 -5 8 9 -8 -9 -10 -11
leaf_value=0.028993672621368441 0.022661825166344459 -0.0012796591835713864 0.054497646137429627 0.10178841317669166 0.027592492248888253 -0.0032615551846870532 0.0084886036716916215 -0.031974174544200359 0.086867219220507566 0.025133176635823297
leaf_weight=10.417028844356535 15.99749471247196 10.105278521776194 10.040742263197901 72.647619307041168 8.9176156073808688 7.4055816382169706 12.059351891279219 29.715132310986522 19.587788715958595 5.6187659949064255
leaf_count=43 71 54 31 164 37 39 59 188 46 22
internal_value=0.0549748 0.0245672 0.000770527 0.0948238 0.0605164 -0.0156089 0.0355901 -0.0251965 0.0752086 0.012562
internal_weight=202.512 119.448 74.9449 83.0646 44.5029 52.8448 22.1001 39.8204 28.5054 13.0243
internal_count=754 547 393 207 154 303 90 242 83 61
is_linear=0
shrinkage=0.03


Tree=2
num_leaves=10
num_cat=0
split_feature=14 14 11 2 33 7 2 25 17
split_gain=218.31 92.8068 44.4084 24.3925 20.1726 15.0596 14.7532 10.1434 5.8218
threshold=-0.12352122738957404 -0.27143290638923639 -0.47867554426193232 1.0000000180025095e-35 1.1107677668333056 -0.69390079379081715 0.10893747303634883 0.56135213375091564 -0.20487888157367704
decision_type=2 2 2 2 2 2 2 2 2
left_child=1 2 5 -2 8 -1 -3 -4 -5
right_child=3 6 7 4 -6 -7 -8 -9 -10
leaf_value=0.023170426004046875 0.093753965975158865 0.0077016453561160846 0.057918391220175086 0.028312556224151953 0.007237323410705522 -0.019701419105608055 -0.031426638115691269 0.014373634670064741 0.073228640692676261
leaf_weight=7.9180535078048733 56.189995348453522 9.6439248621463758 35.633562758564949 14.112269818782805 9.7222767621278745 12.213650271296499 26.491680145263672 10.053179770708082 18.138150796294212
leaf_count=33 122 46 117 57 45 73 168 45 43
internal_value=0.0474458 0.0154561 0.0357249 0.0783117 0.0498597 -0.00158432 -0.0213172 0.0506996 0.0600125
internal_weight=200.117 101.954 65.8184 98.1627 41.9727 20.1317 36.1356 45.6867 32.2504
internal_count=749 482 268 267 145 106 214 162 100
is_linear=0
shrinkage=0.03


Tree=3
num_leaves=11
num_cat=0
split_feature=14 11 2 10 27 26 3 16 7 7
split_gain=217.021 70.1593 54.146 29.5654 20.0708 10.9983 8.38782 7.91816 3.33707 1.62193
threshold=-0.12352122738957404 -0.096637118607759462 1.0000000180025095e-35 0.55978818237781536 -0.52360963821411122 0.66395565867424022 -0.44037659466266627 -0.97122657299041737 0.14297857135534289 0.24978749454021457
decision_type=2 2 2 2 2 2 2 2 2 2
left_child=1 2 -1 6 -3 -5 -2 -4 -6 -9
right_child=3 4 7 5 8 -7 -8 9 -10 -11
leaf_value=0.033112847315038718 0.04004895406914067 2.1250124077573253e-05 0.0050500273155558934 0.001474632085171625 0.055753433448702934 0.043830962058420471 0.087644376416807057 -0.032539058940320838 0.015684293081285494 -0.0057626553273821823
leaf_weight=14.433109849691389 17.190833672881126 9.3647757619619352 5.0245978683233252 8.7472140938043612 22.471778482198719 11.811683669686316 66.355498507618904 34.875841438770294 7.4007779806852332 4.7169586271047583
leaf_count=54 58 46 25 41 70 36 141 224 31 27
internal_value=0.0432358 0.0103308 -0.0102951 0.0724051 0.039027 0.0296235 0.0806654 -0.0262588 0.0494986 -0.0303528
internal_weight=202.393 98.2878 59.0505 104.105 39.2373 20.5589 83.5463 44.6174 29.8726 39.5928
internal_count=753 477 330 276 147 77 199 276 101 251
is_linear=0
shrinkage=0.03


Tree=4
num_leaves=13
num_cat=0
split_feature=17 11 11 32 20 9 30 5 3 3 8 22
split_gain=182.427 66.8178 46.5884 23.6616 17.2982 20.438 18.4381 16.5008 14.6885 3.73498 1.24039 0.350193
threshold=-0.17330861836671826 1.0000000180025095e-35 -0.14014987647533414 1.0000000180025095e-35 0.34922468662261968 -0.2368013113737106 0.17912140488624576 0.67855075001716625 1.0000000180025095e-35 -0.24481490254402158 -0.21909135580062863 0.76259681582450878
decision_type=2 2 2 2 2 2 2 2 2 2 2 2
left_child=1 2 4 -2 5 8 11 9 -1 -3 -4 -7
right_child=3 7 10 -5 -6 6 -8 -9 -10 -11 -12 -13
leaf_value=0.0024890283031129478 0.090866235391249744 0.023084698717656879 -0.005128182269702279 0.0466237987502056 0.046817333594321303 -0.027148598755725985 0.020588049637760238 0.0040899646431237727 0.050121440248257966 0.061680363467425212 -0.029948453934566893 -0.0065214415407882243
leaf_weight=11.595720216631891 54.92399163544178 11.746833652257918 4.4819473624229458 37.798947289586067 9.8575419783592206 12.892042249441152 8.4415811598300916 7.8447810113430014 7.9544864743947974 27.820546954870224 20.998070284724236 4.8801349252462378
leaf_count=59 92 47 25 124 29 80 35 35 21 76 137 27
internal_value=0.0450394 0.02059 0.00331617 0.0761389 0.0183558 0.00821772 -0.00876026 0.0470027 0.0281303 0.0540974 -0.02714 -0.02416
internal_weight=221.237 128.514 81.1015 92.7229 55.6215 45.764 26.2138 47.4122 19.5502 39.5674 25.48 17.7722
internal_count=787 571 413 216 251 222 142 158 80 123 162 107
is_linear=0
shrinkage=0.03


Tree=5
num_leaves=10
num_cat=0
split_feature=17 29 20 10 21 32 9 28 32
split_gain=164.084 83.9525 54.0268 23.5226 27.5345 13.9819 16.4555 10.4948 4.64754
threshold=-0.20487888157367704 -1.2562471628189085 0.27802915871143347 1.0000000180025095e-35 -0.65217328071594227 1.0000000180025095e-35 -0.076108321547508226 0.41905695199966436 1.0000000180025095e-35
decision_type=2 2 2 2 2 2 2 2 2
left_child=1 -1 3 7 -5 -2 -7 -3 -6
right_child=5 2 -4 4 8 6 -8 -9 -10
leaf_value=0.063640530162077186 0.082419979681768035 0.025852382549827527 0.041470213372376913 0.027845282441465995 -0.0041169058493623406 0.053812836394485856 0.0038461842897690303 -0.008917745322618088 -0.032760241010667109
leaf_weight=21.422999992966652 55.678760051727295 14.71660900115967 19.654761910438538 5.093657284975051 7.612195372581481 35.576244100928307 7.894833877682685 9.64161269366741 36.208043441176414
leaf_count=58 94 58 63 17 39 103 35 51 233
internal_value=0.0420896 0.0164417 0.00286685 -0.00947587 -0.0207896 0.0694601 0.0460712 0.0129146 -0.0287157
internal_weight=213.5 114.35 92.9269 73.2721 48.9139 99.1498 43.4711 24.3582 43.8202
internal_count=751 519 461 398 289 232 138 109 272
is_linear=0
shrinkage=0.03


Tree=6
num_leaves=10
num_cat=0
split_feature=14 19 27 25 22 8 30 5 9
split_gain=150.773 67.8212 36.2897 27.7098 18.8005 14.2158 10.6514 8.21849 3.43446
threshold=-0.12352122738957404 0.24179019778966906 -0.075719472020864473 -0.32695157825946802 -1.6999214887619016 -0.6717357039451598 -0.44230458140373224 0.064421555027365698 -0.19662806391716001
decision_type=2 2 2 2 2 2 2 2 2
left_child=1 2 3 -1 -2 -6 -4 -3 -5
right_child=4 7 6 8 5 -7 -8 -9 -10
leaf_value=0.019333540682749471 -0.01024472227220927 0.054695464028246682 0.041066542330026226 -0.0062725304341573222 0.019260252185268792 0.06873649276256201 0.00037041727874836559 0.013454711317786396 -0.032139648540728843
leaf_weight=10.792089328169821 1.774580880999564 22.387156948447227 10.862691119313242 8.501572519540785 10.53140079975128 97.119150385260582 9.2582278549671155 10.028001859784125 32.180890962481499
leaf_count=46 10 59 34 45 39 216 46 40 211
internal_value=0.0395153 0.0126823 -0.00414705 -0.017253 0.0633519 0.064966 0.0261419 0.0454402 -0.0280123
internal_weight=213.436 104.011 71.5955 51.4746 109.425 107.651 20.1209 32.4152 40.6825
internal_count=746 481 382 302 265 255 80 99 256
is_linear=0
shrinkage=0.03


Tree=7
num_leaves=14
num_cat=0
split_feature=14 19 14 20 3 25 14 3 2 9 6 7 7
split_gain=122.765 75.3733 37.5553 24.5571 17.7187 14.7236 12.2692 11.2414 11.1424 10.6526 5.08613 23.9707 1.85985
threshold=1.0000000180025095e-35 0.38651748001575476 -0.27143290638923639 -1.062820255756378 0.11917744576931001 -0.32695157825946802 -0.12352122738957404 -0.64624956250190724 1.0000000180025095e-35 -0.17654144018888471 -0.64847996830940235 -0.26038220524787897 -0.6524338126182555
decision_type=2 2 2 2 2 2 2 2 2 2 2 2 2
left_child=1 2 5 -2 9 -1 12 -7 -9 -5 -3 -12 -4
right_child=3 10 6 4 -6 7 -8 8 -10 -11 11 -13 -14
leaf_value=0.037201411004808081 -0.0048520339916975292 0.064491808616732996 -0.0037792379647130694 0.044338708394374184 0.073813866035413706 -0.021791743919460049 0.011174697440671719 -0.012540739044557676 0.025562058928298253 0.0031129821374820976 0.048711986317667488 -0.0082823644281259205 -0.030998623302693654
leaf_weight=14.761597067117689 4.1612533479928961 15.140640273690222 4.0584082454443005 23.970317304134372 68.963107764720917 6.8600033074617413 5.8762305527925482 6.8859335780143764 14.792746484279631 7.9940506368875495 12.04383063316345 8.813831493258478 26.946996122598648
leaf_count=49 20 30 22 64 123 43 22 36 59 34 30 41 182
internal_value=0.038385 0.0160531 -0.000814892 0.0612234 0.0640482 0.0172586 -0.021561 0.00293496 0.0133772 0.0358442 0.0491419 0.0276834 -0.0284554
internal_weight=221.269 116.18 80.1819 105.089 100.927 43.3003 36.8816 28.5387 21.6787 31.9644 35.9983 20.8577 31.0054
internal_count=755 514 413 241 221 187 226 138 95 98 101 71 204
is_linear=0
shrinkage=0.03


Tree=8
num_leaves=12
num_cat=0
split_feature=17 19 29 20 26 32 22 19 18 19 3
split_gain=123.733 76.4604 41.3406 34.317 22.7279 22.0843 8.89445 7.31601 4.4828 4.33455 2.9692
threshold=-0.26962263882160181 0.48822985589504247 -1.5168793201446531 1.0000000180025095e-35 0.3684373944997788 1.0000000180025095e-35 1.3669899106025698 0.045182067900896079 -0.02585536707192659 -1.3178758621215818 0.11917744576931001
decision_type=2 2 2 2 2 2 2 2 2 2 2
left_child=1 2 -1 4 6 9 -4 8 -7 -2 -9
right_child=5 -3 3 -5 -6 7 -8 10 -10 -11 -12
leaf_value=0.041749678825695677 0.0059278266524701558 0.058124537438622524 -0.033169545048005289 0.026339751932234621 0.012116717206453975 0.024361545522161583 0.0047513821057041661 0.021938424982011803 -0.0031430081351083066 0.07226943447000149 0.052505368752103154
leaf_weight=12.169649928808211 1.8470940589904774 21.263194233179092 40.894474536180496 14.178199678659437 12.806053474545477 9.2349863350391406 5.0181108862161627 15.605157539248465 6.8925545811653128 65.047544091939926 27.651120185852051
leaf_count=37 6 49 268 48 54 31 24 56 31 104 64
internal_value=0.0381648 0.0133798 -0.000410493 -0.00967689 -0.0197579 0.0577299 -0.0289653 0.0384539 0.0146448 0.0709773 0.0448937
internal_weight=232.608 106.33 85.0665 72.8968 58.7186 126.278 45.9126 59.3838 16.1275 66.8946 43.2563
internal_count=772 480 431 394 346 292 292 182 62 110 120
is_linear=0
shrinkage=0.03


Tree=9
num_leaves=12
num_cat=0
split_feature=17 27 17 12 0 9 12 9 27 18 18
split_gain=115.728 49.5643 31.111 34.8549 14.7565 20.5209 11.8375 10.3551 8.66938 3.1995 2.40285
threshold=-0.20487888157367704 -0.075719472020864473 -0.3028330504894256 0.34650143980979925 -0.40821367502212519 -0.25688792765140528 -0.31709942221641535 0.28545089066028601 0.28911022841930395 -0.95302742719650257 -0.21775482594966886
decision_type=2 2 2 2 2 2 2 2 2 2 2
left_child=1 2 4 -4 -1 -6 -7 8 -3 -2 -8
right_child=9 7 3 -5 5 6 10 -9 -10 -11 -12
leaf_value=-0.013402866087363656 0.014365712985499171 0.061532910463393403 -0.031381596175107239 0.026115238625424038 0.047913575567324278 0.023672983756158349 -0.021585617043076946 0.0080398306466196862 0.018721917730833405 0.059816119540105926 0.0012745697350533657
leaf_weight=7.514072284102439 5.1592733711004248 18.111078113317493 29.229209810495377 8.8488298505544645 14.868857890367506 9.4808967858552915 6.1455880850553486 9.2143628895282728 12.646121889352797 111.76119330525398 5.7436999380588576
leaf_count=42 17 41 201 29 39 35 35 39 47 229 26
internal_value=0.0376844 0.0162017 0.0021614 -0.0165398 0.018464 0.0258954 0.00439569 0.0415094 0.04901 0.058482 -0.013434
internal_weight=238.723 121.803 81.8312 38.078 43.7531 36.239 21.3702 39.9716 30.7572 116.92 11.8893
internal_count=780 534 407 230 177 135 96 127 88 246 61
is_linear=0
shrinkage=0.03


Tree=10
num_leaves=11
num_cat=0
split_feature=17 11 32 8 8 30 14 5 18 30
split_gain=121.411 45.4512 31.6432 25.7212 25.5874 12.8443 7.2743 6.70201 2.58134 0.726039
threshold=-0.18902878463268277 0.027872313279658559 1.0000000180025095e-35 0.095882367342710509 -0.17320114374160764 0.66655397415161144 -0.12352122738957404 0.67855075001716625 -1.077767491340637 -0.23709783703088758
decision_type=2 2 2 2 2 2 2 2 2 2
left_child=1 2 4 5 -1 8 -2 9 -4 -3
right_child=6 7 3 -5 -6 -7 -8 -9 -10 -11
leaf_value=0.05090713819374635 0.035423426554081705 0.022659714299727404 -0.0019773888980085786 0.018687476119459413 -0.0079205128439522564 0.010829485644049942 0.065436289742356255 0.0083523340728149671 -0.031657151415435403 0.050692007852870473
leaf_weight=11.635035112500193 31.64829970896244 15.27121679484844 3.59215228259563 14.738014742732046 9.1262547075748426 6.061468541622161 81.469217017292976 8.9332172274589521 31.281915694475178 20.549652978777885
leaf_count=28 90 53 19 57 48 25 132 35 215 48
internal_value=0.0371295 0.0152858 0.00071255 -0.0111569 0.0285294 -0.0227663 0.0588942 0.0376025 -0.0292313 0.0429805
internal_weight=234.306 121.189 76.4348 55.6736 20.7613 40.9355 113.118 44.7541 34.8741 35.8209
internal_count=750 528 392 316 76 259 222 136 234 101
is_linear=0
shrinkage=0.03


Tree=11
num_leaves=10
num_cat=0
split_feature=14 14 17 1 16 17 10 39 20
split_gain=124.163 52.8587 27.4499 19.2863 17.6018 17.2221 18.2804 6.58948 2.38444
threshold=-0.12352122738957404 -0.27143290638923639 -0.40606097877025599 -0.66603073477745045 -0.14154464006423947 -0.17330861836671826 0.55978818237781536 1.0000000180025095e-35 -0.75430622696876515
decision_type=2 2 2 2 2 2 2 2 2
left_child=1 2 -1 -4 -3 6 -2 -5 -6
right_child=5 4 3 7 8 -7 -8 -9 -10
leaf_value=-0.016680357900724661 0.041865785097242411 0.016309949236050579 -0.0039489940867307675 0.013866145774418231 -0.0018320076843270912 0.063726600295741231 -0.0022858148461074347 0.045199271636807314 -0.030546248616537975
leaf_weight=9.5238688588142377 41.552808314561844 7.0385498702526084 10.605091869831083 13.94758281111717 3.5703238844871548 76.590906500816345 9.6980099976062757 36.084806621074677 25.618930101394653
leaf_count=55 110 26 51 51 19 118 42 100 182
internal_value=0.0341765 0.00952695 0.0241593 0.0313557 -0.0183043 0.0535591 0.0340506 0.0385179 -0.0278156
internal_weight=234.231 106.389 70.1614 60.6375 36.2278 127.842 51.2508 50.0324 29.1893
internal_count=754 484 257 202 227 270 152 151 201
is_linear=0
shrinkage=0.03


Tree=12
num_leaves=11
num_cat=0
split_feature=32 14 29 22 9 17 17 3 68 6
split_gain=103.844 66.4179 32.5145 31.7637 18.1113 11.9923 11.3232 6.46204 5.38456 1.6836
threshold=1.0000000180025095e-35 1.0000000180025095e-35 -1.3083735704421995 0.94696402549743663 -0.15645481646060941 -0.25323063880205149 -0.35375253856182093 0.11917744576931001 1.0000000180025095e-35 -0.87014618515968312
decision_type=2 2 2 2 2 2 2 2 2 2
left_child=6 2 -2 5 7 9 -1 -3 -7 -4
right_child=1 4 3 -5 -6 8 -8 -9 -10 -11
leaf_value=0.022131245167429134 0.035982952069486672 0.021065535454376023 -0.0046819162489081505 0.025641272225476932 0.0073344646916405111 0.015032962851212707 0.061033625503411675 0.054136369858866926 -0.011739830731108946 -0.031619077280527888
leaf_weight=15.457248285412787 11.73283803462982 17.147922202944756 4.2563038021326021 12.761567488312719 16.136755928397179 7.2137634456157693 91.862938165664673 34.665401712059975 10.145598262548447 31.876894719898704
leaf_count=55 35 53 23 48 59 25 156 63 46 224
internal_value=0.0348007 0.0173775 -0.00175958 -0.0104993 0.0379564 -0.0205761 0.0566652 0.0460086 0.000259502 -0.0294008
internal_weight=253.257 145.937 77.987 66.2541 67.9501 53.4926 107.32 51.8133 17.3594 36.1332
internal_count=787 576 401 366 175 318 211 116 71 247
is_linear=0
shrinkage=0.03


Tree=13
num_leaves=12
num_cat=0
split_feature=17 19 16 9 9 25 30 8 8 14 4
split_gain=84.2913 39.9505 43.3396 24.6187 23.2448 13.0777 11.2041 9.3033 7.73516 5.55427 1.83513
threshold=-0.17330861836671826 0.17285594344139102 -0.22892432659864423 -0.21671468764543531 -1.0000930130481718 -0.62305282056331623 -0.23709783703088758 -0.14817012101411817 0.6215338706970216 -0.12352122738957404 0.99241602420806896
decision_type=2 2 2 2 2 2 2 2 2 2 2
left_child=1 2 3 -1 -4 -6 -3 -5 10 -2 -7
right_child=9 6 4 7 5 8 -8 -9 -10 -11 -12
leaf_value=0.051022305081721092 0.029792141764201249 0.0089999783404860392 0.026624752311148133 -0.016546806970691989 0.0089582242532533374 -0.032704626549053643 0.046228183161177584 0.020284093072779515 0.0050848408357553575 0.054845412234453009 -0.0052209155173552962
leaf_weight=13.9771134108305 33.801845490932465 13.352368235588072 6.8278477638959876 8.9360979199409467 8.8851032406091672 35.316682957112789 25.446699649095535 6.0805145353078833 4.7801106125116339 74.053032726049423 4.5565100237727156
leaf_count=31 94 50 20 48 37 237 57 19 21 119 28
internal_value=0.0296554 0.0124338 0.000879719 0.0283116 -0.0134535 -0.0204023 0.0359064 -0.000291744 -0.0265583 0.0486615 -0.0304956
internal_weight=236.014 128.159 89.36 28.9937 60.3663 53.5384 38.7991 15.0166 44.6533 107.855 39.8732
internal_count=761 548 441 98 343 323 107 67 286 213 265
is_linear=0
shrinkage=0.03


Tree=14
num_leaves=10
num_cat=0
split_feature=32 11 20 29 19 30 20 9 23
split_gain=106.077 53.0918 27.8781 17.6616 12.0802 14.8165 9.09355 2.39955 17.4278
threshold=1.0000000180025095e-35 -0.096637118607759462 0.34922468662261968 0.25541954487562185 -1.1073299050331114 0.17912140488624576 -0.54071959853172291 -0.19662806391716001 0.18229994177818301
decision_type=2 2 2 2 2 2 2 2 2
left_child=6 2 4 7 -2 -6 -1 -3 -9
right_child=1 3 -4 -5 5 -7 -8 8 -10
leaf_value=0.024181617364529357 0.0083843608618177669 0.046149977131516036 0.024863261088900541 -1.446354735642516e-05 -0.031720521538718294 0.0074339753797648192 0.057165763724616653 -0.0031416256908613303 0.040129135030767121
leaf_weight=19.741879343986511 11.608548596501349 27.967795625329018 15.531632661819456 13.883516728878019 31.711027964949608 9.2385662794113141 92.69846685230732 12.735439568758013 16.185212433338165
leaf_count=62 51 62 43 52 225 39 153 53 38
internal_value=0.0315644 0.0132538 -0.0055946 0.0305603 -0.0159733 -0.0230392 0.0526506 0.0374204 0.0234201
internal_weight=251.302 138.862 68.0898 70.772 52.5581 40.9496 112.44 56.8884 28.9207
internal_count=778 563 358 205 315 264 215 153 91
is_linear=0
shrinkage=0.03


Tree=15
num_leaves=15
num_cat=0
split_feature=32 14 19 17 25 19 20 11 17 18 22 26 11 20
split_gain=90.3992 57.8297 26.7498 16.7404 13.1844 13.2372 11.3639 10.6138 9.20983 8.28657 7.38061 6.52895 3.15192 0.631189
threshold=1.0000000180025095e-35 1.0000000180025095e-35 0.31050065159797674 -0.3028330504894256 -0.32695157825946802 0.090108010917902007 0.21869953721761706 -0.27744553983211512 -0.38846583664417261 -0.17293284088373181 0.027405347675085071 -0.19845880568027494 -0.3256645649671554 0.34922468662261968
decision_type=2 2 2 2 2 2 2 2 2 2 2 2 2 2
left_child=4 2 3 8 -1 6 -6 10 12 -4 -3 -9 -2 -5
right_child=1 7 9 13 5 -7 -8 11 -10 -11 -12 -13 -14 -15
leaf_value=0.060117892716542706 -0.021221463408360446 -0.0059752170243227067 0.030374069887038866 -0.030728439571983939 -0.0056988178373960884 0.04524825304141173 0.030968130819135471 0.014357487593683521 0.019827153066668258 -0.0047289900529212557 0.0252790600166466 0.047622976265966718 0.0038465679751972137 -0.0068910520911773521
leaf_weight=58.511402323842049 6.6974640488624573 10.64430093765259 14.380757972598078 27.349751606583599 14.146205425262453 24.447262659668922 8.7878400981426221 12.961248487234114 10.372522696852682 7.0558937340974799 8.5004704594612104 30.591548770666122 5.2113111913204211 4.5734409838914862
leaf_count=83 44 44 40 202 63 43 18 39 39 29 22 57 25 21
internal_value=0.0290357 0.0123353 -0.00536368 -0.0162858 0.0493133 0.0315057 0.0113794 0.0325071 0.00351283 0.0201107 0.0102631 0.0402212 -0.012358 -0.028709
internal_weight=244.231 138.339 75.6411 54.2045 105.893 47.3813 22.934 62.6976 22.2813 21.4367 19.1448 43.5528 11.9088 31.9232
internal_count=769 562 400 331 207 124 81 162 108 69 66 96 69 223
is_linear=0
shrinkage=0.03


Tree=16
num_leaves=14
num_cat=0
split_feature=32 2 12 22 9 20 10 22 25 2 29 1 20
split_gain=90.9602 45.356 31.5278 15.6058 13.2502 11.5366 28.0146 8.61719 8.13433 5.00952 2.88326 5.89246 1.0653
threshold=1.0000000180025095e-35 1.0000000180025095e-35 0.073214674368500723 0.9079522192478181 -0.21671468764543531 -0.22033964097499845 -0.23147577792406079 -0.080066893249750123 -0.91915407776832569 -0.80285295844078053 -0.057339081540703767 0.51810656487941753 -0.76617214083671559
decision_type=2 2 2 2 2 2 2 2 2 2 2 2 2
left_child=5 7 3 8 -4 6 -1 9 -3 -2 -9 -12 -8
right_child=1 2 4 -5 -6 -7 12 10 -10 -11 11 -13 -14
leaf_value=0.046600382466693527 0.020761128093657918 0.0050705203107143252 0.03444224302596624 0.011900970682472669 -0.0037709738118467248 0.054364948359594691 0.0037563524304095267 0.048717088919652846 -0.032349457407086654 -0.0049045780538626415 0.0038052477529823985 0.033733613680764489 -0.0086912891837324559
leaf_weight=19.327747821807861 9.2245263457298297 4.6020851954817763 13.183384060859682 8.1383716911077482 13.210028499364851 70.308476641774178 7.3571563959121731 13.851173669099806 34.152895651757717 10.237508594989775 12.112400591373445 10.104496121406553 8.7073840498924238
leaf_count=36 24 18 33 35 58 103 28 23 242 42 44 23 41
internal_value=0.0265734 0.00903984 -0.00643686 -0.020456 0.0177619 0.0465679 0.0262665 0.0283099 -0.0278343 0.00901739 0.0363548 0.0211136 -0.0034521
internal_weight=234.518 128.817 73.2868 46.8934 26.3934 105.701 35.3923 55.5301 38.755 19.462 36.0681 22.2169 16.0645
internal_count=750 542 386 295 91 208 105 156 260 66 90 67 69
is_linear=0
shrinkage=0.03


Tree=17
num_leaves=14
num_cat=0
split_feature=32 11 10 9 7 20 7 25 20 25 5 16 25
split_gain=82.7724 54.5043 37.9736 17.1996 16.8996 10.0683 8.97886 8.16777 5.55985 11.401 3.02431 2.51108 1.64351
threshold=1.0000000180025095e-35 -0.096637118607759462 -0.62710776925086964 -0.17654144018888471 0.62927332520484935 -0.33899888396263117 -1.0520248413085935 -0.32695157825946802 0.19496768712997439 0.8574533760547639 0.064421555027365698 -1.3799730539321897 0.26525090634822851
decision_type=2 2 2 2 2 2 2 2 2 2 2 2 2
left_child=7 2 -2 10 6 -5 -4 -1 9 12 -3 -8 -9
right_child=1 3 4 5 -6 -7 11 8 -10 -11 -12 -13 -14
leaf_value=0.056932262948925443 0.030104685617292227 0.042968813202153844 0.008236994942724337 0.021520660241319624 0.012562337432599548 -0.013401395389456236 -0.0024466919881836343 -0.0053050121194183359 0.043298875465096268 0.03709783663654103 0.016506241558596587 -0.032520156855831837 0.0092496600964356752
leaf_weight=57.983572691679001 14.173722840845583 38.179144904017448 4.0610356777906409 9.6165438145399111 9.5235452577471715 10.380814164876936 3.5720875859260479 10.065631017088895 25.571265920996666 10.879036217927931 14.215208962559698 35.643483221530921 8.2409830093383771
leaf_count=78 40 84 17 30 32 46 17 43 41 24 42 256 28
internal_value=0.0284462 0.0122783 -0.00706369 0.0294729 -0.0187823 0.00433779 -0.0262668 0.0470622 0.0327214 0.0184764 0.0378526 -0.0303673 0.00182572
internal_weight=252.106 139.366 66.9739 72.3917 52.8002 19.9974 43.2766 112.74 54.7569 29.1857 52.3944 39.2156 18.3066
internal_count=778 564 362 202 322 76 290 214 136 95 126 273 71
is_linear=0
shrinkage=0.03


Tree=18
num_leaves=14
num_cat=0
split_feature=2 11 13 27 2 13 14 23 17 3 14 7 12
split_gain=60.984 43.6048 21.1859 18.5436 17.0617 12.421 12.2946 10.5021 8.15159 4.91197 3.48298 2.36901 1.97201
threshold=1.0000000180025095e-35 -0.096637118607759462 -0.33918945491313929 -0.36147329211235041 1.020727872848511 0.88571405410766613 -0.12352122738957404 1.0000000180025095e-35 -0.44174310564994806 0.11917744576931001 -0.42578347027301783 -1.020610451698303 0.69430547952651989
decision_type=2 2 2 2 2 2 2 2 2 2 2 2 2
left_child=6 2 -2 9 5 8 7 10 -4 -3 -1 -10 -5
right_child=1 3 4 12 -6 -7 -8 -9 11 -11 -12 -13 -14
leaf_value=-0.0059062285518921304 0.024389128259948559 -0.010813452844634086 0.0060870960812744396 0.04617679850817754 0.018922623246518895 0.014108005615046458 0.048938501888988219 0.036037110149296607 -0.0025575916253869472 0.01472967183304854 0.015175233190924797 -0.0323891948329839 0.019908376744578356
leaf_weight=10.272692859172823 12.417040571570395 8.928805351257326 4.7248658686876217 25.319545015692711 8.1565297394990903 5.0334964394569388 81.115593999624252 20.079996526241302 3.5226502195000569 8.2920300960540754 8.9378997534513456 32.60982428491117 16.450122952461243
leaf_count=42 40 39 23 44 32 16 131 50 18 22 29 230 45
internal_value=0.0268925 0.0115504 -0.00511385 0.0292585 -0.0133832 -0.0204202 0.0417801 0.0231453 -0.0257484 0.00203272 0.00501049 -0.0301453 0.0390658
internal_weight=245.861 125.455 66.4644 58.9905 54.0474 45.8908 120.406 39.2906 40.8573 17.2208 19.2106 36.1325 41.7697
internal_count=761 509 359 150 319 287 252 121 271 61 71 248 89
is_linear=0
shrinkage=0.03


Tree=19
num_leaves=11
num_cat=0
split_feature=14 32 29 22 25 25 19 19 9 9
split_gain=65.5938 43.324 28.0227 28.0558 12.9613 10.2211 12.8217 4.70324 2.65958 1.47351
threshold=1.0000000180025095e-35 1.0000000180025095e-35 -1.3083735704421995 0.94696402549743663 -0.62305282056331623 -0.32695157825946802 0.17285594344139102 -0.10463270172476767 0.22519102692604068 -0.53810065984725941
decision_type=2 2 2 2 2 2 2 2 2 2
left_child=1 5 -3 4 -4 -1 7 -7 -2 -6
right_child=8 2 3 -5 9 6 -8 -9 -10 -11
leaf_value=0.04695585662945885 0.04482660335924929 0.030715084736356577 0.0073798235254046111 0.021146917151287251 -0.0098952358945589552 0.01029027510868538 0.033339634493903987 -0.01554435211040023 0.021548512685631033 -0.0318705925935217
leaf_weight=19.942154809832573 105.6501978635788 12.676144078373907 9.1050193607807142 13.795975305140017 9.3678958415985019 7.939488485455513 12.668986111879347 7.6624054163694399 19.701983734965324 31.460404269397266
leaf_count=32 186 37 36 51 45 27 25 39 56 232
internal_value=0.0271767 0.0110855 -0.00319014 -0.011678 -0.0218464 0.0318828 0.0157916 -0.00309088 0.0421348 -0.0284581
internal_weight=249.971 124.618 76.4054 63.7293 49.9333 48.213 28.2709 15.6019 125.352 40.8283
internal_count=766 524 401 364 313 123 91 66 242 277
is_linear=0
shrinkage=0.03


Tree=20
num_leaves=12
num_cat=0
split_feature=32 2 25 29 20 18 39 18 3 5 1
split_gain=54.1444 32.7119 25.3942 24.7796 17.8954 12.6383 11.5716 12.8284 5.24804 4.46053 0.0278853
threshold=1.0000000180025095e-35 1.0000000180025095e-35 -1.2152553200721739 -0.42222414910793299 -0.54071959853172291 0.70495864748954784 1.0000000180025095e-35 -0.30950887501239771 0.11917744576931001 -0.28650940954685206 0.51810656487941753
decision_type=2 2 2 2 2 2 2 2 2 2 2
left_child=4 8 -3 -4 -1 6 7 -5 9 -2 -10
right_child=1 2 3 5 -6 -7 -8 -9 10 -11 -12
leaf_value=0.011150337373849739 0.020779514411196957 0.032772588959756953 0.020187714716671204 0.020290781026362364 0.047267196687539252 0.016961343570940389 -0.032093011990217496 -0.022701245447964143 0.022418166871767488 -0.0046087187220652795 0.04411030531455204
leaf_weight=18.220244511961937 13.107086062431337 13.139485508203505 17.396881148219109 8.0197629258036596 97.207732856273651 4.8058673068881026 29.580048240721226 7.0087535083293906 21.97790752351284 7.1462966725230208 18.240328058600426
leaf_count=59 38 30 57 28 157 18 212 45 54 31 30
internal_value=0.0273526 0.0140621 0.00111512 -0.00695918 0.0422658 -0.0174933 -0.0225407 -0.000421025 0.0297871 0.0126826 0.0360459
internal_weight=255.85 140.422 79.9508 66.8113 115.428 49.4144 44.6086 15.0285 60.4716 20.2534 40.2182
internal_count=759 543 390 360 216 303 285 73 153 69 84
is_linear=0
shrinkage=0.03


Tree=21
num_leaves=15
num_cat=0
split_feature=32 11 12 29 2 12 25 3 19 41 12 29 9 20
split_gain=53.3871 49.8593 27.9673 16.3714 14.553 12.0538 10.9203 19.0048 21.0642 10.3166 6.32804 4.76519 3.7081 0.667187
threshold=1.0000000180025095e-35 -0.096637118607759462 -0.10910119116306304 -0.057339081540703767 1.0000000180025095e-35 1.2893598675727846 -0.32695157825946802 0.28919646888971334 0.17285594344139102 1.0000000180025095e-35 -1.1108501553535459 0.25541954487562185 -0.19662806391716001 -0.23220556229352948
decision_type=2 2 2 2 2 2 2 2 2 2 2 2 2 2
left_child=6 2 4 -3 -2 11 -1 8 13 -6 -11 12 -5 -8
right_child=1 3 -4 5 9 -7 7 -9 -10 10 -12 -13 -14 -15
leaf_value=0.050227468797823173 0.0272722178484139 0.043976648760792235 -0.030229426967999289 0.037661165431232643 0.016111900452711981 -0.0095156596859529638 -0.023252522633106877 0.041121569598782527 0.028846090428893155 0.0035016404145528581 -0.026943285453763659 0.0024960795385023837 0.010893940546093588 -0.0054047131902880408
leaf_weight=54.593613043427467 14.820518285036085 28.977229788899422 23.524926893413067 13.072320610284804 8.9140442609787005 11.530977979302405 6.3359704464673996 26.975620031356812 11.632630884647368 8.0588842928409594 11.802278257906435 9.9409791082143766 14.050169810652735 7.0266618132591265
leaf_count=76 41 56 187 24 32 46 33 44 22 41 73 35 46 30
internal_value=0.0242613 0.0117428 -0.00699581 0.0273986 0.00736176 0.0143326 0.0399708 0.0257339 0.00504066 -0.00541224 -0.0163702 0.0220013 0.027649 -0.0178945
internal_weight=251.257 144.692 67.1207 77.5717 43.5957 48.5944 106.564 51.9709 24.9953 28.7752 19.8612 37.0635 27.1225 13.3626
internal_count=786 581 374 207 187 151 205 129 85 146 114 105 70 63
is_linear=0
shrinkage=0.03


Tree=22
num_leaves=13
num_cat=0
split_feature=32 11 10 22 8 27 8 11 19 14 2 2
split_gain=60.8428 30.0524 23.1323 17.0901 12.7863 11.5736 11.5295 11.2844 9.08843 6.81646 3.52619 3.77961
threshold=1.0000000180025095e-35 -0.096637118607759462 1.0000000180025095e-35 1.0457385182380678 0.6215338706970216 -0.5607682168483733 -0.13982644677162168 -0.58850049972534169 -1.4333746433258054 0.41321270167827612 0.29129555821418768 0.65601173043251049
decision_type=2 2 2 2 2 2 2 2 2 2 2 2
left_child=10 2 4 8 7 -3 -7 -2 -4 -8 -1 -12
right_child=1 5 3 -5 -6 6 9 -9 -10 -11 11 -13
leaf_value=0.04429090914105701 -0.022826564756718556 -0.00069357562369889417 0.0078140835423519527 0.017171816350442508 0.036895967606624204 0.038151411758235505 -0.0070921022085707512 0.015877493373220357 -0.031663082814732339 0.021833754253353072 0.0064975514632588929 0.03099923112323897
leaf_weight=88.000726416707039 6.9211104884743717 14.327616810798643 4.1759182885289183 6.6903778612613669 9.3211410194635373 37.087414816021919 10.838779866695406 10.733710840344431 28.361037574708462 9.8873952478170377 11.985440924763681 17.28371374309063
leaf_count=144 41 57 18 25 19 82 43 38 212 20 37 37
internal_value=0.0247394 0.0106542 -0.00390123 -0.0177236 0.0158271 0.0233987 0.0289493 -0.000984608 -0.0262305 0.00826852 0.0402407 0.0233779
internal_weight=255.614 138.345 66.2033 39.2273 26.976 72.1412 57.8136 17.6548 32.537 20.7262 117.27 29.2692
internal_count=773 555 353 255 98 202 145 79 230 63 218 74
is_linear=0
shrinkage=0.03


Tree=23
num_leaves=14
num_cat=0
split_feature=14 14 2 17 18 2 33 30 7 7 30 30 33
split_gain=49.5255 24.1528 25.5272 13.5362 12.847 12.4261 8.11055 7.67246 6.29798 1.60556 0.991047 2.80752 0.688049
threshold=1.0000000180025095e-35 -0.27143290638923639 1.0000000180025095e-35 -0.40606097877025599 0.27769026160240179 -0.62049487233161915 1.1107677668333056 0.024016799870878461 0.3528266996145249 -0.8258412480354308 0.15744653344154361 -0.36370503902435297 1.0000000180025095e-35
decision_type=2 2 2 2 2 2 2 2 2 2 2 2 2
left_child=1 3 -3 12 7 -2 10 -5 9 -4 11 -7 -1
right_child=5 2 8 4 -6 6 -8 -9 -10 -11 -12 -13 -14
leaf_value=-0.010581771166944533 0.05070082256246071 0.019880085223229479 -0.0030176756868442048 0.037168698173161756 -0.0020504289103492374 0.02715745779038602 0.0056580385397279765 0.0061856468898868529 0.0062638774903878329 -0.029124354965372044 0.038378328095701943 0.0057985516855794872 0.0012660328391990746
leaf_weight=6.0418458729982358 52.903794288635254 17.853087902069092 3.664933428168303 43.485538266599178 11.351075403392313 16.593033820390701 15.381668344140051 11.102399528026579 4.4332596436142913 20.922780744731426 31.651897042989731 11.986496150493624 5.7548110261559486
leaf_count=33 66 49 19 109 44 37 49 39 18 176 55 34 28
internal_value=0.0257235 0.0115522 -0.005161 0.0213329 0.0263356 0.0385168 0.027376 0.031915 -0.0212235 -0.0264006 0.0320635 0.0203966 -0.00614565
internal_weight=253.127 124.61 46.8741 77.7357 65.939 128.517 75.6131 54.5879 29.021 24.5877 60.2314 28.5795 11.7967
internal_count=756 515 262 253 192 241 175 148 213 195 126 71 61
is_linear=0
shrinkage=0.03


Tree=24
num_leaves=12
num_cat=0
split_feature=14 14 32 22 1 10 26 16 2 22 27
split_gain=47.9467 45.5625 15.7465 21.8566 17.9758 13.714 13.7855 13.664 13.2875 9.8988 2.30445
threshold=-0.12352122738957404 -0.27143290638923639 1.0000000180025095e-35 -0.080066893249750123 0.51810656487941753 0.55978818237781536 -0.71593949198722828 -0.14154464006423947 -0.43813678622245783 0.94696402549743663 -0.059669708833098405
decision_type=2 2 2 2 2 2 2 2 2 2 2
left_child=1 2 10 -4 9 6 -2 -3 -7 -5 -1
right_child=5 7 3 4 -6 8 -8 -9 -10 -11 -12
leaf_value=0.015347504467490967 0.0087058550882959003 0.0095568831896070544 -0.021513081911833244 -0.018393865741820906 0.038441646539455025 0.02936482190733181 0.042839823596883507 -0.02991172546180729 -0.0081912527069489937 0.018708514544405249 0.040934818422150729
leaf_weight=14.00051988661289 15.079094111919401 8.1073429733514768 12.499534137547014 10.062118105590349 15.218786455690859 12.368468925356867 102.47865632176399 23.978613220155239 13.257087618112562 6.4261740893125525 20.868549078702927
leaf_count=39 43 28 69 58 38 21 169 195 50 21 34
internal_value=0.0234673 0.00814805 0.0200775 0.00685865 0.0194502 0.0346844 0.0389953 -0.019995 0.0117704 -0.00294504 0.0338743
internal_weight=254.345 111.162 79.0757 44.2066 31.7071 143.183 117.558 32.086 25.6256 16.4883 34.8691
internal_count=765 482 259 186 117 283 212 223 71 79 73
is_linear=0
shrinkage=0.03


Tree=25
num_leaves=14
num_cat=0
split_feature=14 27 10 17 30 2 41 7 7 17 9 1 20
split_gain=50.6263 27.4837 20.4471 16.6595 12.2848 10.9376 15.708 10.4886 8.27027 6.09265 4.04263 3.33223 0.795327
threshold=-0.12352122738957404 -0.22385905683040616 -0.42929178476333613 -0.38846583664417261 -0.44230458140373224 1.0000000180025095e-35 1.0000000180025095e-35 -0.31315837800502772 0.3528266996145249 -0.26962263882160181 -0.25688792765140528 0.16286537796258929 -0.18474186956882474
decision_type=2 2 2 2 2 2 2 2 2 2 2 2 2
left_child=1 2 -1 -2 11 12 -7 -6 -8 10 -4 -3 -5
right_child=3 4 9 5 7 6 8 -9 -10 -11 -12 -13 -14
leaf_value=0.015723580858569345 -0.0012457947730629092 0.01393419591330209 -0.0020149008328119019 0.020301447858913756 0.019395090990723594 0.036772109996748986 -0.010156783554286461 -0.012996601270539998 0.018730840606813008 0.0033179567645447079 -0.029885019560020369 0.04128473681259269 0.046805614584994236
leaf_weight=16.741186127066612 11.343773767352102 14.696715869009497 6.4508723467588451 12.569580987095831 12.962166644632818 24.508627265691757 14.151756092906 13.236913055181502 11.981655359268187 6.9380897581577292 24.986893005669117 14.669124126434324 62.217667534947395
leaf_count=57 43 50 31 25 38 43 53 56 29 23 208 25 83
internal_value=0.0211968 0.00570599 -0.00894542 0.0330891 0.019778 0.0361231 0.021722 0.00356934 0.00396874 -0.0202791 -0.0252274 0.0316155 0.0439024
internal_weight=247.455 110.682 55.117 136.773 55.5649 125.429 50.642 26.1991 26.1334 38.3759 31.4378 29.3658 74.7872
internal_count=764 488 319 276 169 233 125 94 82 262 239 75 108
is_linear=0
shrinkage=0.03


Tree=26
num_leaves=13
num_cat=0
split_feature=17 11 27 0 28 19 22 32 17 22 19 11
split_gain=44.1522 27.8011 22.0089 25.4961 12.0274 11.1261 5.36986 4.9164 7.80469 4.2907 1.84997 1.38489
threshold=-0.15771626681089398 0.51582035422325145 -0.075719472020864473 1.0938091874122622 -0.9431500732898711 -1.4333746433258054 -0.28316612541675562 1.0000000180025095e-35 0.020126533228904012 -0.58183753490447987 0.38651748001575476 -0.83079570531845082
decision_type=2 2 2 2 2 2 2 2 2 2 2 2
left_child=1 2 3 5 -4 -1 9 -2 -9 -7 -3 -8
right_child=7 10 4 -5 -6 6 11 8 -10 -11 -12 -13
leaf_value=0.0097806212662235898 0.042365431842038212 0.014300020974642055 -0.0038641804412518394 0.025209750711727055 0.030118254524184488 -0.015900573899186973 -0.0050441286599270793 0.0031198404139340542 0.030563653581985224 0.0098335085388951016 0.036998339864130689 -0.031967625217306936
leaf_weight=8.3631366342306119 66.108852550387383 14.678606823086737 12.558136090636252 11.317485883831976 22.918502919375896 8.3489238843321782 4.0419475063681558 13.840925335884092 34.328078538179398 5.9264058768749193 22.348681330680847 26.216969013214122
leaf_count=32 88 45 53 32 61 50 21 44 70 23 41 196
internal_value=0.0223961 0.0103019 0.00159246 -0.00875957 0.0190977 -0.0175768 -0.023183 0.0358268 0.0237129 -0.00543755 0.0307719 -0.0295965
internal_weight=250.997 136.719 99.6915 64.2149 35.4766 52.8974 44.5342 114.278 48.169 14.2753 37.0273 30.2589
internal_count=756 554 468 354 114 322 290 202 114 73 86 217
is_linear=0
shrinkage=0.03


Tree=27
num_leaves=11
num_cat=0
split_feature=3 27 22 8 24 8 32 27 1 29
split_gain=49.7113 30.8514 26.9221 17.4498 9.26009 7.25224 4.6752 21.622 7.35407 4.63679
threshold=0.11917744576931001 -0.059669708833098405 0.37329749763011938 0.6590804159641267 0.50017988681793224 -0.50694811344146717 1.0000000180025095e-35 0.28911022841930395 -0.78444448113441456 0.67243105173110973
decision_type=2 2 2 2 2 2 2 2 2 2
left_child=1 2 3 9 -2 -4 -3 -8 -9 -1
right_child=4 6 5 -5 -6 -7 7 8 -10 -11
leaf_value=-0.032647054242667423 0.037069547791450143 0.032412734407785318 0.031573363779815067 0.011988728062695596 0.0095836814422229164 -0.0015068095616343449 0.033314444680102889 0.0074899938770513997 -0.025684478936078409 0.00015067073549370781
leaf_weight=29.669391885399818 111.79471707344055 22.412035524845123 10.318016901612284 9.2189357802271825 16.829454615712166 9.054713346064089 14.654902249574663 7.9925441890954971 7.9044691920280439 4.3167040497064582
leaf_count=220 214 40 26 29 50 43 38 26 41 14
internal_value=0.0214731 0.00673328 -0.00736217 -0.0199146 0.0339664 0.0189746 0.0225858 0.0118323 -0.011204 -0.0289962
internal_weight=244.166 115.542 62.5778 43.205 128.624 19.3727 52.964 30.5519 15.897 33.9861
internal_count=741 477 332 263 264 69 145 105 67 234
is_linear=0
shrinkage=0.03


Tree=28
num_leaves=13
num_cat=0
split_feature=14 6 28 10 29 30 26 18 28 19 7 10
split_gain=38.0415 26.503 31.9188 26.323 11.9455 7.58468 7.17603 6.7908 5.43062 4.78654 2.75784 1.42748
threshold=-0.12352122738957404 -0.94403490424156178 -0.22799137979745862 0.55978818237781536 -0.47435060143470759 -0.72018054127693165 -0.71593949198722828 0.45375992357730871 -1.1474811434745786 0.31050065159797674 -0.20760602504014966 0.55978818237781536
decision_type=2 2 2 2 2 2 2 2 2 2 2 2
left_child=1 9 8 6 -4 -6 -2 -5 -3 -1 -8 -7
right_child=3 2 4 7 5 11 10 -9 -10 -11 -12 -13
leaf_value=0.011025580846917711 0.013150559651870536 0.0035892049071766571 0.0070472534115316472 -0.015221213569685702 0.001072478622829815 -0.031978588762466703 0.020926102254538368 0.013449258604084448 0.029604458873352172 0.040267200166982119 0.042785050240548655 -0.0056730362559643975
leaf_weight=14.135505229234697 18.148758724331856 13.163460135459902 12.944423682987688 10.229759827256204 8.7383881434798187 26.898220382630832 22.449888199567795 9.568217381834982 16.667917042970657 13.374188780784605 73.202692583203316 4.5823057964444152
leaf_count=51 46 45 45 43 46 208 51 23 43 21 108 28
internal_value=0.0197233 0.00627066 -0.0025748 0.0302228 -0.0160449 -0.0234346 0.0355614 -0.00144704 0.020288 0.0292484 0.0389491 -0.0294519
internal_weight=244.104 110.504 82.9947 133.599 53.1633 40.2189 113.801 19.798 29.8314 27.5097 95.6526 31.4805
internal_count=758 487 415 271 327 282 205 66 88 72 159 236
is_linear=0
shrinkage=0.03


Tree=29
num_leaves=14
num_cat=0
split_feature=32 11 12 18 2 24 8 20 12 6 18 4 5
split_gain=42.6932 23.6946 22.5137 13.1582 15.7979 12.1758 7.72313 6.11672 4.03662 3.49934 7.46832 0.895804 0.506722
threshold=1.0000000180025095e-35 -0.096637118607759462 -0.10910119116306304 -0.36572434008121485 -0.25577870011329645 0.50017988681793224 0.30656014382839208 -0.54071959853172291 -0.55922439694404591 -0.64847996830940235 -0.23089124262332913 0.99241602420806896 -0.11104393005371092
decision_type=2 2 2 2 2 2 2 2 2 2 2 2 2
left_child=7 2 3 -2 -5 6 9 12 -6 -3 -11 -4 -1
right_child=1 5 11 4 8 -7 -8 -9 -10 10 -12 -13 -14
leaf_value=0.019425782357988145 0.025826267543697271 0.041792676385330498 -0.028457400143711061 0.020858252787140211 -0.027539390716334117 -0.005500131702030041 0.0036967739706830339 0.038450194441845047 0.001220524725805262 0.030332192261249152 0.0016243568100331007 -0.0041024290370323298 0.0060527321332176807
leaf_weight=10.77470748126507 16.835841305553913 18.130316331982609 17.891647160053257 8.8602657765150088 11.594468213617803 12.021966531872748 13.645361632108687 85.956582769751549 5.4160151034593573 15.670252725481985 14.456807821989065 3.4421858191490164 10.893324971199034
leaf_count=28 52 29 161 22 71 45 44 139 25 31 48 21 35
internal_value=0.0208435 0.0092557 -0.00401677 0.00856801 -0.00502701 0.0202796 0.0253231 0.0346277 -0.0201853 0.030517 0.0187485 -0.0260528 0.015098
internal_weight=245.59 137.965 64.0404 42.7066 25.8707 73.9247 61.9027 107.625 17.0105 48.2574 30.1271 21.3338 21.668
internal_count=751 549 352 170 118 197 152 202 96 108 79 182 63
is_linear=0
shrinkage=0.03


Tree=30
num_leaves=14
num_cat=0
split_feature=2 27 8 11 2 1 23 20 19 23 20 39 12
split_gain=27.3525 35.9584 20.1535 14.3872 20.303 12.2136 5.85312 12.143 9.64449 5.65167 4.26618 2.86839 1.13236
threshold=1.0000000180025095e-35 -0.19034922122955319 0.6590804159641267 -0.18475090712308881 0.65601173043251049 1.3470027446746828 0.37122716009616857 -0.10168040543794631 0.45502825081348425 -1.1401906013488767 -0.066082635894417749 1.0000000180025095e-35 0.9522099792957307
decision_type=2 2 2 2 2 2 2 2 2 2 2 2 2
left_child=6 2 5 4 -3 9 7 8 -1 -2 -5 -9 -11
right_child=1 3 -4 10 -6 -7 -8 11 -10 12 -12 -13 -14
leaf_value=-0.013535596220609 0.0030497341764271334 -0.021773340147637016 0.019752475412152519 0.039907628755156743 0.023559302123973419 0.010889869326435396 0.037955119152972054 0.035595266934453057 0.019173379465916431 -0.031547513816939168 0.014206604437190736 0.014534972563677685 -0.0049812625960524611
leaf_weight=12.515319377183916 4.5400512516498521 11.226526178419592 12.173065282404421 25.683169715106487 14.807612180709837 7.4884329065680495 49.003959089517593 26.870232716202736 10.165666565299032 26.851976200938232 17.241940349340439 20.840708374977112 3.7111422121524802
leaf_count=54 18 59 33 50 40 29 83 44 22 217 40 51 16
internal_value=0.0190365 0.00862219 -0.00910137 0.0223613 0.00365236 -0.0185569 0.029048 0.0207412 0.00193984 -0.0254132 0.0321434 0.0286472 -0.0294756
internal_weight=243.12 123.724 54.7647 68.9592 26.0341 42.5916 119.396 70.3919 22.681 35.1032 42.9251 47.7109 30.5631
internal_count=756 502 313 189 99 280 254 171 76 251 90 95 233
is_linear=0
shrinkage=0.03


Tree=31
num_leaves=13
num_cat=0
split_feature=14 14 1 10 20 8 16 12 8 27 8 5
split_gain=48.6714 29.6035 14.2731 12.1366 8.73984 7.89053 7.19935 6.76417 6.02301 4.84599 1.68697 1.3437
threshold=-0.12352122738957404 -0.27143290638923639 0.16286537796258929 0.55978818237781536 -0.25593741238117212 -0.98253756761550892 -0.28887841105461115 0.15658242255449298 -0.13565460592508313 -0.17372330278158185 -0.6717357039451598 -0.98837137222290028
decision_type=2 2 2 2 2 2 2 2 2 2 2 2
left_child=1 2 4 10 5 -1 -3 -5 -6 -4 -2 -8
right_child=3 6 9 7 8 -7 11 -9 -10 -11 -12 -13
leaf_value=0.0078549728206770229 0.014146352627038323 0.0045563505066882259 0.0083338275883480441 -0.0047647711946062895 0.020760478782487036 -0.027055703428745255 -0.0033249611325327911 0.022505930499722101 -0.0063783251673415926 0.033524115357407139 0.035077349273338845 -0.029348746475967396
leaf_weight=6.5822160392999676 13.329029165208338 6.7900163307786014 15.354161620140074 14.749628230929376 13.855747021734716 10.00040879100561 3.4087734743952813 10.168901637196539 9.0065552145242673 20.22430656850338 102.24824304878712 20.675747029483315
leaf_count=28 36 25 56 54 37 61 21 19 34 39 173 182
internal_value=0.0180723 0.00247712 0.0125276 0.029338 -0.000286931 -0.014589 -0.0202871 0.00826537 0.0108432 0.0250194 0.0333502 -0.0268703
internal_weight=246.394 105.898 75.0234 140.496 39.4449 16.5826 30.8745 24.9185 22.8623 35.5785 115.577 24.0845
internal_count=765 483 255 282 160 89 228 73 71 95 209 203
is_linear=0
shrinkage=0.03


Tree=32
num_leaves=14
num_cat=0
split_feature=14 19 29 14 29 6 7 2 10 22 27 20 30
split_gain=39.3146 28.6988 24.8476 15.6379 19.9539 9.92791 12.9095 8.26397 16.844 7.73467 4.36875 1.10568 0.297753
threshold=1.0000000180025095e-35 0.24179019778966906 -1.3083735704421995 -1.317975580692291 0.30754597485065466 -0.64847996830940235 -0.26038220524787897 -0.62049487233161915 0.55978818237781536 1.5288067460060122 -0.37909317016601557 0.65773871541023265 0.15744653344154361
decision_type=2 2 2 2 2 2 2 2 2 2 2 2 2
left_child=1 2 -1 -4 9 -3 -7 -2 10 11 -9 -5 -12
right_child=7 5 3 4 -6 6 -8 8 -10 -11 12 -13 -14
leaf_value=0.024326904403807352 0.03954779612719473 0.039155050506073291 0.022091892770512576 -0.032900847417011811 0.013204493050585223 0.024926534512450711 -0.012129481289069032 0.01132269201657635 -0.0077484069296374254 0.0048324594953169245 0.01916629652285699 -0.0056736780288922112 0.038458672633823701
leaf_weight=14.973384417593477 53.071913942694664 17.19216513633728 5.3794405907392493 36.157537616789341 10.728810772299765 13.813816770911219 11.242144048213957 20.239375397562981 13.022322118282316 4.6812223121523848 20.569247514009476 3.8142024278640738 23.312756404280663
leaf_count=41 72 27 14 285 33 30 43 51 49 20 45 15 33
internal_value=0.0186736 0.00574414 -0.00538133 -0.0139953 -0.0190397 0.0241468 0.00904827 0.0297428 0.0210007 -0.0273366 0.0269774 -0.0312224 0.032301
internal_weight=248.198 117.983 75.7346 60.7612 55.3818 42.2481 25.056 130.216 77.1437 44.653 64.1214 39.9717 43.882
internal_count=758 508 408 367 353 100 73 250 178 320 129 300 78
is_linear=0
shrinkage=0.03


Tree=33
num_leaves=15
num_cat=0
split_feature=32 29 17 22 9 8 20 14 5 17 8 17 20 22
split_gain=38.9655 26.0668 25.2133 15.2879 12.5529 7.27311 6.74474 6.6283 3.60867 2.62302 2.30232 2.05671 0.913205 0.144775
threshold=1.0000000180025095e-35 -0.057339081540703767 -0.25323063880205149 0.506892889738083 -0.15645481646060941 1.2014192342758181 -0.54071959853172291 1.0000000180025095e-35 -0.1549102962017059 -0.18902878463268277 -1.1452392339706419 -0.31965644657611841 -0.93229505419731129 0.064371716231107726
decision_type=2 2 2 2 2 2 2 2 2 2 2 2 2 2
left_child=6 4 3 5 13 10 12 8 -4 11 -3 -8 -1 -2
right_child=1 2 7 -5 -6 -7 9 -9 -10 -11 -12 -13 -14 -15
leaf_value=0.01652867771890305 0.017536945986308335 -0.003088466734560447 -0.011616054318429665 0.0095339561414393061 -0.0018142551417011819 0.0063264998952949625 0.026392459339378074 0.021549454210583574 0.010462914840437484 0.039542629231071859 -0.032168501386683063 0.0064139258927581877 0.0028727292326979157 0.039459430832506873
leaf_weight=11.426456674933435 14.275567732751368 3.8727095350623122 8.938751623034479 12.815458953380583 11.300756119191645 4.0896624550223342 13.654466822743418 27.825946673750877 7.8130198270082465 62.805775821208954 27.864766202867035 11.746001690626143 9.4670601785182935 18.364580675959587
leaf_count=30 37 23 36 55 45 16 29 58 25 81 225 37 32 31
internal_value=0.0184936 0.00740489 -0.00180947 -0.0159809 0.0251408 -0.0251575 0.031499 0.0137063 -0.00128044 0.0352011 -0.0295233 0.0197281 0.0120906 0.0334746
internal_weight=246.261 137.161 93.2203 48.6426 43.9409 35.8271 109.1 44.5777 16.7518 88.2062 31.7375 25.4005 20.8935 32.6401
internal_count=760 551 438 319 113 264 209 119 61 147 248 66 62 68
is_linear=0
shrinkage=0.03


Tree=34
num_leaves=13
num_cat=0
split_feature=20 11 21 19 12 32 68 2 22 5 20 20
split_gain=38.7004 37.7274 21.2399 19.9341 19.1302 15.3174 19.8457 27.8568 11.9445 7.60898 2.34553 1.57285
threshold=-0.22033964097499845 0.79731348156929027 0.06867123302072288 -0.39376455545425409 -1.0182862579822538 1.0000000180025095e-35 1.0000000180025095e-35 -1.5322852730751035 0.027405347675085071 -1.0761041045188902 -0.68904364109039296 -1.0865520834922788
decision_type=2 2 2 2 2 2 2 2 2 2 2 2
left_child=1 2 3 4 -1 -2 -7 -8 -9 -5 -6 -11
right_child=5 -3 -4 9 10 6 7 8 -10 11 -12 -13
leaf_value=0.027524141288649578 0.036354257236407179 0.031709856177823029 0.020039834691511327 0.0027485070314856547 -0.023834091970709126 0.032246419562760913 0.030080760737166718 -0.029451941492673613 0.0059014132838430596 -0.0050621135929064575 -0.00023687128937522744 -0.032979624245370973
leaf_weight=12.576317004859449 75.254316091537476 26.065884955227375 16.357675977051258 6.25085475295782 7.5085984990000725 29.41916435956955 14.103999927639959 15.77688027918339 12.263621196150778 4.0375676751136771 5.5851071402430517 31.191070519387722
leaf_count=35 109 52 41 25 44 62 22 73 37 22 25 251
internal_value=0.0171389 0.00338509 -0.0067481 -0.0142102 0.00597113 0.026954 0.0153404 0.00137075 -0.0154368 -0.0259984 -0.0166156 -0.0308068
internal_weight=256.391 109.573 83.5072 67.1495 25.67 146.818 71.5637 42.1445 28.0405 41.4795 13.0937 35.2286
internal_count=798 495 443 402 104 303 194 132 110 298 69 273
is_linear=0
shrinkage=0.03


Tree=35
num_leaves=15
num_cat=0
split_feature=14 14 29 16 10 2 6 28 5 3 7 26 25 16
split_gain=33.9962 23.3539 18.8398 17.9563 11.5168 11.803 9.51929 17.4572 9.35138 7.58476 5.74838 4.18843 3.32728 1.30008
threshold=1.0000000180025095e-35 -0.27143290638923639 -0.73498278856277455 0.75342202186584484 0.55978818237781536 -0.62049487233161915 -0.7223687171936034 -0.22799137979745862 -0.54970765113830555 -0.64624956250190724 0.89441078901290905 -0.57133942842483509 0.8574533760547639 -0.28887841105461115
decision_type=2 2 2 2 2 2 2 2 2 2 2 2 2 2
left_child=1 3 -3 6 11 -6 -1 -8 -9 -10 12 -2 -4 -13
right_child=4 2 10 -5 5 -7 7 8 9 -11 -12 13 -14 -15
leaf_value=0.034321984911469455 0.014923391072509441 0.02089986254676908 -0.030349623369691207 -0.01653183772979866 0.02582682705296515 -0.009300903957988816 0.029717562589225269 0.016137911496271268 0.0082567564924278369 -0.025264240409800204 0.0058372341870238697 0.019675131900226159 -0.0025560752179288955 0.039114818190074369
leaf_weight=25.755901865661144 20.635020405054092 8.4386776685714704 21.413108512759216 9.7491934746503812 11.837865203619005 13.710845008492468 19.003113269805908 8.5887645184993762 6.158536113798621 13.18695195764303 4.2145788297057143 20.931842520833015 5.6908287703990927 71.226924955844879
leaf_count=56 47 21 188 41 19 53 45 28 26 69 15 40 28 105
internal_value=0.018897 0.00693975 -0.011044 0.0157479 0.0288485 0.00853852 0.0208624 0.0108835 -0.00449538 -0.0150889 -0.0213436 0.0328912 -0.025821 0.0359393
internal_weight=260.542 122.2 39.7572 82.4425 138.342 25.5487 72.6933 46.9374 27.9343 19.3455 31.3185 112.794 27.1039 92.1588
internal_count=781 517 252 265 264 72 224 168 123 95 231 192 216 145
is_linear=0
shrinkage=0.03


Tree=36
num_leaves=13
num_cat=0
split_feature=2 25 29 26 26 33 20 6 19 22 14 12
split_gain=27.321 20.9345 24.4115 15.9413 10.9652 7.76229 6.37268 8.53411 19.6741 4.5055 2.72975 0.423329
threshold=1.0000000180025095e-35 -1.2152553200721739 -0.42222414910793299 -0.090119067579507814 0.59467163681983959 1.0000000180025095e-35 -0.006753015157300978 -0.57459124922752369 0.76058205962181102 0.090760096907615675 0.28645075112581259 -0.77100482583045948
decision_type=2 2 2 2 2 2 2 2 2 2 2 2
left_child=6 -2 9 5 -5 11 7 -1 10 -3 -9 -4
right_child=1 2 3 4 -6 -7 -8 8 -10 -11 -12 -13
leaf_value=0.027488312091548523 0.030336261990181704 0.0055558947988135843 -0.0069497829770810296 0.01864441552581915 -0.013100773915285172 0.00033679391609082223 0.032824762312777402 -0.025890334641443368 0.027520320096773177 0.029705128897496842 -0.0015061329740170544 -0.031009288291034772
leaf_weight=22.526792958378792 22.411396108567715 14.349102489650251 4.2064997702837017 18.942520290613178 12.054348297417162 10.890488699078558 78.46677602827549 7.6880573779344576 10.666224911808966 16.713495522737503 7.098437175154686 22.251352451741695
leaf_count=46 43 48 24 59 51 58 136 42 17 34 21 189
internal_value=0.0177056 0.00712318 0.000687654 -0.00928087 0.00619413 -0.0213391 0.027242 0.0158757 0.00277215 0.0208666 -0.0175231 -0.0288967
internal_weight=248.265 121.819 99.4078 68.3452 30.9969 37.3483 126.446 47.9795 25.4527 31.0626 14.7865 26.4579
internal_count=768 506 463 381 110 271 262 126 80 82 63 213
is_linear=0
shrinkage=0.03


Tree=37
num_leaves=14
num_cat=0
split_feature=32 14 12 20 17 20 6 39 2 8 23 20 3
split_gain=41.3509 22.9494 14.1956 15.5946 12.9109 10.5687 14.1856 10.2973 13.6208 10.0184 1.86463 1.71275 1.40243
threshold=1.0000000180025095e-35 1.0000000180025095e-35 0.34650143980979925 -0.11354633048176764 -0.35375253856182093 0.70520243048667919 1.6420706510543825 1.0000000180025095e-35 -0.80285295844078053 -1.3288000822067259 1.0000000180025095e-35 -0.43392626941204065 -0.44037659466266627
decision_type=2 2 2 2 2 2 2 2 2 2 2 2 2
left_child=4 2 5 -4 -1 6 9 11 -9 -2 -10 -3 -6
right_child=1 7 3 -5 12 -7 -8 8 10 -11 -12 -13 -14
leaf_value=0.0040562849951549483 0.0098539202921076163 0.010281551289092047 0.026954085433018166 -0.013820082550019673 0.018565175236400715 0.013474855615075571 0.017351387028603001 0.024008082485466428 -0.019829588752360079 -0.031636065312462734 -0.00064091342178602007 0.03183424681040125 0.037782306909000626
leaf_weight=15.220061272382734 3.7676045373082117 10.788787409663199 16.161507017910484 10.040988445281981 19.869749315083027 6.7889161109924308 4.419352948665618 10.856316804885866 8.1852249354124051 30.659809015691284 7.4924362152814856 29.420412257313728 81.584325708448887
leaf_count=48 16 30 45 41 46 19 14 17 36 262 25 49 118
internal_value=0.0185489 0.00705085 -0.00464517 0.0116183 0.0313549 -0.0142083 -0.0200312 0.0190861 0.00352685 -0.0264217 -0.0130317 0.027828 0.0350674
internal_weight=255.255 138.581 71.8382 26.2025 116.674 45.6357 38.8468 66.7432 26.534 34.4274 15.6777 40.2092 101.454
internal_count=766 554 397 86 212 311 292 157 78 278 61 79 164
is_linear=0
shrinkage=0.03


Tree=38
num_leaves=14
num_cat=0
split_feature=3 25 11 13 29 9 30 8 11 28 20 26 9
split_gain=26.0134 15.4414 18.7094 21.6712 10.5621 10.0297 10.5828 8.89989 6.89801 3.68437 2.30635 2.0371 1.04675
threshold=0.11917744576931001 -0.62305282056331623 1.085252642631531 -0.33918945491313929 -1.5690057873725889 0.40597064793109899 0.60160276293754589 0.419199749827385 -1.3550042510032652 -0.87503972649574269 -0.99162468314170826 -0.87375488877296437 -0.47784079611301417
decision_type=2 2 2 2 2 2 2 2 2 2 2 2 2
left_child=1 9 3 -3 -5 11 -7 8 -6 -1 -10 -2 -13
right_child=5 2 -4 4 7 6 -8 -9 10 -11 -12 12 -14
leaf_value=0.030483935428011803 0.01238382092562545 0.019578859313787091 0.025490072371876102 0.013164716866364423 0.0046718469807820835 -0.011500014187004529 0.024026416285869042 0.0025477611986232732 -0.0037364125353616939 0.0072548767999816768 -0.033384328168942046 0.038150205075118793 0.022823201740662689
leaf_weight=18.03251297771931 14.133192747831343 16.134754598140717 14.920493274927138 6.342604123055934 4.264907330274581 11.70511330664158 9.1278571337461454 10.876337185502051 3.9931223094463268 13.850907407701014 29.739146173000343 44.210248880088329 44.884469345211983
leaf_count=32 36 47 31 18 18 48 15 38 23 42 236 66 98
internal_value=0.0169906 0.00649721 -0.000424233 -0.00715768 -0.0159474 0.0263455 0.00570328 -0.0205966 -0.0267474 0.0227442 -0.0308101 0.0300555 0.0320518
internal_weight=242.216 118.155 86.2714 71.3509 55.2161 124.061 20.833 48.8735 37.9972 31.8834 33.7323 103.228 89.0947
internal_count=748 485 411 380 333 263 63 315 277 74 259 200 164
is_linear=0
shrinkage=0.03


Tree=39
num_leaves=15
num_cat=0
split_feature=14 14 18 7 17 28 7 20 10 11 11 7 22 27
split_gain=31.0616 17.4523 9.83997 9.70154 11.6398 9.43789 11.6965 6.82426 10.0491 5.85431 4.53314 2.1426 1.84917 1.88336
threshold=1.0000000180025095e-35 -0.27143290638923639 0.27769026160240179 0.69587182998657238 -0.14224966615438459 0.41905695199966436 -0.24279014766216275 0.5746772587299348 0.36197219789028173 0.7444572150707246 -0.27744553983211512 -0.68133503198623646 0.19696162641048434 -0.027806597761809822
decision_type=2 2 2 2 2 2 2 2 2 2 2 2 2 2
left_child=1 2 5 4 9 10 -7 8 12 -3 11 -1 13 -2
right_child=7 3 -4 -5 -6 6 -8 -9 -10 -11 -12 -13 -14 -15
leaf_value=0.01667630953510418 0.0038114900449245674 -0.029827612439094719 -0.0083483407330523125 0.015332079499569414 0.01337355431587138 -0.018433538140630288 0.016800024840281532 0.034627936399957426 -0.0015896461689782664 0.0043529796335989033 0.033118536430694193 -0.0016949413076900708 0.030520478995589392 0.020494838778192057
leaf_weight=9.3854339197278005 13.626693546772005 22.344533286988739 13.037243463099001 6.589058704674243 5.8716332316398612 9.7956831902265566 14.948253542184828 59.396005392074585 17.328654065728188 4.004545494914054 24.556992046535015 8.082337751984598 25.845514729619026 12.600169792771338
leaf_count=28 38 211 54 20 13 56 41 84 59 12 46 35 45 23
internal_value=0.016729 0.00529925 0.0130701 -0.0103481 -0.0169538 0.0175425 0.00209772 0.0266638 0.0179787 -0.0247671 0.0254463 0.00969042 0.0240594 0.0138249
internal_weight=247.413 118.616 79.8059 38.8098 32.2207 66.7687 24.7439 128.797 69.401 26.3491 42.0248 17.4678 52.0724 26.2269
internal_count=765 516 260 256 236 206 97 249 165 223 109 63 106 61
is_linear=0
shrinkage=0.03


Tree=40
num_leaves=15
num_cat=0
split_feature=32 2 20 25 9 6 20 4 28 6 8 18 41 25
split_gain=29.4044 17.208 16.8434 9.49736 9.18021 8.81869 8.12938 7.68433 7.26452 5.50479 4.81242 3.9952 3.40423 2.30112
threshold=1.0000000180025095e-35 1.0000000180025095e-35 -0.837367683649063 -1.5113565325736997 0.2653642743825913 0.23818477243185046 -0.68904364109039296 0.49661035835742956 -0.2620465531945228 -0.64847996830940235 0.419199749827385 -0.21775482594966886 1.0000000180025095e-35 -0.32695157825946802
decision_type=2 2 2 2 2 2 2 2 2 2 2 2 2 2
left_child=6 4 8 -4 7 12 -1 9 -3 -2 11 -7 -5 -8
right_child=1 2 3 5 -6 10 13 -9 -10 -11 -12 -13 -14 -15
leaf_value=0.0058136296897277435 0.020852054479746245 0.028577794709435094 0.014911535798818397 -0.0025352019416995442 -0.0052462829511226465 0.004895853511136381 0.037029849580584709 0.034001912848243145 -0.0027714601660050781 -0.002404665456203835 0.014310452586272995 -0.021854826163233951 -0.031371465902687135 0.021105493030546322
leaf_weight=16.455700695514679 13.515201330184938 11.775283485651018 5.9609242081642142 5.3717938661575344 11.47475492954254 6.4645998701453218 47.692315638065338 22.745421290397644 9.6811874508857709 16.309323020279408 6.5878272503614417 6.088430419564248 21.244581535458565 45.755099207162857
leaf_count=50 28 29 14 26 42 22 64 38 51 52 19 43 184 100
internal_value=0.0161473 0.0064967 -0.00342629 -0.0124574 0.0172613 -0.0171405 0.0273895 0.0222032 0.0165824 0.00961501 -0.000844198 -0.0106082 -0.026873 0.0307007
internal_weight=247.122 137.219 73.1746 51.7182 64.0447 45.7572 109.903 52.5699 21.4565 29.8245 19.1409 12.553 26.6164 93.4474
internal_count=762 548 388 308 160 294 214 118 80 80 84 65 210 164
is_linear=0
shrinkage=0.03


Tree=41
num_leaves=15
num_cat=0
split_feature=19 9 7 19 4 17 18 9 8 14 16 10 10 30
split_gain=30.4519 21.3775 19.7616 13.9008 11.3455 10.747 9.9103 8.74813 5.75947 4.27121 1.48102 1.40806 2.0078 0.868168
threshold=0.36649581789970404 -0.9800063669681548 -0.13598121702671048 -1.4333746433258054 0.050385277718305595 0.06212477199733258 0.58215314149856578 0.98848271369934093 0.12508522719144824 0.41321270167827612 -0.56938186287879933 -0.42929178476333613 0.36197219789028173 -0.90010443329811085
decision_type=2 2 2 2 2 2 2 2 2 2 2 2 2 2
left_child=1 -1 3 -3 6 7 -4 13 10 -10 -2 -6 -13 -5
right_child=8 2 4 5 11 -7 -8 -9 9 -11 -12 12 -14 -15
leaf_value=0.028782554795134568 0.01781787175961775 0.015148291040473355 -0.019254462525470972 -0.0064144596312203104 0.029035981292084109 0.011959468489373702 0.014313953330661584 0.004312305032766175 0.0011228122028542253 0.02212213257393544 0.036868745720862871 0.00089049017016070819 0.018753426442933378 -0.031016412558373958
leaf_weight=23.815494321286678 21.126728087663651 9.9879269674420339 12.158266946673395 4.4923938885331109 14.674519784748552 5.9819670766592017 9.9345561638474447 7.1530005559325209 15.259163275361059 17.244561240077019 46.470257371664047 10.241826497018339 9.3051980659365636 30.49960279092193
leaf_count=50 46 30 59 25 26 13 25 33 43 29 72 35 28 245
internal_value=0.0151749 0.00568764 -0.000122742 -0.0119017 0.0120121 -0.0184127 -0.00430375 -0.0235349 0.0273834 0.0137278 0.0325519 0.0217511 0.0114818 -0.0290548
internal_weight=238.345 138.245 114.429 58.1149 56.3144 48.127 22.0928 42.145 100.101 32.5037 67.597 34.2215 19.547 34.992
internal_count=759 569 519 346 173 316 84 303 190 72 118 89 63 270
is_linear=0
shrinkage=0.03


Tree=42
num_leaves=13
num_cat=0
split_feature=14 14 7 11 7 17 17 1 30 30 18 3
split_gain=19.0916 21.312 13.6742 13.6085 10.4338 9.90104 11.3633 8.10542 7.23957 2.98224 1.31567 0.0515118
threshold=-0.12352122738957404 -0.42578347027301783 -0.57452610135078419 -0.83079570531845082 0.58654978871345531 -0.17330861836671826 -0.38846583664417261 1.0000000180025095e-35 -0.57803994417190541 -0.068336756899952875 -0.80180564522743214 0.45212295651435858
decision_type=2 2 2 2 2 2 2 2 2 2 2 2
left_child=1 3 -3 -1 10 6 -2 8 -5 -8 -4 -7
right_child=5 2 4 7 -6 11 9 -9 -10 -11 -12 -13
leaf_value=-0.010532390536840979 -0.011574247786286268 0.01494292099995472 -0.0040170111500301454 0.018144194296451314 0.0062212698783010245 0.018913800327144233 0.0064012718330281023 0.029494960030677957 -0.010433224524051137 0.023482690078479109 -0.030927919660928449 0.032870829076099922
leaf_weight=11.822393551468847 11.465782798826693 10.316441081464289 3.506526716053485 12.24839974939823 8.7164941653609258 28.554453387856483 19.484177060425282 34.747325822710991 10.398842327296736 28.660165682435036 19.989740140736107 51.403464421629906
leaf_count=58 45 39 18 37 31 55 58 77 41 58 190 73
internal_value=0.0152152 0.0056072 -0.0103693 0.0154609 -0.0193944 0.0224479 0.01171 0.0212301 0.00550864 0.0178224 -0.0283213 0.029293
internal_weight=251.314 111.746 42.5292 69.217 32.2128 139.568 59.6101 57.3946 22.6472 48.1443 23.4963 79.9579
internal_count=780 491 278 213 239 289 161 155 78 116 208 128
is_linear=0
shrinkage=0.03


Tree=43
num_leaves=14
num_cat=0
split_feature=32 2 11 30 22 54 25 2 27 27 14 7 5
split_gain=24.9627 16.927 15.8789 13.806 10.368 13.3594 9.67311 9.27192 5.86174 5.47924 3.06445 1.94548 0.771072
threshold=1.0000000180025095e-35 -0.62049487233161915 1.085252642631531 0.5638243854045869 0.94696402549743663 1.0000000180025095e-35 -0.32695157825946802 -0.43813678622245783 0.11182454973459245 -0.2747823148965835 0.15498968958854678 -0.76426902413368214 -0.98837137222290028
decision_type=2 2 2 2 2 2 2 2 2 2 2 2 2
left_child=6 10 3 4 5 -3 -1 -8 9 -9 -2 -7 -13
right_child=1 2 -4 -5 -6 11 7 8 -10 -11 -12 12 -14
leaf_value=0.034181102772669357 0.0077229606613264529 0.012126660400548496 0.020950910830184619 0.013205199540307225 0.0080869452601722552 -0.0069211523705991554 0.02736834216930285 0.0056651646248691619 0.015887265132767218 -0.021193441164520103 0.02688559394056575 -0.0058613579231650862 -0.030574100065072472
leaf_weight=52.595097482204437 17.349046945571899 7.1303572617471209 18.112589091062546 18.635538563132286 12.692336112260817 8.2839260399341565 19.760482877492905 11.197190850973131 11.232640534639357 7.8272467553615597 24.715353205800056 3.9925796240568117 29.773224283009771
leaf_count=78 51 28 42 52 50 46 33 33 24 37 39 25 230
internal_value=0.0143954 0.00583606 -0.00117051 -0.00708144 -0.0137221 -0.0195775 0.0253141 0.0137311 0.00220661 -0.00749627 0.0206423 -0.0256709 -0.0287849
internal_weight=243.298 140.685 98.6206 80.508 61.8724 49.1801 102.613 50.0176 30.2571 19.0244 42.0644 42.0497 33.7658
internal_count=768 563 473 431 379 329 205 127 94 70 90 301 255
is_linear=0
shrinkage=0.03


Tree=44
num_leaves=15
num_cat=0
split_feature=32 11 10 20 69 29 21 40 1 7 14 25 10 22
split_gain=21.6515 17.6581 15.2071 12.9428 11.985 10.5249 8.29778 8.27391 10.2107 7.93728 3.58781 3.26153 1.45223 0.752276
threshold=1.0000000180025095e-35 -0.096637118607759462 -0.42929178476333613 -0.68904364109039296 1.0000000180025095e-35 -1.3083735704421995 -0.65217328071594227 1.0000000180025095e-35 0.87334778904914867 0.4106291681528092 0.28645075112581259 -0.32695157825946802 1.0000000180025095e-35 1.1350080370903017
decision_type=2 2 2 2 2 2 2 2 2 2 2 2 2 2
left_child=3 2 -2 -1 6 -3 -4 8 9 -7 -9 -5 -13 -8
right_child=1 5 4 11 -6 7 13 10 -10 -11 -12 12 -14 -15
leaf_value=-0.00089374585244809783 0.015392180733295405 0.036097987090496442 0.0091938825245422347 0.035574314582527779 0.0085109559276457403 -0.029037807082817137 -0.030797989959091318 0.005881523682836085 0.014494192453701879 0.0058233572532940094 0.028675884506826895 0.023394565263216052 0.0081229143590220588 -0.0056282949594637626
leaf_weight=14.389837220311163 18.391641080379486 14.293975949287413 3.7802500277757671 49.096302375197411 12.165312763303517 9.1949769705534035 22.777377214282755 14.227682173252107 14.212345026433466 7.6312840878963462 13.592722252011297 23.998380288481712 16.59910786896944 3.779301516711711
leaf_count=48 56 20 15 67 59 47 206 44 35 22 20 43 49 20
internal_value=0.015323 0.00693668 -0.00482645 0.0253105 -0.0142747 0.0164109 -0.0233233 0.00917778 -0.00166952 -0.015515 0.0196905 0.0293397 0.0187259 -0.0286754
internal_weight=238.13 134.047 60.8939 104.084 42.5022 73.153 30.3369 58.859 31.0386 16.8263 27.8204 89.6938 40.5975 26.5567
internal_count=751 544 356 207 300 188 241 168 104 69 64 159 92 226
is_linear=0
shrinkage=0.03


Tree=45
num_leaves=15
num_cat=0
split_feature=32 11 7 21 9 6 9 19 17 6 17 26 12 60
split_gain=23.0095 18.2503 17.0589 10.9069 10.6648 8.96683 11.5608 7.59939 6.96788 6.80328 5.59012 4.53013 3.54152 3.28889
threshold=1.0000000180025095e-35 -0.096637118607759462 0.24978749454021457 -1.096955358982086 -0.19662806391716001 -0.57459124922752369 0.68718338012695324 0.08220826089382173 -0.26962263882160181 1.6420706510543825 -0.40606097877025599 0.19930696487426761 0.89167237281799328 1.0000000180025095e-35
decision_type=2 2 2 2 2 2 2 2 2 2 2 2 2 2
left_child=7 2 3 -2 12 -6 -7 8 10 13 -1 -4 -3 -5
right_child=1 4 11 9 5 6 -8 -9 -10 -11 -12 -13 -14 -15
leaf_value=0.014216819830246898 0.016165064773092912 0.031254535435093767 0.02412680600875549 -0.030704766828779696 0.017049413580303579 -0.022867994249564889 0.014665453432489929 0.032592197714195421 0.022772380259951694 0.0078182528804029584 -0.011759127504134555 -0.00068879719209291557 0.0086820583994153475 -0.0036014306132642294
leaf_weight=8.6806069463491458 4.2718163058161727 27.449480056762695 10.828786939382555 24.699539337307218 17.847491279244423 13.386822976171972 7.9909442365169516 58.126836612820625 26.034780815243721 3.8119715377688399 11.388377815484999 10.917170181870459 13.96652767062187 6.3404680564999572
leaf_count=25 13 51 27 232 42 60 22 86 46 14 50 36 36 35
internal_value=0.0149212 0.00665749 -0.00551165 -0.0166347 0.0156285 0.00360845 -0.00871763 0.0253222 0.0138643 -0.0221787 7.10719e-05 0.0138688 0.0253977 -0.0264362
internal_weight=245.742 141.511 60.8698 39.1238 80.6413 39.2253 21.3778 104.231 46.1038 34.852 20.069 21.746 41.416 31.04
internal_count=775 568 357 294 211 124 82 207 121 281 75 63 87 267
is_linear=0
shrinkage=0.03


Tree=46
num_leaves=14
num_cat=0
split_feature=14 14 7 19 16 3 27 8 27 7 22 17 7
split_gain=20.6996 20.8363 10.9433 11.5982 10.8532 9.7959 10.8792 7.31337 9.82409 3.68764 2.69516 2.50191 0.400759
threshold=1.0000000180025095e-35 -0.27143290638923639 0.89441078901290905 0.43778336048126226 0.72195065021514904 0.11917744576931001 -0.043699009343981736 0.894789218902588 -0.52360963821411122 -0.24279014766216275 -0.28316612541675562 -0.26962263882160181 -0.034198595210909837
decision_type=2 2 2 2 2 2 2 2 2 2 2 2 2
left_child=1 4 3 -3 7 6 12 8 9 -1 -10 -7 -2
right_child=5 2 -4 -5 -6 11 -8 -9 10 -11 -12 -13 -14
leaf_value=-0.010240224587427373 -0.0013345659192635063 -0.029794367843933512 0.016510140922267269 0.006559582850503798 -0.011920161185175221 0.013742377949615435 0.021855306307216656 -0.0057918759146927002 0.010211371996295515 0.012211854439198932 0.030543291730004234 0.032599678221226898 -0.0099487771607693117
leaf_weight=9.5074998810887354 10.52415841817856 21.103912260383371 5.6005871072411528 9.0970620512962324 9.8888494819402677 19.06207112967968 22.600756719708443 8.9486599415540677 14.797433957457541 7.0544288605451575 37.248126089572906 61.238910228013992 8.2734787017106992
leaf_count=52 33 212 15 26 40 45 48 32 43 25 87 89 28
internal_value=0.0146558 0.00563504 -0.0125059 -0.0194676 0.013337 0.0232084 0.00970831 0.0170843 0.0202588 -6.27554e-05 0.0261643 0.0291912 -0.00641967
internal_weight=244.946 123.247 35.8016 30.201 87.445 121.699 41.3984 77.5561 68.6075 16.5619 52.0456 80.301 18.7976
internal_count=775 532 253 238 279 243 109 239 207 77 130 134 61
is_linear=0
shrinkage=0.03


Tree=47
num_leaves=12
num_cat=0
split_feature=32 14 19 17 11 17 6 23 28 27 3
split_gain=21.9824 19.3258 17.2894 12.2895 11.9556 9.20342 5.54216 5.1286 4.98128 1.96489 0.396235
threshold=1.0000000180025095e-35 1.0000000180025095e-35 0.24179019778966906 -0.31965644657611841 -0.2304960414767265 -0.35375253856182093 -0.64847996830940235 0.18229994177818301 -0.023660323582589623 -0.043699009343981736 -0.44037659466266627
decision_type=2 2 2 2 2 2 2 2 2 2 2
left_child=5 2 3 4 -2 -1 -4 8 -3 -9 -7
right_child=1 7 6 -5 -6 10 -8 9 -10 -11 -12
leaf_value=0.0025315206337861215 -0.021759370644898083 -0.0065565566187810852 0.022939705424814039 -0.030259168532574328 0.016743082013249328 0.014378317681622855 -0.0019633411841798072 0.0092411826172643721 0.014254085108710533 0.027762580842830922 0.029082366304029522
leaf_weight=17.642797559499741 7.5611411631107357 14.402433440089224 12.366638720035555 22.577205542474985 12.19898986071348 18.112817652523518 13.632671169936655 15.051880091428755 18.671828925609589 22.999723464250565 68.725517764687538
leaf_count=57 58 45 25 218 42 45 49 37 46 41 114
internal_value=0.0130495 0.00494825 -0.00624542 -0.0173187 0.000591337 0.0231433 0.0116713 0.0154068 0.00552098 0.0223603 0.0269652
internal_weight=243.944 139.463 68.3366 42.3373 19.7601 104.481 25.9993 71.1259 33.0743 38.0516 86.8383
internal_count=777 561 392 318 100 216 74 169 91 78 159
is_linear=0
shrinkage=0.03


Tree=48
num_leaves=14
num_cat=0
split_feature=2 27 12 30 2 4 27 19 25 23 25 3 23
split_gain=22.6029 21.4152 10.5357 10.2727 8.47284 8.25299 6.43572 5.51009 4.73535 5.15305 6.04066 3.53908 0.713887
threshold=1.0000000180025095e-35 -0.19034922122955319 -0.4332109242677688 -0.18790809065103528 0.65601173043251049 -0.59416210651397694 -0.41462284326553339 0.34580872952938085 -0.62305282056331623 0.37122716009616857 0.56135213375091564 -0.24481490254402158 0.18229994177818301
decision_type=2 2 2 2 2 2 2 2 2 2 2 2 2
left_child=7 3 4 5 -3 11 -5 8 -1 10 -10 -2 -4
right_child=1 2 12 6 -6 -7 -8 -9 9 -11 -12 -13 -14
leaf_value=0.025230108898418913 -0.010610492455794873 -0.016365970618592331 0.027636522974598524 -0.0072775009148420495 0.014559006586148199 -0.030352063556957184 0.02049313283950711 0.02925902164323824 -0.013473692694725927 0.018579560408533882 0.011937736821480038 0.01401231291064944 0.011414059249593444
leaf_weight=16.871897131204605 6.5852180682122707 11.190045997500421 26.036832004785538 12.941397871822121 10.741655789315699 17.935392659157515 8.4088101834058744 64.253559246659279 13.652820587158205 12.817006036639212 10.461332842707632 4.6242140680551547 14.676259256899355
leaf_count=29 58 54 55 57 29 161 20 110 56 27 27 19 37
internal_value=0.0141788 0.00428788 0.0154713 -0.00973031 -0.00132866 -0.0200383 0.0054732 0.0230984 0.0138788 0.00630279 -0.00229267 0.000736153 0.0236767
internal_weight=231.196 113.14 62.6448 50.495 21.9317 29.1448 21.3502 118.057 53.8031 36.9312 24.1142 11.2094 40.7131
internal_count=739 490 175 315 83 238 77 249 139 110 83 77 92
is_linear=0
shrinkage=0.03


Tree=49
num_leaves=14
num_cat=0
split_feature=14 14 16 9 3 41 10 6 28 7 10 17 24
split_gain=17.2282 16.4375 12.7243 11.2759 9.17332 11.7803 7.22544 5.6176 16.9419 5.71719 7.20379 4.96636 1.04332
threshold=-0.12352122738957404 -0.27143290638923639 0.5726466476917268 -0.2368013113737106 0.11917744576931001 1.0000000180025095e-35 1.0000000180025095e-35 -0.7223687171936034 -0.22799137979745862 -0.65997326374053944 0.16415620595216754 -0.3028330504894256 -0.56269074976444233
decision_type=2 2 2 2 2 2 2 2 2 2 2 2 2
left_child=1 2 7 -3 5 -2 -7 -1 -9 -10 -11 -6 -5
right_child=4 3 -4 12 11 6 -8 8 9 10 -12 -13 -14
leaf_value=0.027249759172931067 0.024177569397828277 0.010268009233546682 -0.013971073376891126 -0.0028013075485761687 0.0097907069145675412 0.010452101230737844 -0.016723706518720714 0.025915275470391512 0.0091218161585658302 -0.028451394987168883 0.0061024105193790588 0.031113166197682639 -0.027295775738999221
leaf_weight=25.078724697232246 20.025664940476418 9.4742791205644625 10.496284499764441 3.0368714928627059 18.228740185499191 12.316250160336496 13.323488712310789 20.856129996478558 8.2672756239771825 9.6871711388230342 6.2503993809223166 69.028476729989052 15.086546480655667
leaf_count=58 38 34 43 14 45 31 55 46 33 53 26 107 181
internal_value=0.0147595 0.00550051 0.012203 -0.0129509 0.021826 0.00946631 -0.00409421 0.0167889 0.00882672 -0.00781358 -0.0166789 0.0274308 -0.0246846
internal_weight=241.156 108.234 80.636 27.5977 132.923 45.6654 25.6397 70.1397 45.061 24.2048 15.9376 87.2572 18.1234
internal_count=764 488 259 229 276 124 86 216 158 112 79 152 195
is_linear=0
shrinkage=0.03


Tree=50
num_leaves=12
num_cat=0
split_feature=32 29 2 18 22 20 17 6 2 14 30
split_gain=24.2692 19.5341 15.8996 16.2271 13.1145 12.9976 7.51032 4.70016 4.54535 2.9377 2.79883
threshold=1.0000000180025095e-35 -0.057339081540703767 -1.5322852730751035 0.77886888384819042 0.9079522192478181 0.70520243048667919 -0.18902878463268277 0.53373970091342937 0.29129555821418768 -0.12352122738957404 -0.31242194771766657
decision_type=2 2 2 2 2 2 2 2 2 2 2
left_child=6 7 -3 4 5 -4 8 9 10 -2 -1
right_child=1 2 3 -5 -6 -7 -8 -9 -10 -11 -12
leaf_value=0.024742804126882647 0.0087118702364503038 0.020039920877466092 -0.033330006713755758 0.014285030636804637 0.0076361900110660493 0.0012262896996463734 0.029736556806237383 0.0018337996583501536 -0.0028786971771108888 0.030688076335268884 0.0048567019950726473
leaf_weight=14.386728733778 13.956004679203032 14.357683464884756 32.364772524684668 14.749834470450876 12.339152209460734 12.808585166931151 61.522529914975166 12.449810609221457 12.879780881106852 19.46637000143528 14.003567785024643
leaf_count=29 48 25 286 42 48 37 93 41 49 30 38
internal_value=0.0125915 0.00383219 -0.00459584 -0.0104708 -0.0174545 -0.024386 0.0231802 0.0186343 0.0112493 0.0238394 0.01713
internal_weight=235.285 132.492 86.62 72.2623 57.5125 45.1734 102.793 45.8722 41.2701 33.4224 28.3903
internal_count=766 557 438 413 371 323 209 119 116 78 67
is_linear=0
shrinkage=0.03


Tree=51
num_leaves=13
num_cat=0
split_feature=14 7 14 21 19 27 9 29 16 10 3 30
split_gain=27.7198 17.0891 14.5562 10.0694 9.90835 8.40376 7.77603 7.75115 5.82797 5.43511 1.53466 1.3627
threshold=1.0000000180025095e-35 -0.57955241203308094 -0.42578347027301783 -0.43916094303131098 0.24179019778966906 0.050507470965385444 0.3858840167522431 1.5064540505409243 -0.28887841105461115 0.36197219789028173 0.11917744576931001 -0.28710408508777613
decision_type=2 2 2 2 2 2 2 2 2 2 2 2
left_child=1 9 4 -4 5 -3 8 -5 -2 11 -10 -1
right_child=6 2 3 7 -6 -7 -8 -9 10 -11 -12 -13
leaf_value=0.025558451445696895 0.008262616914904335 -0.022758514396262194 0.0063708065376366961 -0.032891964600062329 0.018664352736988039 0.011000666046241002 0.0021699982907128789 0.0069624926528427502 0.016490457897096057 -0.0033749276658169105 0.032442581857916875 0.0066930014827730182
leaf_weight=19.672159746289253 21.652857631444931 10.472729042172434 8.1031646281480771 24.25544319301844 18.353641241788864 7.6014800965785971 17.250522613525391 3.3429099917411795 26.649436935782433 8.818081006407736 51.623236283659935 9.2841052189469355
leaf_count=56 51 60 24 236 40 21 51 9 61 43 77 30
internal_value=0.0116712 0.000706816 -0.00775755 -0.020164 0.00536762 -0.00925326 0.0215052 -0.027737 0.0245807 0.0158869 0.0283276 0.0213859
internal_weight=227.08 109.904 72.1294 35.7015 36.4279 18.0742 117.176 27.5984 99.9255 37.7743 78.2727 28.9563
internal_count=759 519 390 269 121 81 240 245 189 129 138 86
is_linear=0
shrinkage=0.03


Tree=52
num_leaves=13
num_cat=0
split_feature=32 29 14 43 18 68 8 9 19 16 1 0
split_gain=35.6952 16.3469 20.6467 9.82214 8.81588 16.5008 6.71675 3.48592 3.1163 2.11373 1.39571 1.30022
threshold=1.0000000180025095e-35 -1.3083735704421995 0.87929600477218639 1.0000000180025095e-35 0.6821822226047517 1.0000000180025095e-35 0.14177257567644122 -0.21671468764543531 1.874001741409302 -1.1886876225471494 0.51810656487941753 -0.40821367502212519
decision_type=2 2 2 2 2 2 2 2 2 2 2 2
left_child=10 -2 3 -3 5 6 7 -5 9 -7 11 -1
right_child=1 2 -4 4 -6 8 -8 -9 -10 -11 -12 -13
leaf_value=0.012770640719578072 0.022153658932322236 0.011235853814881963 0.019027745716443712 0.0045080300821111283 0.0065843634442380649 -0.0045453694466199238 0.017173250605777172 -0.021402146534631419 -0.0018490093153101692 -0.034698125615459888 0.013280562542867694 0.030072744725752845
leaf_weight=15.666155613958834 23.726124882698059 12.306533157825468 23.739598214626312 5.7224648669362068 12.229079104959963 3.9789441078901211 9.2034734599292261 5.7537775933742541 3.9822728484868994 30.199523285031326 22.430120281875134 66.133751578629017
leaf_count=39 55 40 48 18 41 21 25 46 11 256 48 119
internal_value=0.0126706 0.00202043 -0.00322818 -0.0102831 -0.014503 -0.0190581 0.00241837 -0.0110351 -0.0296283 -0.0322159 0.0253355 0.0276856
internal_weight=235.072 130.842 107.116 83.3761 71.0695 58.8405 20.6797 11.4762 38.1607 34.1785 104.23 81.7999
internal_count=767 561 506 458 418 377 89 64 288 277 206 158
is_linear=0
shrinkage=0.03


Tree=53
num_leaves=13
num_cat=0
split_feature=63 17 6 2 20 27 20 17 11 20 3 12
split_gain=17.3561 12.8791 11.5855 9.90943 9.00338 7.87153 7.76203 7.44825 6.04789 4.66709 1.62293 1.58439
threshold=1.0000000180025095e-35 -0.38846583664417261 -0.057370150461792939 1.0000000180025095e-35 -0.62378105521202076 -0.19034922122955319 -0.36866368353366846 -0.18902878463268277 -0.18475090712308881 0.5746772587299348 -0.86358290910720814 1.0439715981483462
decision_type=2 2 2 2 2 2 2 2 2 2 2 2
left_child=4 2 -2 11 -1 6 -5 10 -7 -6 -8 -3
right_child=1 3 -4 5 9 8 7 -9 -10 -11 -12 -13
leaf_value=0.010116674181730892 0.014135414243453846 0.028236339675445803 -0.021485205544972956 0.015384909997419082 -0.025923634013055523 0.0015705861031465123 -0.00052684537903162864 0.0077604412958539801 0.025314418035110389 0.0015137572302245893 -0.025870397986265864 0.012339640651130255
leaf_weight=15.763495147228239 12.356225870549681 82.296083532273769 10.73990862816572 13.231049567461012 11.614239212125542 14.231625735759733 2.9349425993859759 9.9458004683256167 30.399097859859467 7.6105094254016867 9.8429447524249536 18.416420578956604
leaf_count=56 42 151 59 42 86 47 27 24 60 20 102 41
internal_value=0.0138884 0.0171717 -0.00330429 0.0197988 -0.00504035 0.0109202 0.000202557 -0.00981786 0.0186641 -0.0169914 -0.0218346 0.0260506
internal_weight=239.382 204.394 23.0961 181.298 34.9882 80.5855 35.9547 22.7237 44.6307 19.2247 12.7779 100.713
internal_count=757 595 101 494 162 302 195 153 107 106 129 192
is_linear=0
shrinkage=0.03


Tree=54
num_leaves=13
num_cat=0
split_feature=2 11 2 29 12 7 7 9 32 29 30 12
split_gain=23.6134 22.6895 13.7208 9.16415 7.91867 11.1487 7.44475 7.01742 5.61514 3.28074 2.43958 2.36954
threshold=1.0000000180025095e-35 -0.096637118607759462 1.020727872848511 -0.42222414910793299 0.63685238361358654 0.4106291681528092 -1.0520248413085935 0.3256241530179978 1.0000000180025095e-35 -1.2562471628189085 -0.93116486072540272 -0.26229315996170038
decision_type=2 2 2 2 2 2 2 2 2 2 2 2
left_child=7 2 6 -3 -5 -6 -2 9 -8 -1 -10 -11
right_child=1 3 -4 4 5 -7 8 -9 10 11 -12 -13
leaf_value=0.036929215333410127 0.0094399983665499308 0.02778267585148253 0.016787932570690653 0.015411377817113979 -0.025487849016248652 0.012220162822618107 -0.0040458436717413738 0.0019704800796724832 -0.0015956723562244263 0.008055654494481479 -0.031143412218333347 0.022317869514816225
leaf_weight=17.908317595720291 5.3058796450495711 22.003312200307846 8.9535361193120462 21.705378830432892 9.8282786458730715 9.2451931834220868 14.08747363090515 15.961844600737093 3.3598487265407995 21.865505903959274 24.515098255127675 60.755272272974253
leaf_count=23 19 38 35 54 45 21 52 48 21 55 239 122
internal_value=0.0118544 0.00225559 -0.0110782 0.0141325 0.00453712 -0.00846834 -0.0174576 0.0211639 -0.0215016 0.0239737 -0.0283663 0.0192185
internal_weight=235.495 119.004 56.2218 62.7822 40.7789 19.0735 47.2683 116.491 41.9624 100.529 27.8749 82.6208
internal_count=772 524 366 158 120 66 331 248 312 200 260 177
is_linear=0
shrinkage=0.03


Tree=55
num_leaves=13
num_cat=0
split_feature=14 6 29 29 8 8 18 11 33 11 24 23
split_gain=16.6427 11.6676 10.043 10.4623 8.3862 11.578 4.64063 4.3026 3.40162 2.82822 3.33027 1.03185
threshold=0.41321270167827612 -0.87014618515968312 -0.31797127425670618 1.0894425511360171 -0.51320588588714589 0.419199749827385 -0.3713094294071197 -0.37522369623184199 1.0000000180025095e-35 0.027872313279658559 -0.38554565608501429 -0.19555450603365895
decision_type=2 2 2 2 2 2 2 2 2 2 2 2
left_child=1 6 8 4 7 -6 -1 -4 -3 10 -2 -11
right_child=9 2 3 -5 5 -7 -8 -9 -10 11 -12 -13
leaf_value=0.026574025219573756 0.018615135261381727 0.017934582746168069 -0.011602240397336209 0.013666211944605522 -0.031197711467665715 0.0028434059684616458 0.0047053274546915219 0.010743926720683233 -0.00083134591245784403 0.012007416878021272 -0.0003493122145505407 0.028280509480662661
leaf_weight=18.279952324926853 14.021428793668749 19.909795269370079 8.3264919742941874 12.642513222992418 23.885621447116137 11.924461163580416 18.158526014536619 13.689602266997097 12.699060559272764 16.156878784298897 14.510398238897322 39.822312846779823
leaf_count=38 26 50 44 32 222 44 58 55 41 33 47 64
internal_value=0.0107533 0.00410951 -0.00123726 -0.00749653 -0.0128427 -0.0209027 0.0175588 0.00170945 0.0114875 0.0208791 0.0103565 0.0249534
internal_weight=224.027 139.516 103.078 70.4687 57.8262 35.8101 36.4385 22.0161 32.6089 84.511 28.5318 55.9792
internal_count=754 584 488 397 365 266 96 99 91 170 73 97
is_linear=0
shrinkage=0.03


Tree=56
num_leaves=15
num_cat=0
split_feature=63 32 14 9 17 0 0 20 27 9 20 10 20 20
split_gain=17.7437 15.1216 15.0641 13.52 10.9234 12.5739 9.02237 7.79625 7.4555 7.97171 5.76008 4.01357 2.97783 0.457098
threshold=1.0000000180025095e-35 1.0000000180025095e-35 1.0000000180025095e-35 -0.21671468764543531 0.39207018911838537 0.11180475258152002 1.0938091874122622 -0.18474186956882474 -0.2577188685536384 -0.91974651813507069 -0.50512179732322682 -0.82492375373840321 -0.78990396857261647 -0.10168040543794631
decision_type=2 2 2 2 2 2 2 2 2 2 2 2 2 2
left_child=2 10 11 8 5 7 12 -5 9 -3 -2 -1 -7 -10
right_child=1 3 -4 4 -6 6 -8 -9 13 -11 -12 -13 -14 -15
leaf_value=0.0015146021400968873 0.0038828513085456162 0.018814480364232326 0.011552855298370806 -0.0094742496984694235 0.019164815928561521 -0.0046797480203272018 0.0062370879258871305 0.023000446736287365 0.030490650022813568 -0.013213391999857146 0.027783496204962694 -0.029656419190599272 -0.032845930821001103 0.01267563950236688
leaf_weight=4.0425252988934544 12.436186060309408 7.8607713729143169 16.210967272520065 8.2314855791628379 11.299367785453795 6.2051401659846332 7.4389555081725112 9.8395771533250791 18.247119642794136 10.386190816760061 66.77207238972187 13.944314710795878 16.907810360193256 13.751084655523298
leaf_count=14 39 18 39 55 22 31 27 20 37 47 115 120 129 30
internal_value=0.0112776 0.014821 -0.007732 0.00711193 -0.0025585 -0.00892301 -0.019533 0.00936058 0.0178326 0.00166323 0.0244843 -0.0238452 -0.0274614 0.0255824
internal_weight=223.574 189.376 34.1978 110.168 59.9223 48.623 30.5519 18.0711 50.2452 18.247 79.2083 17.9868 23.113 31.9982
internal_count=743 570 173 416 284 262 187 75 132 65 154 134 160 67
is_linear=0
shrinkage=0.03


Tree=57
num_leaves=15
num_cat=0
split_feature=6 14 29 28 3 4 20 10 20 19 7 10 23 28
split_gain=14.5045 16.0594 17.7115 10.4497 7.24741 7.76087 6.59723 6.52962 4.66319 4.14772 5.66045 2.24269 1.97376 0.491265
threshold=-0.7223687171936034 -0.12352122738957404 -0.47435060143470759 -0.2620465531945228 -0.44037659466266627 -0.19751755893230435 0.67553758621215831 1.0000000180025095e-35 -0.089814480394124971 0.38947948813438421 0.4106291681528092 0.36197219789028173 -0.19555450603365895 -0.29610171914100641
decision_type=2 2 2 2 2 2 2 2 2 2 2 2 2 2
left_child=7 2 12 -4 5 -3 9 13 -9 10 -6 -5 -2 -1
right_child=1 4 3 11 6 -7 -8 8 -10 -11 -12 -13 -14 -15
leaf_value=0.015085341138678153 0.019246781221764573 0.012635023949860226 0.0040622429878527976 -0.030631902245024673 -0.012221893310004256 -0.018051556782482468 0.026956417953319111 -0.0063111110323308371 0.017017940225813741 0.017623886337498524 0.012725581642820177 -0.0068720104505876744 0.0025104725778963785 0.032273547700096626
leaf_weight=17.668410286307335 12.51816761493683 10.604471966624262 13.472426556050776 20.61087450385094 12.904816024005415 9.2309155166149122 30.7530687302351 11.123848933726551 10.939320653676985 14.644211329519747 10.099911674857138 8.2547971382737142 12.645641349256037 27.096913658082485
leaf_count=37 28 28 48 208 46 35 49 47 23 28 23 55 43 47
internal_value=0.0103346 0.00500493 -0.0057804 -0.0169115 0.0131233 -0.00240493 0.0174833 0.0215421 0.00626294 0.00749214 -0.000952539 -0.025855 0.0126465 0.0276868
internal_weight=222.568 155.739 67.5019 42.3381 88.2374 19.8354 68.402 66.8285 22.0632 37.6489 23.0047 28.8657 25.1638 44.7653
internal_count=745 591 382 311 209 63 146 154 70 97 69 263 71 84
is_linear=0
shrinkage=0.03


Tree=58
num_leaves=13
num_cat=0
split_feature=32 1 27 8 14 17 68 7 8 17 22 17
split_gain=21.9335 17.2632 15.3857 17.4435 10.2432 9.231 7.12903 14.1579 6.23999 7.82233 2.52161 1.71673
threshold=1.0000000180025095e-35 0.51810656487941753 -0.059669708833098405 1.2473095059394839 1.2911867499351504 -0.35375253856182093 1.0000000180025095e-35 0.16685350984334948 -0.21074768155813214 -0.26962263882160181 1.5288067460060122 -0.20487888157367704
decision_type=2 2 2 2 2 2 2 2 2 2 2 2
left_child=5 2 3 4 10 -1 -3 -8 -4 -10 -2 -7
right_child=1 6 8 -5 -6 11 7 -9 9 -11 -12 -13
leaf_value=1.569992780765778e-05 -0.033250921425321052 0.028113247062562897 0.017850419884057632 0.01763673068785284 0.010600777681688947 0.013297879388398123 0.018004015456739113 -0.022370184732551739 0.0132176692454263 -0.01521892081849293 -0.0023911949497285741 0.028857290709122591
leaf_weight=15.034940630197523 27.616512782871727 20.728304229676723 19.44495315104723 6.9791482463479033 3.8402813076972953 22.483198314905167 17.286142915487293 7.1600241214036933 10.836301676928999 14.559075206518171 3.447615008801221 57.488236308097839
leaf_count=47 255 43 51 18 8 58 59 30 33 53 18 90
internal_value=0.0110813 0.00292762 -0.00492498 -0.0170581 -0.0253359 0.0216889 0.0169912 0.00438828 0.00698237 -0.00290666 -0.0306324 0.0255228
internal_weight=226.905 131.898 86.7239 41.8836 34.9044 95.0064 45.1745 24.4462 44.8403 25.3954 31.0641 79.9714
internal_count=763 568 436 299 281 195 132 89 137 86 273 148
is_linear=0
shrinkage=0.03


Tree=59
num_leaves=15
num_cat=0
split_feature=14 6 25 11 33 1 17 7 28 19 7 19 0 2
split_gain=16.9176 13.0484 8.77192 14.1656 8.56112 7.54499 7.25549 6.04408 5.15957 5.1044 4.22935 4.01275 1.28992 0.828535
threshold=1.0000000180025095e-35 -0.87014618515968312 -0.32695157825946802 1.085252642631531 1.1107677668333056 0.39969284832477575 -0.31965644657611841 -0.57955241203308094 -0.091770675033330903 0.08220826089382173 0.30758997797966009 -1.0568305850028989 0.11180475258152002 -0.80285295844078053
decision_type=2 2 2 2 2 2 2 2 2 2 2 2 2 2
left_child=1 8 7 5 6 11 -2 -3 -1 -9 -6 -4 -7 -8
right_child=4 2 3 -5 10 12 13 9 -10 -11 -12 -13 -14 -15
leaf_value=0.00024596915247806524 0.0028326689384960682 0.022841277312284417 -0.0021527832144551079 0.016828151358747542 -0.0075518224607619066 0.0080584978580952784 0.033622102463164001 0.010288308106569123 0.023846699003509653 -0.016672426394773086 0.01333501763298308 -0.031579744403496021 -0.0063016774819536362 0.019844905707352402
leaf_weight=11.882444970309733 14.469977706670759 9.941086024045946 5.8914849460124961 8.8966484814882261 12.765786841511728 5.7896954379975778 31.65162581205368 8.4865947104990465 23.793543711304665 7.076628901064395 12.564051806926726 20.828151196241382 6.813639547675848 49.398800224065781
leaf_count=37 41 23 30 20 42 23 43 33 59 27 26 205 39 99
internal_value=0.0120883 0.00329309 -0.00398931 -0.0111375 0.0196031 -0.0186493 0.0235474 0.00913579 0.0169826 -0.0030439 0.00329883 -0.0264534 0.000710263 0.0268662
internal_weight=230.25 109.4 73.7239 48.2196 120.85 39.323 95.5204 25.5043 35.676 15.5632 25.3298 26.7196 12.6033 81.0504
internal_count=747 496 400 317 251 297 183 83 96 60 68 235 62 142
is_linear=0
shrinkage=0.03


Tree=60
num_leaves=15
num_cat=0
split_feature=32 9 18 1 5 40 20 23 25 2 1 28 13 5
split_gain=19.2093 15.4506 12.4239 13.3988 11.6903 7.27499 10.2556 7.0208 4.93972 7.1579 11.9789 3.73412 1.88905 1.14997
threshold=1.0000000180025095e-35 -0.19662806391716001 0.58215314149856578 0.39969284832477575 -0.1549102962017059 1.0000000180025095e-35 -0.61191514134407032 -0.76233616471290577 -0.32695157825946802 1.0000000180025095e-35 -0.42920328676700586 0.72555354237556469 -0.9265727400779723 -0.24264304339885709
decision_type=2 2 2 2 2 2 2 2 2 2 2 2 2 2
left_child=8 5 3 7 -5 6 -2 -3 -1 -10 -11 -8 -9 -7
right_child=1 2 -4 4 -6 13 11 12 9 10 -12 -13 -14 -15
leaf_value=0.028256840301715516 0.021448747915680258 -0.00044703753693159658 0.013264572370686773 -0.016009579562879142 0.021783000067937423 0.029146337245505863 -0.01982745288093455 -0.0034801539079769585 0.022034013835231979 0.01749033265087362 -0.018820278782224423 0.0042476328217163342 -0.033254548981664793 0.011342556958374267
leaf_weight=50.755557358264923 9.6797397956252116 9.6539919562637788 19.728167645633221 8.37161882966757 11.957567468285559 17.534295320510864 9.7359788641333598 3.4406491369009009 25.936833769083023 11.884259827435018 10.856030844151972 7.1184890121221533 20.113139513880018 15.836617514491079
leaf_count=83 27 42 55 43 36 28 46 16 50 29 46 22 197 47
internal_value=0.0119258 0.00419455 -0.00495406 -0.0122271 0.00613177 0.0149032 0.00235173 -0.0227978 0.0215836 0.0126415 -0.000111881 -0.0110139 -0.0302762 0.0232763
internal_weight=232.603 133.17 73.2651 53.537 20.3292 59.9051 26.5342 33.2078 99.4327 48.6771 22.7403 16.8545 23.5538 33.3709
internal_count=767 559 389 334 79 170 95 255 208 125 75 68 213 75
is_linear=0
shrinkage=0.03


Tree=61
num_leaves=15
num_cat=0
split_feature=2 25 9 26 23 25 21 26 22 18 28 22 0 23
split_gain=11.3977 10.6071 13.1645 13.9614 12.5265 11.5018 6.73437 11.8856 9.79875 6.02441 3.82513 3.80906 3.73696 4.44953
threshold=-1.5322852730751035 -0.62305282056331623 -0.21671468764543531 0.3684373944997788 0.37122716009616857 0.26525090634822851 -0.23194614052772519 -0.090119067579507814 0.71640825271606456 1.0000000180025095e-35 -0.2620465531945228 -0.29019585251808161 1.0938091874122622 -0.19555450603365895
decision_type=2 2 2 2 2 2 2 2 2 2 2 2 2 2
left_child=-1 12 3 6 5 -4 -3 8 -8 -6 -7 -5 13 -2
right_child=1 2 4 11 9 10 7 -9 -10 -11 -12 -13 -14 -15
leaf_value=0.02567444975567721 -0.0033845108034842018 0.034250478327898411 -0.029920294462633713 0.0032874792110577553 -0.0054961343354734656 0.011254485184028679 -0.023119551301712782 0.024831802008879775 0.01322426242337936 0.021110266073433012 -0.0089671928789148252 -0.020337685836199194 0.029628060255200237 0.016019116034753433
leaf_weight=32.313205391168594 12.539698220789431 13.913047753274439 19.878955792635679 9.4277046769857424 10.838026184588673 9.158537298440935 9.3420029580593127 16.173149146139622 8.0494196712970716 12.171024888753889 15.820787969976662 7.9469299986958495 13.391276240348814 33.919558599591255
leaf_count=55 40 20 190 31 46 26 51 35 19 25 81 32 20 79
internal_value=0.0103067 0.0071435 0.00219541 0.0114335 -0.00681109 -0.0154787 0.0193327 0.00951017 -0.00710146 0.00983386 -0.000912528 -0.00964842 0.0171007 0.0109619
internal_weight=224.883 192.57 132.72 64.8523 67.8673 44.8583 47.4776 33.5646 17.3914 23.0091 24.9793 17.3746 59.8505 46.4593
internal_count=750 695 556 188 368 297 125 105 70 71 107 63 139 119
is_linear=0
shrinkage=0.03


Tree=62
num_leaves=15
num_cat=0
split_feature=14 14 16 9 17 17 16 19 12 7 5 9 12 22
split_gain=16.3899 18.5571 11.4653 10.9624 8.65535 6.4416 5.33215 4.18837 5.13088 3.64812 3.57699 2.42636 2.14255 1.22335
threshold=-0.12352122738957404 -0.27143290638923639 0.75342202186584484 0.48631714284420019 -0.11168570443987845 -0.38846583664417261 -0.93273872137069691 0.17285594344139102 0.073214674368500723 -0.13975095003843305 -0.41810853779315943 -0.19662806391716001 0.19656762480735782 -1.1866492629051206
decision_type=2 2 2 2 2 2 2 2 2 2 2 2 2 2
left_child=1 2 3 7 5 -2 -3 8 10 12 -1 -11 -7 -8
right_child=4 6 -4 -5 -6 9 13 -9 -10 11 -12 -13 -14 -15
leaf_value=0.022866987477974058 -0.0087010520184447847 0.0061100770555695553 -0.018160542536115126 -0.011602724569140783 0.025249596101512839 -0.0052466319854472783 -0.0013650775617599722 0.024782240074841744 -0.010219934016594635 0.025861670514483723 0.00047732705783193514 0.0079128309935024323 0.010623621581571723 -0.028294724412126531
leaf_weight=11.087311238050463 11.925406739115713 3.6940066814422634 8.7133368626236898 10.952182739973066 56.977653488516808 12.299874752759935 2.1967092193663147 28.330181531608105 7.1336707174777976 15.880425170063971 11.051187075674536 19.70539416372776 8.9968195706605893 16.591969050467014
leaf_count=31 45 12 39 55 98 43 10 56 33 25 48 50 19 205
internal_value=0.00991955 0.000723137 0.00782068 0.0121329 0.016906 0.00875454 -0.0206545 0.0172122 0.00733904 0.0128214 0.0138375 0.0181219 0.00220297 -0.0260949
internal_weight=225.536 99.7506 77.2679 68.5545 125.786 68.8079 22.4827 57.6024 29.2722 56.8825 22.1385 35.5858 21.2967 18.7887
internal_count=769 489 262 223 280 182 227 168 112 137 79 75 62 215
is_linear=0
shrinkage=0.03


Tree=63
num_leaves=15
num_cat=0
split_feature=32 9 1 18 25 14 28 14 29 12 14 22 18 14
split_gain=14.9948 13.6413 18.2967 13.0633 9.3064 9.27784 10.6011 7.76998 7.07294 6.21831 1.96105 1.39657 0.866381 0.0982186
threshold=1.0000000180025095e-35 -0.19662806391716001 0.87334778904914867 0.86418411135673534 -0.32695157825946802 1.0000000180025095e-35 0.28283625841140753 0.87929600477218639 1.0894425511360171 -0.061371982097625725 -0.42578347027301783 -0.34369820356369013 -0.51439648866653431 -0.7562313675880431
decision_type=2 2 2 2 2 2 2 2 2 2 2 2 2 2
left_child=4 5 3 7 -1 6 11 10 9 -6 13 -2 -7 -3
right_child=1 2 -4 -5 8 12 -8 -9 -10 -11 -12 -13 -14 -15
leaf_value=0.02824030383877358 -0.0027227579604021833 -0.013692844581423228 0.017619683423289852 0.0099421456706211865 0.01106583870383397 0.030940176723365645 0.014840088617253862 0.0045237712487691036 0.022829109486005139 -0.012566788981221728 -0.033343190641836308 -0.023571741957781566 0.013269010205339269 -0.003642226220425154
leaf_weight=45.498348027467728 5.8693763986229897 6.0236199088394642 17.782769571989775 12.125810354948042 15.111850664019585 12.001803308725359 15.205275699496267 6.7596274912357321 12.994118839502333 14.99155130982399 20.28794572129846 6.2812537327408808 19.86572590470314 6.3334429115056938
leaf_count=75 26 36 57 35 38 16 52 18 22 57 205 36 44 31
internal_value=0.0101651 0.00336838 -0.00552411 -0.0143629 0.0193193 0.0133957 0.000133966 -0.0221195 0.00794458 -0.000816876 -0.0275044 -0.0172305 0.0232178 -0.0110747
internal_weight=217.133 128.537 69.3132 51.5304 88.5959 59.2234 27.3559 39.4046 43.0975 30.1034 32.645 12.1506 31.8675 12.3571
internal_count=748 556 382 325 192 174 114 290 117 95 272 62 60 67
is_linear=0
shrinkage=0.03


Tree=64
num_leaves=13
num_cat=0
split_feature=2 10 16 7 12 20 3 28 26 20 14 4
split_gain=14.0424 15.1733 11.9542 12.9077 13.3443 9.72881 9.30209 7.73694 7.23376 5.71053 5.37056 3.53395
threshold=-0.62049487233161915 1.0000000180025095e-35 -1.3799730539321897 0.4106291681528092 0.31041885912418371 0.62214094400405895 -0.44037659466266627 0.69149836897850048 -0.19845880568027494 -0.11354633048176764 1.0000000180025095e-35 -0.2966786921024322
decision_type=2 2 2 2 2 2 2 2 2 2 2 2
left_child=10 6 -3 4 5 -4 7 11 9 -8 -1 -2
right_child=1 2 3 -5 -6 -7 8 -9 -10 -11 -12 -13
leaf_value=0.0072900350785357572 0.0014142499713501373 0.021471085091187416 -0.032984627856929002 0.010389982596990272 0.0039380184205181114 0.0078844947630352796 0.01658392126763401 0.015545085937425932 0.028719949095736417 -0.0092132920013429723 0.028035236073428837 -0.022377972929893745
leaf_weight=20.248365685343742 9.4215587228536624 9.8415848016738874 25.866912677884105 20.020898412913084 17.958459101617336 4.2822909057140341 12.352751933038236 11.69774519279599 35.225959941744804 9.5963995829224569 44.738375559449196 7.1451346799731281
leaf_count=57 34 26 269 56 54 10 33 36 58 33 71 33
internal_value=0.0112227 0.00618051 -0.00332535 -0.00813047 -0.0160906 -0.0268839 0.0145596 0.000245911 0.0210467 0.00568833 0.0225541 -0.0116563
internal_weight=228.396 163.41 77.9701 68.1286 48.1077 30.1492 85.4396 28.2644 57.1751 21.9492 64.9867 16.5667
internal_count=770 642 415 389 333 279 227 103 124 66 128 67
is_linear=0
shrinkage=0.03


Tree=65
num_leaves=15
num_cat=0
split_feature=32 29 25 2 20 23 16 26 25 19 20 28 11 16
split_gain=16.9147 16.58 13.1683 8.28108 6.88736 7.1475 7.05295 6.66979 6.62609 9.11164 9.91471 3.94773 2.30071 1.9116
threshold=1.0000000180025095e-35 -0.057339081540703767 -0.62305282056331623 -1.5322852730751035 -0.25593741238117212 -1.5180450677871702 0.3163317739963532 0.19930696487426761 -0.32695157825946802 0.75529703497886669 0.19496768712997439 -0.39826726913452143 -0.37522369623184199 -0.18573293834924695
decision_type=2 2 2 2 2 2 2 2 2 2 2 2 2 2
left_child=8 7 11 -4 6 -6 13 -2 -1 10 12 -3 -10 -5
right_child=1 2 3 4 5 -7 -8 -9 9 -11 -12 -13 -14 -15
leaf_value=0.026364604753582335 0.023106998917562835 0.016613248321518247 0.0099743240991771679 0.00047970151352661801 0.0063619145390589526 -0.032188724631222687 0.015655033755368253 -0.00091622812485182468 -0.00028370639615549849 0.02554281191802241 0.015088109884385354 -0.0036949948632250293 -0.020905865312599397 -0.021753773580531963
leaf_weight=46.239269480109215 29.145876541733742 17.539799399673942 7.4365283846855155 4.6725708842277536 3.3466726988554027 24.348162299022079 6.3973458707332602 14.425740383565424 7.4164033532142666 14.015546843409536 14.557315200567244 11.462958119809626 9.9949649125337618 6.5854021236300477
leaf_count=79 69 38 16 22 9 229 22 45 26 21 28 44 46 52
internal_value=0.00926855 0.00190506 -0.00602452 -0.0144755 -0.0190772 -0.0272697 -0.0030439 0.0158778 0.0186652 0.0090967 -0.000592999 0.00922363 -0.0141448 -0.0152163
internal_weight=217.585 125.361 81.7894 52.7867 45.3502 27.6948 17.6553 43.5716 92.2235 45.9842 31.9687 29.0028 17.4114 11.258
internal_count=746 546 432 350 334 238 96 114 200 121 100 82 72 74
is_linear=0
shrinkage=0.03


Tree=66
num_leaves=12
num_cat=0
split_feature=32 29 4 14 20 30 9 1 54 1 23
split_gain=17.9142 17.3108 21.3566 12.3149 9.7487 7.05853 4.66604 4.28093 2.84748 1.69087 1.48386
threshold=1.0000000180025095e-35 -0.057339081540703767 0.59577149152755748 0.41321270167827612 -0.74244028329849232 0.87931475043296825 -0.15645481646060941 1.0000000180025095e-35 1.0000000180025095e-35 0.87334778904914867 -1.1401906013488767
decision_type=2 2 2 2 2 2 2 2 2 2 2
left_child=4 6 3 8 -1 7 -2 -4 -3 -6 -10
right_child=1 2 5 -5 9 -7 -8 -9 10 -11 -12
leaf_value=-0.0029924744457331229 0.023092895301132076 -0.0025616546842340705 0.00053884249905062471 0.0036719354552132732 0.025497723854703357 -0.0088179858013546462 0.001519945664455782 0.025649328804726007 -0.004105049086996276 0.0097108014576989671 -0.030881500426302704
leaf_weight=13.608662828803061 30.008208878338337 5.4212005734443656 8.5762508697807807 17.737312003970146 69.34423765540123 7.7502941265702239 13.15690568089485 18.315664146095514 3.7717357687652138 15.997211761772631 26.166417296975851
leaf_count=43 61 33 49 48 136 26 47 52 21 35 226
internal_value=0.0103515 0.00284961 -0.00483902 -0.0162088 0.0196616 0.0124341 0.0173578 0.0189812 -0.025401 0.0232397 -0.0285783
internal_weight=229.854 130.904 87.7389 53.0967 98.9501 34.6422 43.1651 26.8919 35.3594 85.3414 29.9382
internal_count=777 563 455 328 214 127 108 101 280 171 247
is_linear=0
shrinkage=0.03


Tree=67
num_leaves=15
num_cat=0
split_feature=14 18 14 11 3 42 27 18 32 9 7 6 3 11
split_gain=12.412 11.7716 10.3493 8.90829 8.35231 6.95857 9.59892 5.17163 11.8201 2.91837 4.48224 2.66501 2.64862 4.68888
threshold=-0.12352122738957404 0.22575887292623523 -0.27143290638923639 0.51582035422325145 0.11917744576931001 1.0000000180025095e-35 1.0000000180025095e-35 -0.58424407243728627 1.0000000180025095e-35 -0.25688792765140528 1.0000000180025095e-35 -0.50070253014564503 -0.64624956250190724 -0.2304960414767265
decision_type=2 2 2 2 2 2 2 2 2 2 2 2 2 2
left_child=1 2 7 -4 5 6 -2 8 -1 -6 -11 -3 -9 -14
right_child=4 11 3 -5 9 -7 -8 12 -10 10 -12 -13 13 -15
leaf_value=0.017863866479137753 -0.019880911253491024 -0.0019620868154432885 -0.021067346441469098 0.013614156084121197 0.028529526666926097 0.017145836714348814 0.011433877554312388 0.0024799447182847142 -0.019865063004170468 -0.00051562373690039335 0.019809220731828021 -0.02704209241530911 0.0031826110148422395 0.026858560797370052
leaf_weight=10.329201400279999 12.619088716804983 6.6398816630244255 14.480713307857515 5.9978463500738135 38.720785513520241 18.752473302185535 13.013637512922285 10.659259777516125 9.587322011590004 13.711250364780424 26.920626387000084 7.7497894614934904 11.986048921942706 25.355347245931629
leaf_count=20 52 22 191 16 63 39 31 45 56 38 51 45 44 51
internal_value=0.0103527 0.0024489 0.00676236 -0.0102314 0.0165681 0.00532423 -0.00471123 0.0122366 -0.000639707 0.0221689 0.0136456 -0.0189596 0.0171355 0.0205322
internal_weight=226.523 102.785 88.3957 20.4786 123.738 44.3852 25.6327 67.9172 19.9165 79.3527 40.6319 14.3897 48.0007 37.3414
internal_count=764 490 423 207 274 122 83 216 76 152 89 67 140 95
is_linear=0
shrinkage=0.03


Tree=68
num_leaves=14
num_cat=0
split_feature=32 12 10 3 7 9 17 30 25 12 20 1 0
split_gain=12.3798 10.4404 20.7507 7.68142 6.95877 6.3526 5.50181 5.40574 5.10075 4.17455 3.46126 1.62461 0.987403
threshold=1.0000000180025095e-35 0.2355000972747803 1.0000000180025095e-35 0.11917744576931001 1.443534314632416 -0.035935074090957635 -0.35375253856182093 0.17912140488624576 0.8574533760547639 1.3080835342407229 -0.23220556229352948 0.28127911686897283 1.0938091874122622
decision_type=2 2 2 2 2 2 2 2 2 2 2 2 2
left_child=6 2 3 7 8 9 -1 -2 12 -3 -7 -8 -4
right_child=1 5 4 -5 -6 10 11 -9 -10 -11 -12 -13 -14
leaf_value=0.0011632066255628053 -0.016469949561484402 0.024026493487178332 -0.032050059745280461 0.022050188153648217 0.0084332356634923087 0.0079880466168129119 0.024198189879265919 0.010476538726260431 0.00051832297969841537 0.0028171365048540445 -0.013854146373397408 0.0097273569966983674 -0.00432180883570991
leaf_weight=14.71664275228977 8.2564685903489607 29.264881141483784 19.746319478377707 19.430556237697601 4.4111886993050566 9.4113145470619219 58.844950549304485 8.8063588552176935 5.8760310299694529 12.978366538882254 7.1102529987692824 18.872482985258102 3.016143672168254
leaf_count=47 50 62 210 39 12 30 114 29 35 35 30 42 21
internal_value=0.0103817 0.00407703 -0.00372608 0.0112068 -0.0195208 0.0128794 0.0184749 -0.00334003 -0.0244401 0.0184981 -0.0024468 0.0214846 -0.029816
internal_weight=220.742 128.308 69.5431 36.4934 33.0497 58.7648 92.4341 17.0628 28.6385 42.2432 16.5216 77.7174 22.7625
internal_count=756 553 396 118 278 157 203 79 266 97 60 156 231
is_linear=0
shrinkage=0.03


Tree=69
num_leaves=14
num_cat=0
split_feature=32 11 20 40 20 4 75 25 3 25 23 9 59
split_gain=16.4728 11.6116 10.1801 12.0418 9.13919 12.0246 9.21473 5.45029 7.73676 5.04966 4.63136 4.05934 3.28149
threshold=1.0000000180025095e-35 0.027872313279658559 -0.58818325400352467 1.0000000180025095e-35 0.34922468662261968 -1.5361928939819334 1.0000000180025095e-35 -0.32695157825946802 0.28919646888971334 0.8574533760547639 0.37122716009616857 -0.39749430119991297 1.0000000180025095e-35
decision_type=2 2 2 2 2 2 2 2 2 2 2 2 2
left_child=7 4 -3 10 5 -2 12 -1 9 -9 11 -4 -7
right_child=1 2 3 -5 -6 6 -8 8 -10 -11 -12 -13 -14
leaf_value=0.027128437672017194 0.020081957182413564 0.026220775839988181 -0.0016492475374770279 0.016154499624395403 0.0087922851596975767 -0.030807669870580461 0.0075796587159306511 -0.010535439941971612 0.021875435769611165 0.012460054086155662 0.0042954545049386046 -0.028747751629276209 -0.0028720607942825083
leaf_weight=40.598193168640137 3.7960854936391106 19.799682550132275 9.0436022430658358 25.151491895318031 18.660312071442604 23.737327439710501 6.5368013754487029 15.601512417197229 21.566407814621925 9.7744067311286909 10.760429494082926 8.1500905826687831 5.6257379241287699
leaf_count=69 11 39 27 56 47 256 24 59 40 23 28 43 34
internal_value=0.0095858 0.00264285 0.0103183 0.00264318 -0.00700376 -0.0145821 -0.0202544 0.019291 0.0105539 -0.00108494 -0.0101201 -0.0180771 -0.0266521
internal_weight=218.802 131.262 72.9053 53.1056 58.3563 39.696 35.8999 87.5405 46.9423 25.3759 27.9541 17.1937 29.3631
internal_count=756 565 193 154 372 325 314 191 122 82 98 70 290
is_linear=0
shrinkage=0.03


Tree=70
num_leaves=14
num_cat=0
split_feature=32 29 2 54 18 47 3 19 23 23 41 12 10
split_gain=16.1978 14.1466 11.8781 9.82651 8.34408 7.26558 6.65039 9.31459 5.77615 4.4507 4.06633 4.00141 0.946129
threshold=1.0000000180025095e-35 -1.3083735704421995 -1.5322852730751035 1.0000000180025095e-35 1.7874276638031008 1.0000000180025095e-35 0.28919646888971334 0.38651748001575476 -1.5180450677871702 1.3158632516860964 1.0000000180025095e-35 -0.061371982097625725 0.95542019605636608
decision_type=2 2 2 2 2 2 2 2 2 2 2 2 2
left_child=6 -2 -3 -4 5 -5 7 11 -7 10 -10 -1 -12
right_child=1 2 3 4 -6 8 -8 -9 9 -11 12 -13 -14
leaf_value=0.0059720718858165866 0.019559086801817421 0.016846868533593587 0.011806872107329692 0.010483349931518718 0.0096517851299580491 0.0044388682451605883 0.025244456239752949 0.020353789795908839 -0.0060170296412636985 0.00086284671757346334 -0.032706272986779694 -0.014425009948242905 -0.0066564423042270995
leaf_weight=13.955585718154909 23.559572450816631 15.076956704258917 13.290314968675373 4.8090584576129904 9.1493376009166223 6.1303144246339718 44.581985406577587 22.760373473167419 10.50240529514849 5.8629704788327208 29.922168090939529 11.531414613127707 4.3817172721028319
leaf_count=39 55 28 51 16 25 21 81 40 49 19 266 49 26
internal_value=0.00818314 0.000885465 -0.00427887 -0.00880166 -0.0131963 -0.0170592 0.0172897 0.00825894 -0.0200507 -0.0231461 -0.026059 -0.00410869 -0.030649
internal_weight=215.514 122.685 99.1252 84.0483 70.758 61.6086 92.8294 48.2474 56.7996 50.6693 44.8063 25.487 34.3039
internal_count=765 556 501 473 422 397 209 128 381 360 341 88 292
is_linear=0
shrinkage=0.03


Tree=71
num_leaves=15
num_cat=0
split_feature=2 30 7 30 2 11 2 29 22 21 26 3 29 11
split_gain=8.85159 10.0323 11.7317 13.8137 5.56045 8.79754 7.08487 5.0128 5.39316 5.8312 3.95955 2.26247 1.72767 1.16925
threshold=-0.62049487233161915 -0.31242194771766657 -1.020610451698303 0.46725247800350195 0.10893747303634883 0.48506437242031103 0.65601173043251049 0.72455748915672313 1.4112346172332766 -0.54492221772670735 -0.87375488877296437 0.45212295651435858 0.20329311490058902 0.14425361156463626
decision_type=2 2 2 2 2 2 2 2 2 2 2 2 2 2
left_child=12 4 -3 7 13 6 10 8 9 -4 -6 -5 -1 -2
right_child=1 2 3 11 5 -7 -8 -9 -10 -11 -12 -13 -14 -15
leaf_value=0.023088098987497536 0.026274305818425679 0.023715390020188673 -0.0012607008232562598 0.00033577565380127686 0.0033021017360649321 0.020052782104391792 0.008832834528062555 0.0020570987272886072 0.0043218759990127234 -0.032563940159232682 -0.025675697286351162 0.015185452046386343 0.0080839978003042524 0.0091904757903974038
leaf_weight=40.736782230436802 21.338214121758938 9.5025165006518346 7.3304637223482159 17.467242453247309 4.6069587692618361 15.889824345707892 13.448304481804369 9.6769035607576352 4.8926592692732802 20.168952476233244 9.0323796067386883 15.157307505607603 17.014199927449226 13.248554214835165
leaf_count=79 49 18 22 56 23 34 56 26 18 201 62 31 41 32
internal_value=0.00998759 0.00604694 -0.00117297 -0.00562852 0.0134806 0.00527919 -0.0051614 -0.0161932 -0.0211914 -0.0256972 -0.0176277 0.00833609 0.019664 0.0217176
internal_weight=219.511 161.76 84.196 74.6935 77.5642 42.9775 27.0876 42.069 32.3921 27.4994 13.6393 32.6245 57.751 34.5868
internal_count=748 628 372 354 256 175 141 267 241 223 85 87 120 81
is_linear=0
shrinkage=0.03


Tree=72
num_leaves=14
num_cat=0
split_feature=14 5 0 9 26 3 17 14 5 5 7 10 22
split_gain=14.9523 14.6692 8.72779 6.29645 5.86221 5.65468 5.62422 6.96514 6.34892 3.85288 3.53728 3.51378 3.37015
threshold=1.0000000180025095e-35 0.85401624441146862 -1.1716275811195371 0.48631714284420019 -0.19845880568027494 0.60852527618408214 -0.28615595400333399 -0.27143290638923639 -1.1199704408645628 -0.1549102962017059 0.13920884579420092 0.55978818237781536 -0.051080739125609391
decision_type=2 2 2 2 2 2 2 2 2 2 2 2 2
left_child=1 2 -1 6 5 -2 9 10 -9 -4 -8 -6 -5
right_child=4 -3 3 12 11 -7 7 8 -10 -11 -12 -13 -14
leaf_value=-0.018500079193136967 -0.0055143352541521286 -0.024539158301151835 0.027452955940645032 0.0047997828959078486 0.024912978884645026 0.016302101919410453 0.01734023581131652 0.011193356041077821 -0.024634281173228849 0.0038473864818370971 -0.0027243104393553253 0.0072035105773123314 -0.018604997310172719
leaf_weight=7.45911831408739 18.218605265021324 12.239919247105716 19.790300793945793 7.7466770093888044 56.533545330166817 15.774342603981493 19.073491510003802 3.3838425464928088 7.2119129262864705 10.774982288479803 9.9766945838928205 18.288207814097404 6.2528372220695001
leaf_count=55 58 90 50 38 102 32 46 13 104 42 31 49 33
internal_value=0.00928033 0.00100252 0.00550572 0.00854978 0.0167937 0.00540175 0.0121114 0.00379991 -0.0132721 0.0208422 0.0110613 0.0213067 -0.00779903
internal_weight=212.724 103.91 91.6699 84.2107 108.815 33.9929 70.2112 39.6459 10.5958 30.5653 29.0502 74.8218 13.9995
internal_count=743 502 412 357 241 90 286 194 117 92 77 151 71
is_linear=0
shrinkage=0.03


Tree=73
num_leaves=15
num_cat=0
split_feature=10 6 32 7 21 6 2 30 6 6 28 29 26 6
split_gain=11.5186 8.65421 14.2215 8.32536 11.3086 10.8846 9.89358 7.4816 6.13567 4.4032 5.97737 4.39635 4.3668 2.77625
threshold=1.0000000180025095e-35 -0.7223687171936034 1.0000000180025095e-35 -0.12969834357500074 -0.65217328071594227 0.16429603844881061 -1.1675691008567808 -0.77896928787231434 -0.057370150461792939 0.16429603844881061 0.078505203127861037 0.099040236324071898 0.73057225346565258 0.3859622329473496
decision_type=2 2 2 2 2 2 2 2 2 2 2 2 2 2
left_child=1 -1 13 4 -2 11 -6 -8 -4 -10 -11 12 -5 -3
right_child=3 2 8 5 6 -7 7 -9 9 10 -12 -13 -14 -15
leaf_value=0.026439138108807596 0.015941279463980901 0.0094629825371059084 -0.018984461331486402 -0.022482823704444706 0.015092024670501221 0.022307814056163295 0.0022902144537102227 -0.027962646432964002 0.016996359285221297 0.0089970649778593152 -0.016367385716985459 0.010304695905630847 0.0041358889498487421 0.029073272001228785
leaf_weight=42.071676298975945 10.701852753758429 18.775896176695824 9.6171867847442609 8.4681038130074757 4.9939689189195624 25.080152194947004 9.0359947159886342 22.782216947525743 9.6109790541231614 13.011278443038465 10.874419339001177 7.9050722047686568 7.1795978657901278 18.800203323364258
leaf_count=81 28 43 47 46 8 59 40 220 27 37 48 18 23 31
internal_value=0.0100154 0.0159245 0.00921929 0.00205637 -0.00654267 0.0102843 -0.0142037 -0.0202269 -0.00263833 0.00391097 -0.00338486 -0.0041833 -0.0122255 0.0215365
internal_weight=218.909 122.762 80.69 96.147 47.514 48.6329 36.8122 31.8182 43.1139 33.4967 23.8857 23.5528 15.6477 37.5761
internal_count=756 314 233 442 296 146 268 260 159 112 85 87 69 74
is_linear=0
shrinkage=0.03


Tree=74
num_leaves=13
num_cat=0
split_feature=14 19 29 10 24 29 7 26 27 4 10 19
split_gain=9.42912 9.57209 14.9772 9.28894 5.90062 5.472 5.42653 4.9972 3.74756 2.89777 2.6359 1.39955
threshold=1.0000000180025095e-35 0.34580872952938085 -1.5168793201446531 -0.42929178476333613 -0.20840055495500562 0.30754597485065466 -0.32446755468845362 -0.71593949198722828 -0.24074476212263105 0.69493263959884655 0.55978818237781536 0.76758843660354625
decision_type=2 2 2 2 2 2 2 2 2 2 2 2
left_child=1 2 -1 4 -4 9 -3 -2 -8 -5 11 -9
right_child=7 6 3 5 -6 -7 8 10 -10 -11 -12 -13
leaf_value=0.018404713174821036 -0.0018432177461621194 0.021143630851801036 -0.009833721722706721 -0.030980819362116545 0.017926054351616341 0.0028010008169693946 0.010162340571107768 0.021334793671786652 -0.010831705180117687 -0.0043192332425953254 0.0039565835740526852 0.0077908419751465197
leaf_weight=12.96148496121168 14.754750922322271 19.836533322930336 10.080448154360058 21.255107535049323 7.9308968633413306 5.9061161056160918 11.18052050471306 53.285104334354401 9.5217278897762281 6.366615703329443 16.18453236669302 16.883480042219162
leaf_count=31 45 39 47 238 21 22 30 106 31 55 46 38
internal_value=0.00746302 0.00103961 -0.0060125 -0.0132377 0.00362878 -0.0215935 0.0116883 0.0137728 0.000277676 -0.0264394 0.0163958 0.0188109
internal_weight=206.147 105.039 64.5007 51.5392 18.0113 33.5278 40.5388 101.108 20.7022 27.6217 86.3531 70.1686
internal_count=749 514 414 383 68 315 100 235 61 293 190 144
is_linear=0
shrinkage=0.03


Tree=75
num_leaves=15
num_cat=0
split_feature=63 9 6 22 9 19 19 29 29 26 1 8 23 22
split_gain=10.2042 13.8606 9.89016 8.26063 8.98586 6.78855 12.03 9.25925 8.16021 11.1148 3.14111 3.12307 1.83675 1.74623
threshold=1.0000000180025095e-35 0.3055375218391419 0.16429603844881061 1.0457385182380678 -0.5983605384826659 0.28258453309535986 -1.0568305850028989 -1.2562471628189085 0.30754597485065466 0.59467163681983959 0.87334778904914867 -0.048046024516224854 0.18229994177818301 -0.061691151931881898
decision_type=2 2 2 2 2 2 2 2 2 2 2 2 2 2
left_child=3 5 -3 4 -1 6 -2 -8 9 10 -9 13 -4 -7
right_child=1 2 12 -5 -6 11 7 8 -10 -11 -12 -13 -14 -15
leaf_value=0.0058462582813576932 0.024883213340061192 -0.02099233638071275 -0.0014310169718882658 0.01638793412227231 -0.026061933119794239 0.014210945903283239 0.021577104964368647 -0.03114706308687713 0.011129437545575127 0.0088127717000876897 -0.0043784478106338974 0.011170512080672225 0.015076270039243687 0.033363179175657315
leaf_weight=10.938011765480045 22.069871254265308 13.851327029988168 9.1100598908960837 6.7913232520222655 14.222132278606296 19.574919901788235 9.4054663404822332 13.595557350665336 13.659421861171721 10.733061634004114 7.3665263559669247 28.328016377985477 9.4072697684168798 24.607734218239784
leaf_count=34 49 77 36 17 119 42 17 144 35 28 34 64 25 36
internal_value=0.00911665 0.0118259 -0.00531775 -0.00580634 -0.0135208 0.0155936 0.00852245 0.000398357 -0.00570003 -0.0134811 -0.0243949 0.0220529 0.00837749 0.0271852
internal_weight=213.661 181.709 32.3687 31.9515 25.1601 149.341 76.8299 54.76 45.3546 31.6951 20.9621 72.5107 18.5173 44.1827
internal_count=757 587 138 170 153 449 307 258 241 206 178 142 61 78
is_linear=0
shrinkage=0.03


Tree=76
num_leaves=15
num_cat=0
split_feature=5 14 26 12 33 3 23 70 29 0 14 26 14 8
split_gain=11.2358 8.76956 8.40244 7.63851 7.62465 6.31103 6.27387 5.77668 7.42727 5.14767 2.96369 6.17045 6.2873 6.66859
threshold=1.1172144412994387 1.0000000180025095e-35 -0.71593949198722828 1.1512047648429873 1.1107677668333056 -0.24481490254402158 0.37122716009616857 1.0000000180025095e-35 1.0894425511360171 1.0000000180025095e-35 -0.12352122738957404 0.3684373944997788 -0.27143290638923639 -0.63627511262893666
decision_type=2 2 2 2 2 2 2 2 2 2 2 2 2 2
left_child=2 -2 7 4 10 -6 -5 -1 9 -9 11 12 -4 -14
right_child=1 -3 3 6 5 -7 -8 8 -10 -11 -12 -13 13 -15
leaf_value=0.015000036352746243 -0.027160897226260961 0.0048001756515583596 0.023996353172742051 -0.016367372314379583 -0.013863209118901682 0.010544388184307337 0.010719744542782791 0.0014322443895595084 0.011399984324384623 -0.026877852113792081 0.024022295828931138 -0.0056495412791862159 0.019094730312643197 -0.015490455488784478
leaf_weight=7.2364235799759618 9.3289476763457078 14.07922153174877 25.984940946102139 10.466123320162298 9.9238050505518931 21.634543461725116 10.568316698074339 7.964815888553864 7.5010843873023978 12.258462900295852 56.790398620069027 11.661876223981379 3.4984334520995581 7.3119219448417478
leaf_count=19 74 39 65 38 47 53 22 35 19 75 112 42 12 125
internal_value=0.00757723 -0.010476 0.0099785 0.0128531 0.0153678 0.00202288 -0.00331297 -0.00298399 -0.00925272 -0.0176544 0.0190961 0.0116159 0.0171092 -0.00179895
internal_weight=216.209 23.4082 192.801 157.84 136.806 31.5583 21.0344 34.9608 27.7244 20.2233 105.248 48.4572 36.7953 10.8104
internal_count=777 113 664 516 456 100 60 148 129 110 356 244 202 137
is_linear=0
shrinkage=0.03


Tree=77
num_leaves=15
num_cat=0
split_feature=32 1 3 13 30 3 11 26 4 1 8 19 2 2
split_gain=13.205 10.7938 12.141 9.74678 9.68115 7.88151 5.56619 4.27525 4.07193 3.69712 2.18605 2.15655 1.16527 0.41321
threshold=1.0000000180025095e-35 0.87334778904914867 0.11917744576931001 -0.9265727400779723 -0.72018054127693165 0.60852527618408214 0.45376870036125189 1.6665938496589663 0.44702979922294622 0.51810656487941753 0.81135249137878429 0.36649581789970404 1.0000000180025095e-35 0.29129555821418768
decision_type=2 2 2 2 2 2 2 2 2 2 2 2 2 2
left_child=9 2 3 -2 -5 12 -7 -6 -3 10 11 13 -4 -1
right_child=1 8 5 4 7 6 -8 -9 -10 -11 -12 -13 -14 -15
leaf_value=0.01611849592999038 0.0074369347407228755 0.0019521871725143866 0.023537400839241374 0.0041163126631339475 -0.032726253685730566 -0.017632520978579973 0.0085794656751560228 0.00094513994101019154 0.023046341058186245 0.0045776932061935534 0.0066547028369109982 0.029524018935352263 0.0066289188021683978 0.0051383453128651278
leaf_weight=19.50885578989983 12.702397290617226 13.957992661744354 12.294585190713407 9.4630616307258588 22.167904185131196 10.072934599593284 9.842216804623602 3.5633833706378928 19.354028379544616 21.058044999837875 14.633003473281859 26.89111191034317 11.539840051904319 10.949914775788782
leaf_count=45 42 50 20 53 227 47 22 12 49 55 35 42 41 39
internal_value=0.00876786 0.00220634 -0.0032236 -0.013041 -0.0204376 0.00775956 -0.00555628 -0.0286682 0.015616 0.0170183 0.0201241 0.0227515 0.0179199 0.0134523
internal_weight=217.999 124.958 91.6463 47.8967 35.1943 43.7496 19.9152 25.7313 33.312 93.0409 71.9829 57.3499 23.8344 30.4588
internal_count=779 563 464 334 292 130 69 239 99 216 161 126 61 84
is_linear=0
shrinkage=0.03


Tree=78
num_leaves=15
num_cat=0
split_feature=32 0 21 4 6 68 20 6 20 9 0 1 5 8
split_gain=15.2825 9.69666 14.0776 9.62591 8.38964 8.78357 6.62204 5.73947 5.65271 2.91539 2.32102 2.31951 1.74789 1.0966
threshold=1.0000000180025095e-35 1.0938091874122622 -0.23194614052772519 1.1411577463150027 -1.2395898103713987 1.0000000180025095e-35 0.49161577224731451 1.4942932128906252 -0.68904364109039296 -0.49792742729187006 1.0000000180025095e-35 1.1101752519607546 -0.11104393005371092 -0.089764397591352449
decision_type=2 2 2 2 2 2 2 2 2 2 2 2 2 2
left_child=8 2 9 4 -4 6 10 -7 -1 -2 -6 12 -10 -14
right_child=1 -3 3 -5 5 7 -8 -9 11 -11 -12 -13 13 -15
leaf_value=0.00019633948165781492 0.023464998464537437 0.017754451158482759 0.0073520221722939332 0.012882419579515159 0.001760311910222331 -0.030231609227654516 0.015977829059018959 0.00043991628020311488 0.027982433904276151 0.0033092434384361272 -0.021860044352012033 0.0063269083206332075 0.017866263719541798 0.0044011350157798067
leaf_weight=15.495911449193953 11.005164183676245 19.586353357881308 11.303210731595753 10.675484918057917 4.839760825037958 31.24584374576807 7.4252148792147628 6.3037863075733176 32.74970605224371 14.076092258095739 5.1447299290448427 14.496470689773558 14.504047602415083 13.529550328850748
leaf_count=47 18 56 36 37 29 249 16 23 57 50 39 35 34 34
internal_value=0.00788482 0.000792167 -0.00314172 -0.00945731 -0.0137078 -0.0182909 -0.000263959 -0.0256359 0.016849 0.0145835 -0.0136437 0.0200511 0.0225946 0.0130175
internal_weight=212.381 121.606 102.019 76.938 66.2625 54.9593 17.4097 37.5496 90.7757 25.0813 9.98449 75.2798 60.7833 28.0336
internal_count=760 553 497 429 392 356 84 272 207 68 68 160 125 68
is_linear=0
shrinkage=0.03


Tree=79
num_leaves=15
num_cat=0
split_feature=7 0 17 32 28 16 18 4 41 2 17 26 25 16
split_gain=10.8638 10.9534 11.6317 7.49533 8.82061 6.07374 8.06415 6.68811 7.69334 7.14102 6.7457 4.55495 3.12335 2.41272
threshold=-1.0997747182846067 -1.7491278648376463 -0.38846583664417261 1.0000000180025095e-35 -1.5220880508422849 -0.07955483719706534 -0.15890756249427793 0.69493263959884655 1.0000000180025095e-35 1.0000000180025095e-35 -0.35375253856182093 0.10810814052820207 0.26525090634822851 -1.1356184482574461
decision_type=2 2 2 2 2 2 2 2 2 2 2 2 2 2
left_child=-1 -2 11 -4 -5 6 12 8 -7 -10 -11 13 -6 -3
right_child=1 2 3 4 5 7 -8 -9 9 10 -12 -13 -14 -15
leaf_value=0.030685843368857966 -0.018149939248432514 0.00098938727726102511 0.018405538893139693 -0.017924714873869617 -0.0036359547517717601 0.022453903495384956 -0.022600537843738111 0.027480912125137716 0.0096285231806121883 0.01121134823273297 -0.025896116720695 0.0057094022048014767 0.015511697658958344 -0.022728117359114244
leaf_weight=13.993431933224199 10.515751091763375 4.5274424329400054 69.554757460951805 8.3939885795116407 11.634194172918802 10.608041981235145 7.0047518238425175 16.554108314216137 14.552001945674428 2.9534812346100727 10.011320868507033 9.1322753280401212 11.216092828661202 11.324324723333122
leaf_count=27 59 21 154 37 38 29 31 48 37 9 135 30 30 71
internal_value=0.00877365 0.00650717 0.00832586 0.0112451 0.00521955 0.00839037 -0.00230256 0.0139325 0.00554559 -0.00342312 -0.0166751 -0.00936858 0.00686018 -0.0173412
internal_weight=211.976 197.983 187.467 162.483 92.928 84.534 29.855 54.679 38.1248 27.5168 12.9648 24.984 22.8503 15.8518
internal_count=756 729 670 548 394 357 99 258 210 181 144 122 68 92
is_linear=0
shrinkage=0.03


Tree=80
num_leaves=15
num_cat=0
split_feature=7 17 28 30 4 28 5 28 0 7 21 68 19 16
split_gain=11.2754 11.8786 9.21498 6.40874 8.08607 9.66465 7.58871 6.56879 4.70877 4.78554 3.07621 4.12122 2.80231 2.79417
threshold=-1.2116099596023557 0.38037602603435522 1.1682708263397219 -0.31242194771766657 0.84367436170578014 -0.9090948998928069 0.89788261055946361 0.55527767539024364 0.32118908315896993 -0.76426902413368214 -0.23194614052772519 1.0000000180025095e-35 0.16615112125873568 0.80916613340377819
decision_type=2 2 2 2 2 2 2 2 2 2 2 2 2 2
left_child=-1 2 3 6 5 -5 8 10 9 -2 -7 -12 -6 -3
right_child=1 13 -4 4 12 7 -8 -9 -10 -11 11 -13 -14 -15
leaf_value=0.030709748906573724 -0.0010251314698655884 0.022701960840592221 -0.018867709908926136 0.0075341450767782486 -0.0017689431737517559 -0.0011495452426012371 -0.012989060439150768 0.0001568520921828384 -0.0025347059966601988 0.021965653474314447 -0.0051287744491637834 -0.036413559758332874 0.01801505383017583 0.0044362962668940331
leaf_weight=9.3419514745473844 9.836823580786584 23.255168974399567 16.91196695715189 17.851136788725853 9.1499068439006823 4.6901895254850379 8.2136396504938585 13.702867947518824 12.742650993168352 32.797523841261864 7.0768520105630204 13.79316739551723 11.718317449092863 14.268657907843588
leaf_count=15 44 44 98 53 49 15 41 45 46 92 35 141 22 36
internal_value=0.00497366 0.00301368 -0.000741063 0.00199406 -0.00368941 -0.00937479 0.0087247 -0.0170452 0.0127543 0.0171103 -0.024784 -0.0288467 0.0106753 0.0170946
internal_weight=205.351 196.009 158.485 141.573 77.9824 57.1142 63.5906 39.2631 55.377 42.6343 25.5602 20.87 20.8682 37.5238
internal_count=776 761 681 583 360 289 223 236 182 136 191 176 71 80
is_linear=0
shrinkage=0.03


Tree=81
num_leaves=15
num_cat=0
split_feature=25 32 22 27 27 1 25 3 71 16 23 17 40 17
split_gain=12.828 9.62493 10.3652 13.4194 9.12036 7.33149 6.93844 7.5371 6.46891 5.92167 4.41195 3.00353 2.17807 2.10552
threshold=-1.2152553200721739 1.0000000180025095e-35 0.064371716231107726 -0.075719472020864473 0.28911022841930395 1.0000000180025095e-35 -0.32695157825946802 0.28919646888971334 1.0000000180025095e-35 -0.36013673245906824 0.37122716009616857 -0.037341267801821225 1.0000000180025095e-35 -0.3028330504894256
decision_type=2 2 2 2 2 2 2 2 2 2 2 2 2 2
left_child=-1 6 3 8 -5 10 -2 9 11 -8 -4 -3 -7 -11
right_child=1 2 5 4 -6 12 7 -9 -10 13 -12 -13 -14 -15
leaf_value=0.022835270203455608 0.021320306242348836 -0.030402568405169122 -0.015703929965594617 0.017848919472935532 -0.010343035444050224 0.00498417467012116 0.0077840105953092334 0.01498025930118661 0.0051661033118349338 -0.0026745584448977706 0.0083856889320254122 -0.003488871017121769 0.024449098127035659 -0.025370688506695348
leaf_weight=32.459433138370514 30.360809072852135 22.959652887657285 9.8525944259017724 16.064967088401321 15.680400155484675 11.599691728129983 10.503686040639879 20.167515657842159 5.3872124310582867 7.1638835221529007 8.3674257509410364 5.9376104027032879 13.503739908337593 7.1569153591990453
leaf_count=65 57 239 59 42 61 38 26 42 22 26 26 19 26 37
internal_value=0.00678578 0.00343779 -0.00226026 -0.00946722 0.00441114 0.00856699 0.011333 0.00313519 -0.0212436 -0.00738593 -0.00521744 -0.0262029 0.0177766 -0.0176474
internal_weight=217.166 184.706 109.353 66.0298 31.7454 43.3235 75.3528 44.992 34.2845 24.8245 18.22 28.8973 25.1034 14.3208
internal_count=785 720 532 383 103 149 188 131 280 89 85 258 64 63
is_linear=0
shrinkage=0.03


Tree=82
num_leaves=15
num_cat=0
split_feature=2 25 12 8 8 26 17 17 17 7 14 0 2 28
split_gain=13.1126 10.4088 8.1553 7.21568 9.99789 6.00491 5.48478 7.27754 4.56727 3.06339 2.67346 5.15516 1.41112 1.07704
threshold=1.0000000180025095e-35 -1.2152553200721739 1.1512047648429873 -0.25872381031513209 -0.89701491594314564 -0.090119067579507814 0.11672893539071084 -0.33662872016429896 -0.38846583664417261 -1.020610451698303 -0.12352122738957404 0.50710266828536998 -0.80285295844078053 0.99799492955207836
decision_type=2 2 2 2 2 2 2 2 2 2 2 2 2 2
left_child=2 -2 8 4 9 -6 7 -5 -1 -3 11 -10 -12 -9
right_child=1 3 -4 6 5 -7 -8 13 10 -11 12 -13 -14 -15
leaf_value=-0.00052156920309992907 0.016168053486324125 0.0014419844242291834 -0.0074665160399955671 3.883811007022695e-05 -0.0030568954219292528 0.024858691232240677 0.0025950313323257574 -0.031691249679380827 -0.0018520285964892128 -0.023135317420453754 0.02823373376123894 0.02084013401902771 0.012116860267672072 -0.007949589398729303
leaf_weight=12.831644050776957 17.59716671705246 6.4562924578785896 12.618482455611227 12.291407041251654 9.7537277955561876 12.782547544687986 12.565809547901152 16.51638360135258 17.494371321052316 7.0520226508378965 26.550214782357209 12.090299338102339 20.757509842514999 6.4415863193571559
leaf_count=44 39 30 39 58 53 32 34 181 57 53 43 23 46 34
internal_value=0.00550743 -0.00212844 0.0128238 -0.00666149 0.0032804 0.0144155 -0.0137571 -0.0191845 0.0159208 -0.0141724 0.018529 0.00909374 0.0229962 -0.0276428
internal_weight=203.799 101.457 102.343 83.8598 36.0446 22.5363 47.8152 35.2494 89.724 13.5083 76.8924 29.5847 47.3077 22.958
internal_count=766 514 252 475 168 85 307 273 213 83 169 80 89 215
is_linear=0
shrinkage=0.03


Tree=83
num_leaves=15
num_cat=0
split_feature=17 63 6 32 8 2 12 24 19 12 0 4 1 11
split_gain=13.0967 12.7819 9.45234 8.70146 6.87741 10.7253 7.49093 6.04754 4.13327 3.97382 2.79984 2.16394 1.77139 1.51289
threshold=-0.38846583664417261 1.0000000180025095e-35 -0.57459124922752369 1.0000000180025095e-35 -0.31504361331462855 1.0000000180025095e-35 0.99880230426788341 -0.38554565608501429 -1.1770638823509214 0.54625797271728527 0.67429283261299144 0.099965844303369536 0.75493404269218456 0.45376870036125189
decision_type=2 2 2 2 2 2 2 2 2 2 2 2 2 2
left_child=2 7 -1 12 13 9 10 -2 -9 -6 -7 -4 -3 -5
right_child=1 3 11 4 5 6 -8 8 -10 -11 -12 -13 -14 -15
leaf_value=0.011352381576263863 0.0054598998930595029 0.025036593541730698 -0.02712283615128078 0.0066337887630200298 0.016814391766638341 -0.028844942371155469 0.0074201188539314965 0.0044082778809077933 -0.027591180286590685 -0.0025485062693695391 -0.00012341104345106504 -0.0045971287187010898 0.0083744400016974255 0.023189261877826231
leaf_weight=9.4599326290190238 14.278371449559929 53.182809092104435 10.289765056222679 13.252043321728708 24.905871734023094 11.02566351555288 8.1058241799473745 3.3300503976643077 8.1525627411901933 12.275031194090841 3.8272704407572737 8.3707680366933328 13.801836609840391 18.165472954511642
leaf_count=31 37 103 74 56 56 121 23 11 87 36 26 42 33 34
internal_value=0.00842696 0.011327 -0.00942059 0.014462 0.00777769 0.00142343 -0.0130944 -0.00718168 -0.0197889 0.0108775 -0.0233391 -0.020125 0.0224236 0.0180757
internal_weight=212.423 184.303 28.1205 158.542 91.5572 60.1397 22.9588 25.761 11.4826 37.1809 14.8529 18.6605 66.9846 31.4175
internal_count=770 623 147 488 352 262 170 135 98 92 147 116 136 90
is_linear=0
shrinkage=0.03


Tree=84
num_leaves=15
num_cat=0
split_feature=32 9 1 18 9 21 1 22 30 10 14 16 19 5
split_gain=12.8239 12.2931 13.261 15.5363 6.91 12.0494 9.81161 6.61793 8.47515 5.15122 2.3368 2.13869 1.71077 1.27604
threshold=1.0000000180025095e-35 -0.19662806391716001 1.0000000180025095e-35 0.6821822226047517 -0.43766753375530237 -0.23194614052772519 1.0000000180025095e-35 0.38402833044528967 0.17912140488624576 1.0000000180025095e-35 -0.27143290638923639 0.75342202186584484 -1.7501926422119138 -1.0000000180025095e-35
decision_type=2 2 2 2 2 2 2 2 2 2 2 2 2 2
left_child=7 4 3 12 5 -2 13 11 -9 10 -4 -1 -3 -7
right_child=1 2 9 -5 -6 6 -8 8 -10 -11 -12 -13 -14 -15
leaf_value=0.023576543434300479 0.022345437077564888 -0.0027504824880688365 0.0050980854338304243 0.0083450316819072053 0.025021310340480662 0.011556658486897877 -0.026125558644610854 -0.013352419351056828 0.017125416736538703 0.017373493162767303 -0.012779991457642277 0.0075634402745125987 -0.033632648307708873 -0.0021964228368791128
leaf_weight=51.160542458295822 13.505605220794676 2.7309869453310993 9.0933339297771472 10.609129652380942 16.104533672332764 8.7523236647248286 9.9330709092318994 11.968062818050386 10.959936261177061 13.774073163047431 8.2228225320577639 15.88300211727619 20.317973101511598 8.4637088887393492
leaf_count=109 25 13 30 34 39 26 51 40 22 62 30 39 206 34
internal_value=0.00783491 0.00132261 -0.00736194 -0.0192073 0.0110235 0.00334555 -0.00811145 0.0160972 0.00167416 0.00634611 -0.00435283 0.0205712 -0.0311161 0.00582277
internal_weight=211.479 121.508 64.7483 33.6581 56.7592 40.6547 27.1491 89.9715 22.928 31.0902 17.3162 67.0435 23.049 17.216
internal_count=760 550 375 253 175 136 111 210 62 122 60 148 219 60
is_linear=0
shrinkage=0.03


Tree=85
num_leaves=15
num_cat=0
split_feature=5 32 22 14 8 20 27 27 17 19 8 5 1 20
split_gain=11.8361 9.52115 10.8212 8.58732 13.1007 7.09543 6.80687 7.56884 6.56252 5.78264 3.9416 2.88555 1.85825 1.81788
threshold=1.512011766433716 1.0000000180025095e-35 0.064371716231107726 0.65390467643737804 1.2014192342758181 1.7731355428695681 0.18687520176172259 -0.52360963821411122 -0.20487888157367704 -0.82727140188217152 -0.21909135580062863 0.72241711616516124 -0.073962084949016557 0.17123583704233172
decision_type=2 2 2 2 2 2 2 2 2 2 2 2 2 2
left_child=1 8 3 4 5 9 7 -4 10 -3 -1 -11 -2 -10
right_child=12 2 6 -5 -6 -7 -8 -9 13 11 -12 -13 -14 -15
leaf_value=0.01358201473379737 -0.025945001721924873 0.0010214079884900971 -0.0022462003052914968 0.010179953463580005 0.015255283141078328 0.009959023335055963 -0.00679489468492573 0.026168409909481941 0.0089384601993244047 -0.031479350867333979 -0.004526170963751081 -0.0039394250317942199 -0.0021522587144312678 0.02637672835527783
leaf_weight=16.253088101744652 5.9462057743221521 7.399372141808267 10.685163404792542 19.504382357001305 9.3745740838348848 4.2196529507637015 9.6898052096366865 25.139151658862833 14.601062059402464 23.899232536554344 18.276947051286697 5.6659277006983748 5.3946618884801847 32.501776278018951
leaf_count=38 42 38 46 43 25 9 37 65 32 224 61 44 21 60
internal_value=0.0061645 0.00802535 0.00228173 -0.00504271 -0.0113029 -0.0183453 0.0129399 0.0184562 0.0155562 -0.022378 0.00463709 -0.0275349 -0.0187488 0.0223477
internal_weight=208.551 197.21 115.577 70.0631 50.5588 41.1842 45.5141 35.8243 81.6329 36.9645 34.53 29.5652 11.3409 47.1028
internal_count=785 722 531 383 340 315 148 111 191 306 99 268 63 92
is_linear=0
shrinkage=0.03


Tree=86
num_leaves=15
num_cat=0
split_feature=32 9 14 9 41 20 14 20 17 8 9 2 20 17
split_gain=14.8229 10.6624 11.173 8.35308 7.84436 7.00106 5.93097 4.51954 4.32148 7.69699 2.8626 2.00534 0.599776 0.557999
threshold=1.0000000180025095e-35 -0.21671468764543531 1.5714724659919741 0.084584664553403868 1.0000000180025095e-35 -0.61191514134407032 1.0000000180025095e-35 -0.84923359751701344 -0.18902878463268277 -0.17320114374160764 -0.6586204171180724 0.29129555821418768 0.62214094400405895 -0.35375253856182093
decision_type=2 2 2 2 2 2 2 2 2 2 2 2 2 2
left_child=8 5 3 13 -5 -2 10 -6 9 -1 -7 -11 -10 -3
right_child=1 2 -4 4 7 6 -8 -9 12 11 -12 -13 -14 -15
leaf_value=0.017865972921440612 0.020590648623630435 -0.0082687025341243239 0.014709832082682776 0.014373300220466421 0.0023554821705140971 -0.020347783938991035 0.0098433860592980534 -0.023249664340333914 0.011462596010745724 -0.013530893978102117 0.0011114670365747184 0.003295558720335615 0.025560991706724021 -0.031466439553254816
leaf_weight=17.942635037004948 17.644392412155867 5.7226341366767874 9.357437849044798 9.3293138444423693 8.7930867522954959 8.5242577791214007 18.871722742915154 10.905517378821967 18.905556246638298 10.112616315484049 8.7046126499772054 8.260161451995371 22.419146746397018 15.607145801186563
leaf_count=40 49 32 17 30 46 45 42 78 40 37 37 28 43 176
internal_value=0.00514033 -0.0018231 -0.010156 -0.0156879 -0.00386004 0.00751187 -0.000607725 -0.013657 0.014811 0.00602935 -0.0116945 -0.00687927 0.0210445 -0.0279948
internal_weight=191.1 113.46 59.7151 50.3577 29.0279 53.745 36.1006 19.6986 77.6401 36.3154 17.2289 18.3728 41.3247 21.3298
internal_count=740 552 379 362 154 173 124 124 188 105 82 65 83 208
is_linear=0
shrinkage=0.03


Tree=87
num_leaves=15
num_cat=0
split_feature=5 32 25 4 16 3 2 30 19 3 12 16 2 28
split_gain=13.2602 12.2558 9.78646 8.31986 9.12619 8.27291 7.92321 8.12138 7.75342 4.7936 4.74943 4.1086 2.88782 2.75427
threshold=-1.2954359650611875 1.0000000180025095e-35 -0.32695157825946802 0.49661035835742956 -0.07955483719706534 -0.24481490254402158 -1.7146433591842649 -0.21240257471799848 -0.75121188163757313 -0.86358290910720814 0.27343384921550756 -0.07955483719706534 -1.0000000180025095e-35 -0.1258258521556854
decision_type=2 2 2 2 2 2 2 2 2 2 2 2 2 2
left_child=-1 2 -2 6 -5 -4 -3 8 -8 -9 -10 -7 -6 -14
right_child=1 3 5 4 12 11 7 9 10 -11 -12 -13 13 -15
leaf_value=0.024410508846999669 0.021541252066329668 0.011508256784983245 -0.016935459554475524 -0.011245379704481678 0.022081759813848117 0.017178124061050556 0.013198026533523498 -0.0011860394721700134 -0.02412568484091842 -0.032155284672703933 0.00059606468100655583 -0.0036337033724588431 0.012680580459950087 -0.010704785761287061
leaf_weight=24.858956487849355 37.094599038362503 9.2929029762744886 11.271190442144869 12.553128473460673 16.71327082067728 16.258507907390594 11.482360374182461 6.0991235598921802 10.246528640389444 17.730319809168577 12.487482052296398 11.804838612675669 3.7195510491728783 4.4545318894088286
leaf_count=52 73 19 51 55 32 32 43 23 159 103 41 39 10 55
internal_value=0.00585682 0.00272443 0.0114864 -0.00389888 0.00686693 0.000644134 -0.0099456 -0.0140206 -0.00356674 -0.0258092 -0.012887 0.00919802 0.0163557 0.000710503
internal_weight=206.067 181.208 76.4291 104.779 37.4405 39.3345 67.3387 58.0458 34.2164 23.8294 22.734 28.0633 24.8874 8.17408
internal_count=787 735 195 540 152 122 388 369 243 126 200 71 97 65
is_linear=0
shrinkage=0.03


Tree=88
num_leaves=13
num_cat=0
split_feature=19 27 27 26 16 8 28 27 4 30 4 12
split_gain=9.83639 14.6131 8.45946 11.4818 8.20247 8.10166 6.80201 6.06665 4.82571 2.83668 2.45972 0.824988
threshold=0.34580872952938085 -0.059669708833098405 -0.30918103456497187 -0.43790842592716211 -1.3799730539321897 0.87810188531875621 -1.4539777040481565 0.51134988665580761 1.1411577463150027 -0.36370503902435297 0.84367436170578014 0.029699409846216444
decision_type=2 2 2 2 2 2 2 2 2 2 2 2
left_child=1 2 3 4 -1 7 -3 -2 -4 -5 -6 -8
right_child=5 6 8 9 10 -7 11 -9 -10 -11 -12 -13
leaf_value=0.0098689637400584621 0.022692761114943678 -0.0038712124157244824 -0.031015391926616415 -0.00080115588477598751 -0.027822047782483449 -0.005372448215500268 0.021950887402632249 0.0014580884191005804 0.00054428249723296399 0.020091989434215599 -0.0019272495490714756 0.0069005740500704292
leaf_weight=6.6846121326088932 52.480789087712765 14.898620270192621 12.553684854879977 8.0496288426220435 13.028605418279769 13.722623780369757 24.165958054363728 16.251148074865341 5.5754392221570006 13.304318362846969 5.0053592287003985 10.679348759353159
leaf_count=22 108 55 161 42 95 42 63 43 25 35 23 32
internal_value=0.00655043 0.000710071 -0.00848135 -0.00094464 -0.0136467 0.0141193 0.0122641 0.0181113 -0.02329 0.0135583 -0.0226134 0.018783
internal_weight=196.4 113.946 64.2016 46.0725 24.7186 82.4546 49.7439 68.7319 18.1291 21.3539 18.034 34.8453
internal_count=746 553 403 217 140 193 150 151 186 77 118 95
is_linear=0
shrinkage=0.03


Tree=89
num_leaves=15
num_cat=0
split_feature=29 17 7 12 7 29 9 10 10 20 12 30 20 17
split_gain=8.01657 8.82279 6.6499 7.57518 7.43248 8.05514 6.52077 6.81662 12.5649 8.26114 5.5399 5.15087 4.27632 3.36276
threshold=-1.3083735704421995 0.38037602603435522 -1.0997747182846067 1.6023054718971255 -0.77683478593826283 -0.52647703886032093 -0.21671468764543531 -0.42929178476333613 0.36197219789028173 0.32549284398555761 0.029699409846216444 -0.57803994417190541 -0.089814480394124971 1.0054583549499514
decision_type=2 2 2 2 2 2 2 2 2 2 2 2 2 2
left_child=-1 2 -2 4 -4 -6 10 12 -9 11 -7 -10 -8 -3
right_child=1 13 3 -5 5 6 7 8 9 -11 -12 -13 -14 -15
leaf_value=0.019882984003279255 0.019908142257778465 0.024755932444653406 -0.018042770421001369 -0.024027896053349714 -0.016662821781003333 0.0015312844864452349 0.020499938967699572 -0.024858575007385759 0.0088173781483202249 0.023544182700813304 0.023552429651651406 -0.02205613146485607 -0.0028141995272365572 0.0057660197325459664
leaf_weight=35.428102850914001 10.002971310168503 18.000539302825928 11.132902761921285 6.8909756913781157 10.508507192134855 17.557791870087378 12.371723465621473 15.209251545369638 5.2926028519868851 8.6967399269342405 22.616490818560123 5.4053076673299092 10.14504335820674 19.49366407096386
leaf_count=79 26 32 65 32 43 66 29 189 27 14 45 40 32 50
internal_value=0.00775553 0.00478865 0.00101756 -0.00118766 0.00105164 0.00373587 0.00664582 -8.28004e-05 -0.00804572 0.00753163 0.015163 -0.00883857 0.011393 0.016723
internal_weight=208.753 173.325 135.83 125.827 118.936 107.803 97.295 57.1207 34.6039 19.3947 40.1743 10.6979 22.5168 37.4942
internal_count=769 690 608 582 550 485 442 331 270 81 111 67 61 82
is_linear=0
shrinkage=0.03


Tree=90
num_leaves=15
num_cat=0
split_feature=29 32 0 6 18 54 22 18 9 22 11 30 8 29
split_gain=9.11217 10.267 10.7022 10.7507 10.5637 9.17429 7.58928 6.44067 6.26032 5.62565 4.65048 4.56082 3.15108 2.9373
threshold=-1.2562471628189085 1.0000000180025095e-35 1.0938091874122622 0.090407308191061034 0.402777910232544 1.0000000180025095e-35 -0.027038754895329472 -0.42093525826930994 -0.93983313441276539 -1.0761344432830808 1.0000000180025095e-35 -0.44230458140373224 -1.0346855521202085 0.25541954487562185
decision_type=2 2 2 2 2 2 2 2 2 2 2 2 2 2
left_child=10 6 3 5 8 -3 13 -8 -5 -7 -1 -10 -11 -2
right_child=1 2 -4 4 -6 9 7 -9 11 12 -12 -13 -14 -15
leaf_value=0.0031465231392382056 0.0076696559577239479 0.0064124629551603448 0.014787737781384471 0.012347794011502088 0.020579615253573547 -0.00013299887086130801 0.010684627825175876 -0.01495210299682951 0.0019721968432465748 -0.0009869166839232672 0.025660335920259267 -0.023689891291032945 -0.035167355421528261 0.024762426695363805
leaf_weight=14.479114793241022 24.57634536921978 7.7423675041645756 16.325569754466414 5.9266497120261219 12.326712965965269 6.1685232557356384 12.582476660609247 12.876004628837107 8.3363053016364592 3.0023526772856739 20.698225021362305 13.420150735415517 20.960593644529581 20.128583699464798
leaf_count=47 74 32 48 16 28 26 28 44 43 16 36 81 206 37
internal_value=0.00511624 0.00192362 -0.00447392 -0.00915996 0.00180911 -0.0196073 0.0102399 -0.00260754 -0.00841871 -0.0262542 0.0179384 -0.015326 -0.0317945 0.0170825
internal_weight=199.55 164.373 94.2092 77.8837 40.0098 37.8738 70.1634 25.4585 27.6831 30.1315 35.1773 21.7565 23.9629 44.7049
internal_count=762 679 496 448 168 280 183 72 140 248 83 124 222 111
is_linear=0
shrinkage=0.03


Tree=91
num_leaves=15
num_cat=0
split_feature=25 24 22 5 55 8 24 29 8 19 12 7 16 19
split_gain=9.66612 13.2862 7.29849 8.10933 5.44705 5.21696 5.08284 5.05516 6.82266 3.83636 3.15432 2.40463 2.21417 1.63792
threshold=-0.62305282056331623 0.50017988681793224 0.064371716231107726 -0.85677224397659291 1.0000000180025095e-35 0.19392054527997973 -0.20840055495500562 -0.057339081540703767 -0.15234195441007611 0.40780134499073034 0.27343384921550756 0.30758997797966009 0.72195065021514904 0.16615112125873568
decision_type=2 2 2 2 2 2 2 2 2 2 2 2 2 2
left_child=5 2 3 -2 6 12 10 -4 9 -9 13 -3 -1 -5
right_child=1 11 7 4 -6 -7 -8 8 -10 -11 -12 -13 -14 -15
leaf_value=0.021614864503208604 0.012944563573305935 -0.02873339099347582 0.018575082725372925 -0.0047563230270207587 0.010032051981386096 -0.00060388499047661572 -0.026795115120147813 -0.0027069231594678174 -0.015258185833006884 0.021703322436084475 -0.014946563419423711 -0.001852368098228754 0.0048911032322989578 0.010301773113941964
leaf_weight=30.848656911402941 13.562337864190338 11.571074545383455 25.473536588251591 8.7440693005919474 6.3860038947314015 19.524067871272564 13.140505306422712 8.7531905062496715 9.7682897076010686 7.8718688637018195 10.361761584877966 4.5425322018563739 13.349514000117777 7.9937431663274756
leaf_count=72 49 87 56 40 26 58 167 48 39 13 36 19 34 20
internal_value=0.00328171 -0.00152936 0.00247879 -0.00448989 -0.0103237 0.0123658 -0.0143058 0.0102493 0.000535024 0.0111969 -0.00501932 -0.0233887 0.0175741 0.00315061
internal_weight=191.891 128.169 112.055 60.1884 46.6261 63.7222 40.2401 51.8669 26.3933 16.6251 27.0996 16.1136 44.1982 16.7378
internal_count=764 600 494 338 289 164 263 156 100 61 96 106 106 60
is_linear=0
shrinkage=0.03


Tree=92
num_leaves=15
num_cat=0
split_feature=8 9 25 41 17 24 32 28 8 63 10 12 22 28
split_gain=9.91835 8.86676 8.62767 7.39299 8.24627 8.80663 5.51329 4.90889 4.1194 3.96958 5.64007 3.86071 2.96431 0.924919
threshold=-0.17320114374160764 0.3055375218391419 -1.2152553200721739 1.0000000180025095e-35 -0.20487888157367704 0.50017988681793224 1.0000000180025095e-35 0.58933284878730785 -0.69050896167755116 1.0000000180025095e-35 0.36197219789028173 1.3983034491539004 0.35087133944034582 0.044450027868151672
decision_type=2 2 2 2 2 2 2 2 2 2 2 2 2 2
left_child=1 9 -2 12 5 11 -6 -8 -3 -1 13 -5 -4 -11
right_child=2 8 3 4 6 -7 7 -9 -10 10 -12 -13 -14 -15
leaf_value=0.00061008141562207078 0.015326198960382422 -0.018010230649702592 -0.00048657526484923396 -0.031506478642947935 0.011511352632566439 0.0054359700876314152 -0.018080436774140233 0.0068146596324868492 0.0067939988023984418 0.012554086656663566 0.0012147492016157757 0.00035925846196244404 0.018395548170071049 0.029233946909429962
leaf_weight=10.753860734403132 21.057883411645889 6.6903699599206439 14.58627516962588 19.530359719879932 17.48600247502327 8.1610174477100355 12.731229133903982 8.4450851827859861 8.4483458120375854 16.632226265966892 11.576726213097571 3.8465506732463828 9.8428381606936437 28.838360287249088
leaf_count=48 49 44 48 210 38 39 50 23 35 42 42 11 20 61
internal_value=0.00572609 0.0133201 -4.46136e-05 -0.00406258 -0.00888647 -0.0191074 0.000684334 -0.00874702 -0.00591787 0.017727 0.0206445 -0.0271237 0.00895412 0.0249809
internal_weight=198.627 82.9399 115.687 94.6294 70.2002 31.5379 38.6623 21.1763 15.1387 67.8012 57.0473 23.3769 24.4291 45.4706
internal_count=760 272 488 439 371 260 111 73 79 193 145 221 68 103
is_linear=0
shrinkage=0.03


Tree=93
num_leaves=15
num_cat=0
split_feature=0 18 32 23 26 25 12 14 18 5 14 28 18 28
split_gain=8.89124 6.55772 5.71923 6.16078 9.24569 5.81167 6.22232 5.61762 5.46361 4.73516 4.35765 4.03581 5.35345 2.28925
threshold=-1.7491278648376463 -1.1129931211471555 1.0000000180025095e-35 0.37122716009616857 0.19930696487426761 -0.32695157825946802 0.029699409846216444 -0.12352122738957404 -0.41122765839099878 -0.85677224397659291 -0.12352122738957404 -0.77287420630455006 -0.29894201457500452 1.2023259997367861
decision_type=2 2 2 2 2 2 2 2 2 2 2 2 2 2
left_child=-1 -2 10 4 5 -4 8 -5 -7 -6 11 -3 -13 -10
right_child=1 2 3 7 9 6 -8 -9 13 -11 -12 12 -14 -15
leaf_value=-0.018703542097404633 -0.014577727366817467 0.015188746954402966 -0.010538165946957159 -0.0050820663939587759 0.001703504011704709 0.014194377901200626 0.018302887633750563 0.017120443432675859 -0.021602959673619141 -0.02774390369857831 0.0189308899132993 0.0092012341998686364 -0.016026013702817483 0.0050184002892118863
leaf_weight=10.002480368129907 9.2799828108400089 11.092527315020563 13.666280530393122 12.07030889764428 6.2088947668671635 3.8723752722144047 21.570030873641372 28.394607588648796 6.9383512884378487 11.540707625448702 41.009755745530128 10.31235132366419 10.419214271008967 1.7181689739227293
leaf_count=59 51 22 60 57 18 15 59 60 141 66 88 24 45 10
internal_value=0.00372712 0.00537337 0.00677715 0.00213117 -0.00352353 0.00362641 0.009925 0.0106671 -0.00560511 -0.0193326 0.0129663 0.00375323 -0.00412785 -0.0164163
internal_weight=198.096 188.094 178.814 105.98 65.5148 47.7652 34.0989 40.4649 12.5289 17.7496 72.8338 31.8241 20.7316 8.65652
internal_count=775 716 665 486 369 285 225 117 166 84 179 91 69 151
is_linear=0
shrinkage=0.03


Tree=94
num_leaves=15
num_cat=0
split_feature=32 22 16 27 29 33 9 17 33 22 33 20 27 9
split_gain=8.78452 10.7112 9.5004 8.27363 6.54654 8.83731 4.45085 9.22145 7.56677 3.46916 2.83804 2.61524 1.87159 4.91633
threshold=1.0000000180025095e-35 -0.63067546486854542 0.15391295403242114 -0.75323149561882008 0.046913794241845615 1.1107677668333056 -0.19662806391716001 -0.051981380209326737 1.0000000180025095e-35 0.506892889738083 1.1107677668333056 -0.14914409816265103 -0.48687209188938135 -0.63853377103805531
decision_type=2 2 2 2 2 2 2 2 2 2 2 2 2 2
left_child=9 2 -2 -3 5 6 -5 8 11 10 12 -8 -1 -14
right_child=1 3 -4 4 -6 -7 7 -9 -10 -11 -12 -13 13 -15
leaf_value=0.027299233049782864 -0.030875334100615336 -0.018474103086104973 0.0041335450962551755 0.023356941281650161 -0.0074108899001952338 -0.0094270720412921363 -0.024032628005932893 0.023945130743676508 0.013250349673997451 0.0011527709331330346 0.0032603487691688069 0.002057237746893661 0.023474821180720667 0.0012118962978946764
leaf_weight=17.581509962677956 11.314512807875873 7.4966681823134413 10.36186536028981 30.602573283016678 17.113988652825356 11.63973390124738 8.6855121515691263 10.171735316514974 7.1784508926793924 18.666874945163727 15.030286282300947 3.6397214680910137 12.236503526568415 19.722563963383436
leaf_count=32 77 50 34 75 61 56 145 17 36 52 40 12 22 62
internal_value=0.00579775 0.000432371 -0.0165021 0.00486058 0.00770327 0.0115479 0.01601 0.00615805 -0.00611158 0.0129608 0.0160462 -0.0179579 0.0192708 0.0117585
internal_weight=201.443 118.205 21.6764 96.5284 89.0317 71.9177 60.278 29.6754 19.5037 83.2377 64.5709 12.3252 49.5406 31.9591
internal_count=771 563 111 452 402 341 285 210 193 208 156 157 116 84
is_linear=0
shrinkage=0.03


Tree=95
num_leaves=15
num_cat=0
split_feature=0 30 30 9 0 14 33 23 7 9 20 2 20 9
split_gain=7.74897 8.24299 13.0703 6.81241 6.71522 7.14273 6.25557 5.65303 5.37152 5.25006 3.78072 4.87601 3.44222 4.55828
threshold=-1.7491278648376463 -0.31242194771766657 -0.16361115127801892 -0.8996598720550536 0.11180475258152002 0.28645075112581259 1.0000000180025095e-35 -0.76233616471290577 0.76372691988945018 -0.779140144586563 -0.6356469690799712 -0.80285295844078053 0.17123583704233172 0.16493116319179538
decision_type=2 2 2 2 2 2 2 2 2 2 2 2 2 2
left_child=-1 4 -3 -4 -2 7 12 -6 9 -9 -8 -12 13 -5
right_child=1 2 3 6 5 -7 10 8 -10 -11 11 -13 -14 -15
leaf_value=-0.015609898203493264 0.024713772085249618 -0.021914108030750973 0.019241059972483248 -0.013999330691470985 0.012527333234308413 0.022201035787350325 0.0061337418983893532 0.0058765950546230596 0.01080505538691231 -0.022898225235469742 0.0035927883548312312 -0.020769458995744637 0.015788364398886257 0.01020860806831146
leaf_weight=9.819493589922784 28.757112208753824 13.184247802011667 20.222293272614479 7.8045829758048084 13.882543884217737 13.182252667844294 10.106691919267172 5.6835778094828138 6.0178649909794322 14.143469901755456 9.2961856722831708 16.506437845528133 21.379682347178459 10.47258276119828
leaf_count=55 73 162 44 37 43 25 31 19 16 92 24 68 49 33
internal_value=0.00567498 0.00714225 0.00157361 0.0057332 0.0140533 0.00662571 0.00114858 -0.000446524 -0.00831644 -0.0151274 -0.00739815 -0.0128338 0.00884948 -0.000915148
internal_weight=200.459 190.64 108.973 95.7885 81.6668 52.9097 75.5662 39.7275 25.8449 19.827 35.9093 25.8026 39.6568 18.2772
internal_count=771 716 448 286 268 195 242 170 127 111 123 92 119 70
is_linear=0
shrinkage=0.03


Tree=96
num_leaves=15
num_cat=0
split_feature=6 2 5 8 8 9 14 6 10 21 19 15 1 20
split_gain=9.57834 6.94232 6.90011 9.19261 8.75373 8.50635 5.77585 4.45913 4.4025 10.2697 5.18433 3.64725 1.84885 1.79659
threshold=-0.7223687171936034 -1.5322852730751035 1.2926799058914187 -0.17320114374160764 0.6215338706970216 0.98848271369934093 1.2911867499351504 0.3859622329473496 -0.23147577792406079 -0.43916094303131098 0.58045196533203136 1.0000000180025095e-35 1.8206576704978945 0.49161577224731451
decision_type=2 2 2 2 2 2 2 2 2 2 2 2 2 2
left_child=11 -2 3 8 5 6 12 -6 -3 -10 -11 13 -5 -1
right_child=1 2 -4 4 7 -7 -8 -9 9 10 -12 -13 -14 -15
leaf_value=0.011021727326431851 0.016650978612007431 0.017438465881021183 -0.019710243023883259 -0.029999875678814319 -0.0045353205458397708 0.010473641430129457 0.0060182865428051379 0.017064917836569736 0.022831490613182983 -0.020124353502591112 0.0075072412274409068 -0.00040775017761077181 -0.0034455740430940638 0.025985477716097063
leaf_weight=30.802114903926849 17.781729862093925 26.701885651797056 11.103135168552397 19.907697039656348 14.946623429656031 6.0475176312029353 3.8560384660959235 11.166773870587347 7.182534426450732 12.125828854739668 6.227500468492507 10.739277869462965 4.1673359144479027 18.665392860770226
leaf_count=95 38 69 68 194 52 21 8 27 13 86 16 29 22 35
internal_value=0.00586815 0.00142374 -0.00133273 0.00124632 -0.00651982 -0.0156447 -0.0220314 0.0059595 0.00996928 0.000582487 -0.0111487 0.015384 -0.0267864 0.018535
internal_weight=201.421 141.215 123.433 112.33 60.092 33.9786 27.9311 26.1134 52.2377 25.5359 18.3533 60.2068 24.075 49.4675
internal_count=773 614 576 508 324 245 224 79 184 115 102 159 216 130
is_linear=0
shrinkage=0.03


Tree=97
num_leaves=15
num_cat=0
split_feature=22 20 30 17 30 8 19 30 9 19 28 9 10 9
split_gain=8.18068 6.92828 10.7428 5.57186 5.43901 7.94989 6.5829 6.46776 5.89187 5.74357 3.87606 3.02933 2.22673 1.75942
threshold=-0.31436178088188166 -0.006753015157300978 0.024016799870878461 0.38037602603435522 -0.31242194771766657 0.894789218902588 -0.44914695620536799 -0.16361115127801892 0.48631714284420019 -0.60159859061241139 -0.1258258521556854 -0.41758091747760767 1.0000000180025095e-35 -0.53810065984725941
decision_type=2 2 2 2 2 2 2 2 2 2 2 2 2 2
left_child=1 2 -1 4 8 6 -6 12 11 -10 -9 -2 -8 -3
right_child=3 13 -4 -5 5 -7 7 10 9 -11 -12 -13 -14 -15
leaf_value=-0.027756767739400844 0.0033114023627738233 0.012172274843144242 0.0077109219522693666 0.020761759463270187 -0.016652945868400864 -0.020050698064168333 0.0050357869373004668 -0.0015173021254490224 0.012340023201053313 -0.02063292751709318 0.01826908877630997 0.021371770498356032 -0.019500474877156559 -0.0014590653056341548
leaf_weight=14.660153496079149 13.6475832760334 12.182899728417398 9.7283357977867109 25.294868424534798 6.2858208045363417 9.5860456898808462 2.5599830616265526 11.01238841563463 4.4375174194574356 5.1673623137176019 29.724713513627648 30.654872421175241 4.4266557302325964 15.029337599873541
leaf_count=100 47 31 30 51 32 37 7 37 19 42 77 94 111 46
internal_value=0.00547217 -0.00445582 -0.0147042 0.00908908 0.00583146 -0.000234171 0.00468394 0.00880703 0.0123997 -0.00638987 0.0133391 0.0167082 -0.0121597 0.00558579
internal_weight=194.399 51.6007 24.3885 142.798 117.503 63.5956 54.0096 47.7237 53.9073 9.60488 40.7371 44.3025 6.98664 27.2122
internal_count=761 207 130 554 503 301 264 232 202 61 114 141 118 77
is_linear=0
shrinkage=0.03


Tree=98
num_leaves=15
num_cat=0
split_feature=11 29 5 28 74 10 29 5 12 58 12 33 9 11
split_gain=6.33982 10.1895 7.60286 7.53459 7.33801 7.0695 5.64545 5.59543 3.56799 3.82008 2.83183 2.87338 3.01349 2.20244
threshold=-0.096637118607759462 0.25541954487562185 -0.72517311573028553 1.0661053061485293 1.0000000180025095e-35 -1.0227397382259367 0.56817817687988292 -0.28650940954685206 0.38172458112239843 1.0000000180025095e-35 1.3983034491539004 1.1107677668333056 -0.19662806391716001 -0.76706612110137928
decision_type=2 2 2 2 2 2 2 2 2 2 2 2 2 2
left_child=1 2 13 6 -4 -6 10 -8 9 -7 11 12 -2 -1
right_child=3 -3 4 -5 5 8 7 -9 -10 -11 -12 -13 -14 -15
leaf_value=0.013950355313126323 0.027656313642319436 0.014707275196567324 0.0082100741715535799 -0.0095712512596830106 0.0068517384035379847 0.00058841179192225493 -0.013847522532259484 0.011377833635493001 0.0011530979037758147 -0.031892292739819451 0.0013719084749903611 0.0040535152866917265 0.010538047529990267 -0.0036863640866985534
leaf_weight=10.644738517701628 27.216821014881127 20.819470085203648 8.0013454109430295 12.914908166974781 5.5822000056505194 3.5004906421527329 10.663198813796045 11.041566163301466 3.8441632911562911 22.119192744605243 11.888154245913027 14.335602805018423 26.915793720632799 7.8979011969640842
leaf_count=33 49 56 27 54 16 19 36 27 15 248 34 40 72 50
internal_value=0.00495599 -0.00137293 -0.00750475 0.00936044 -0.0139538 -0.0194073 0.0120912 -0.00128734 -0.0246546 -0.028083 0.0155685 0.0177724 0.0207555 0.00725081
internal_weight=197.386 82.4095 61.59 114.976 43.0474 35.046 102.061 21.7048 29.4638 25.6197 80.3564 68.4682 54.1326 18.5426
internal_count=776 464 408 312 325 298 258 63 282 267 195 161 121 83
is_linear=0
shrinkage=0.03


Tree=99
num_leaves=15
num_cat=0
split_feature=63 25 29 28 4 6 50 30 23 16 30 4 5 16
split_gain=7.93479 8.1647 13.2293 10.3103 6.82474 5.54509 4.41952 4.27743 4.03923 4.01601 3.59737 2.76429 3.90171 1.90346
threshold=1.0000000180025095e-35 -0.62305282056331623 -0.057339081540703767 0.58933284878730785 0.94283545017242443 -0.64847996830940235 1.0000000180025095e-35 -0.69121086597442616 -0.19555450603365895 -0.80831316113471974 0.32663017511367803 -0.49500095844268793 -0.1987766698002815 0.86844477057456981
decision_type=2 2 2 2 2 2 2 2 2 2 2 2 2 2
left_child=4 8 11 5 6 -4 -1 -5 -2 -8 -9 -3 -13 -10
right_child=1 2 3 7 -6 -7 9 10 13 -11 -12 12 -14 -15
leaf_value=0.0043994604581808613 0.00055393488019407514 0.02237903251268596 -0.00075793967797435679 0.019402449674116567 0.011704230266872234 -0.023917498193918061 0.0018105121222324466 -0.011913944366159005 0.023763345583847923 -0.02809951526632758 0.0087921826690824118 0.014003036330888129 -0.0057833283051680557 0.0065625034710077761
leaf_weight=5.5644827829673948 13.24552274122834 15.144351996481417 14.322346057742832 8.3786342050880211 6.7608924200758329 23.464753240346909 4.4000381827354493 10.357164910063149 27.735446110367775 13.957192236557598 10.010037012398241 16.330567292869091 11.749993480741979 13.040812827646731
leaf_count=19 42 31 55 28 24 194 13 56 60 116 28 37 43 32
internal_value=0.00371314 0.00635249 0.00144449 -0.00680618 -0.00929133 -0.0162538 -0.0162228 0.00618105 0.0153571 -0.0220775 -0.00201021 0.0135331 0.00610092 0.0195799
internal_weight=194.462 163.78 109.758 66.5329 30.6826 37.7871 23.9217 28.7458 54.0218 18.3572 20.3672 43.2249 28.0806 40.7763
internal_count=778 606 472 361 172 249 148 112 134 129 84 111 80 92
is_linear=0
shrinkage=0.03


Tree=100
num_leaves=15
num_cat=0
split_feature=9 11 18 10 11 29 24 19 30 29 17 8 10 30
split_gain=7.18863 9.32818 7.21879 11.3186 9.30887 6.18709 6.01495 7.48833 3.98913 3.48637 2.94432 2.35747 1.84978 1.37601
threshold=0.3055375218391419 0.7444572150707246 -0.41122765839099878 -0.62710776925086964 -0.27744553983211512 -0.057339081540703767 0.14588966220617297 -1.2334050536155698 0.26429435610771185 0.30754597485065466 -0.31965644657611841 0.047906234860420234 0.36197219789028173 0.069153182208538069
decision_type=2 2 2 2 2 2 2 2 2 2 2 2 2 2
left_child=2 8 10 13 9 -6 7 -7 -2 -5 -1 -8 -9 -4
right_child=1 -3 3 4 5 6 11 12 -10 -11 -12 -13 -14 -15
leaf_value=0.0029159576112735373 -0.024985767069414484 0.011872762139515349 0.01983478021714883 -0.027647520184909135 0.01492492567445358 0.014511845189170779 -0.0037001333372930168 -0.02828634759229362 -0.00064648635694373601 -0.001169360118251609 0.019733085335578823 0.014137162878427504 -0.0015859299268391415 0.0050539134297128262
leaf_weight=15.056868467479942 14.909730567596855 10.495952498167751 18.165136680006984 12.510463051497938 15.931759856641291 2.351495325565339 9.7821760103106516 10.639785770326851 9.1030105110257846 6.6271781772375098 32.889571700245142 8.757293211296199 3.4752873703837404 13.421196386218069
leaf_count=58 108 30 41 83 36 3 43 147 31 23 74 21 11 38
internal_value=0.00339193 -0.00816523 0.00623556 0.00148043 -0.00525697 0.00184219 -0.00523313 -0.0162648 -0.0174605 -0.02062 0.015226 0.00593867 -0.0238468 0.0151033
internal_weight=184.117 34.5087 149.608 101.662 70.0754 50.9378 35.006 16.4666 24.0127 19.1376 47.9464 18.5395 14.1151 31.5863
internal_count=747 169 578 446 367 261 225 161 139 106 132 64 158 79
is_linear=0
shrinkage=0.03


Tree=101
num_leaves=15
num_cat=0
split_feature=7 2 54 6 10 27 16 29 28 7 3 12 2 16
split_gain=8.59917 8.21052 7.95905 7.38606 5.95417 5.80968 5.73124 6.55321 6.61185 4.38918 4.41532 2.63616 1.91714 2.91765
threshold=-1.2116099596023557 -1.5322852730751035 1.0000000180025095e-35 -0.64847996830940235 0.16415620595216754 -0.17372330278158185 0.11866416037082674 -0.47435060143470759 0.55527767539024364 0.88561475276947033 1.1781529784202578 -0.15842253714799878 -0.25577870011329645 -1.1886876225471494
decision_type=2 2 2 2 2 2 2 2 2 2 2 2 2 2
left_child=-1 -2 5 4 -4 -3 7 8 -5 10 12 -8 -9 -14
right_child=1 2 3 6 -6 -7 11 9 -10 -11 -12 -13 13 -15
leaf_value=0.028187581827490253 0.018082788883257414 -0.0029977386672911791 0.014449542861201122 -0.012342880911175694 -0.0083582031026730834 0.022788126125221179 -0.0048382935681798708 -0.0055343698877063779 0.015203097948566715 0.002503887916063137 0.0027992987483315434 0.01152371468099901 -0.0029059192361250282 -0.033551887464406141
leaf_weight=9.2797538340091688 25.322358056902885 10.468569351360204 28.48784891422838 10.78019129112363 11.019224397838114 17.533336117863655 12.786577444523575 6.4393436312675467 10.64899657666683 6.767677664756774 4.6211739983409634 13.791079021990297 4.3144442290067664 18.760417088866241
leaf_count=14 53 48 76 40 51 37 49 25 26 26 14 35 23 232
internal_value=0.00566459 0.00379063 0.000988451 -0.00230531 0.00786374 0.0141544 -0.00700202 -0.0117038 0.00163229 -0.0181074 -0.0219916 0.00413224 -0.0257165 -0.0293599
internal_weight=191.021 181.741 156.419 128.417 39.5071 28.0019 88.9099 62.3322 21.4292 40.9031 34.1354 26.5777 29.5142 23.0749
internal_count=749 735 682 597 127 85 470 386 66 320 294 84 280 255
is_linear=0
shrinkage=0.03


Tree=102
num_leaves=15
num_cat=0
split_feature=25 5 10 29 54 7 17 17 5 23 68 17 10 5
split_gain=7.53273 7.95424 7.56032 8.74343 7.53073 5.70219 8.89674 3.7649 4.64675 5.37251 2.8287 6.8368 2.78938 2.58403
threshold=-0.62305282056331623 -1.2954359650611875 1.0000000180025095e-35 1.5585805177688601 1.0000000180025095e-35 0.076380059123039259 -0.28615595400333399 -0.051981380209326737 0.45921890437603002 -0.38448172807693476 1.0000000180025095e-35 -0.1269067972898483 -0.42929178476333613 -0.023311187280341979
decision_type=2 2 2 2 2 2 2 2 2 2 2 2 2 2
left_child=10 -2 7 4 -4 -6 -7 8 9 -3 -1 13 -11 -12
right_child=1 2 3 -5 5 6 -8 -9 -10 12 11 -13 -14 -15
leaf_value=0.02149659535399313 0.019211036838848308 0.0061695060537361275 0.007466683758555197 0.014307467414381844 -0.026913366725067459 0.012210342558311726 -0.022110078791225146 0.014459665776619668 0.011000904134366874 -0.027208615558879243 -0.014797325888762041 0.01615930017242536 -0.0017270598849566247 0.0047964383323719209
leaf_weight=21.805015221238136 14.007999276742337 11.505995620042086 9.6849727537482959 8.140863433480261 23.978757696226239 10.214018099009992 7.468114221468567 21.044431254267693 15.06838261708617 6.3961383886635286 8.5960953421890753 24.229340821504593 6.9485440105199832 7.5495235566049805
leaf_count=45 33 40 43 18 253 32 40 49 44 35 37 53 29 24
internal_value=0.00530179 0.00115801 -0.00162351 -0.00887249 -0.0134912 -0.0186413 -0.00396359 0.00558626 -0.000180431 -0.00766734 0.0135092 0.00730211 -0.0180275 -0.00666771
internal_weight=196.638 134.458 120.45 59.4867 51.3459 41.6609 17.6821 60.9635 39.9191 24.8507 62.18 40.375 13.3447 16.1456
internal_count=775 616 583 386 368 325 72 197 148 104 159 114 64 61
is_linear=0
shrinkage=0.03


Tree=103
num_leaves=15
num_cat=0
split_feature=9 30 30 63 16 7 7 10 24 20 14 20 24 17
split_gain=7.63828 7.2337 7.37778 6.87917 5.02723 4.96089 7.49788 5.37379 4.64181 5.01629 6.35587 3.79686 2.40959 1.17621
threshold=0.4260572642087937 0.22200885415077212 -0.72018054127693165 1.0000000180025095e-35 -0.97122657299041737 0.28497160971164709 -0.40991470217704767 0.36197219789028173 -0.56269074976444233 0.75266608595848095 -0.58715945482254017 0.5746772587299348 -0.20840055495500562 0.06212477199733258
decision_type=2 2 2 2 2 2 2 2 2 2 2 2 2 2
left_child=3 2 -2 4 -1 6 7 -5 -8 10 -10 -6 13 -7
right_child=1 -3 -4 5 11 12 8 -9 9 -11 -12 -13 -14 -15
leaf_value=0.011462661495361699 0.0036354220811122737 0.0066546547175432751 -0.029651907172866417 0.016977534459189911 -0.022264545278646592 0.00082410032443700268 0.0089837821219373466 -0.0044532863239250134 0.0056762424723385057 0.0065073092307368621 -0.027528105437114245 0.0036331526074514279 0.023645311025078226 0.013317273386724544
leaf_weight=5.6590432971715954 8.0419097831472772 16.519504606723785 10.889419274404643 40.38118882291019 10.372953394427897 12.479314491152765 11.088023476302622 11.389056591317056 5.2928812354803112 7.5274015665054312 12.366027232259514 5.772702991962432 24.990370769053698 11.951342687010763
leaf_count=13 41 51 73 111 96 36 28 51 18 20 139 15 53 28
internal_value=0.00496539 -0.00693518 -0.0177064 0.00774472 -0.00675075 0.0102002 0.00541566 0.0122859 -0.00469003 -0.0112007 -0.0185194 -0.0143355 0.0174433 0.00815987
internal_weight=194.721 35.4508 18.9313 159.27 21.8047 137.466 88.0446 51.7702 36.2743 25.1863 17.6589 16.1457 49.421 24.4307
internal_count=773 165 114 608 124 484 367 162 205 177 157 111 117 64
is_linear=0
shrinkage=0.03


Tree=104
num_leaves=15
num_cat=0
split_feature=25 41 9 27 22 7 27 19 11 28 7 17 17 27
split_gain=7.12971 6.63843 10.495 10.276 11.1214 7.86815 5.66175 5.53067 5.37048 4.5067 1.90357 1.45109 1.96561 1.24704
threshold=-1.2152553200721739 1.0000000180025095e-35 0.4260572642087937 -0.075719472020864473 0.064371716231107726 -0.15734300762414929 -0.69428342580795277 0.22571710497140887 -0.53274267911911 -1.3177570104598997 -0.42122387886047358 -0.3028330504894256 0.23418439179658893 0.12697431445121768
decision_type=2 2 2 2 2 2 2 2 2 2 2 2 2 2
left_child=13 8 3 4 5 -3 -4 -6 -2 -5 -11 -10 -13 -1
right_child=1 2 6 9 7 -7 -8 -9 11 10 -12 12 -14 -15
leaf_value=0.02475177449455445 -0.0038192376577268106 -0.029559880474207378 0.0054166931772347731 -0.0015422802351754707 -0.0059665750186290575 -0.00058886238966803894 -0.025502292393810851 0.019271822301456666 0.026034747651594334 0.025854779011153167 0.0087562377962420515 0.00033898668938379814 0.016993607470166958 0.0081656677944415904
leaf_weight=14.270441070199015 11.438644066452978 13.441870836541058 5.2470513787120607 12.791680928319691 10.321510147303345 15.934611786156891 14.494665039703248 13.498093903064726 12.002765916287897 14.705095816403626 19.848267268389463 11.684043787419798 9.6163823157548887 14.515141516923903
leaf_count=27 46 188 26 42 56 58 89 27 21 30 55 45 18 39
internal_value=0.00621605 0.00352586 -0.000274875 0.00385837 -0.00502426 -0.0162165 -0.0178506 0.00919773 0.0127442 0.0133653 0.0183815 0.0181892 0.00965919 0.0188344
internal_weight=193.81 165.025 120.283 100.541 53.1961 29.3765 19.7417 23.8196 44.7418 47.345 34.5534 33.3032 21.3004 28.7856
internal_count=767 701 571 456 329 246 115 83 130 127 85 84 63 66
is_linear=0
shrinkage=0.03


Tree=105
num_leaves=15
num_cat=0
split_feature=29 11 29 25 16 12 9 25 23 4 27 3 15 9
split_gain=6.7233 7.22124 7.94001 6.2582 5.38968 7.3481 7.08083 5.55423 5.1988 4.62903 2.54237 2.41501 1.13239 1.01407
threshold=-1.2562471628189085 -0.83079570531845082 -0.63072991371154774 -0.62305282056331623 0.3163317739963532 0.029699409846216444 -0.21671468764543531 0.56135213375091564 -0.76233616471290577 -0.69332319498062123 -0.091849088668823228 0.97228002548217785 -0.1107279136776924 -0.21671468764543531
decision_type=2 2 2 2 2 2 2 2 2 2 2 2 2 2
left_child=10 8 -3 11 5 9 -7 -8 -2 -5 -1 13 -6 -4
right_child=1 2 3 4 12 6 7 -9 -10 -11 -12 -13 -14 -15
leaf_value=0.0044831312254324813 0.0071963648770186359 -0.015517666478045209 0.0065463634868694843 0.0033854364468204326 0.017185195987053096 0.013165856716639817 -0.021766034702116837 0.0054665091364674194 -0.021337551954923716 -0.026317355828049119 0.022145576752619356 0.0025128511825508364 0.0029770832551402073 0.022937642274405715
leaf_weight=15.742398098111151 5.2695978228002813 12.246079377830027 10.077991709113123 5.2324402714148155 11.733547404408457 22.923717901110649 8.8348867595195788 10.050421781837938 14.427992394194005 11.006871820427479 17.018836207687855 12.420283704996107 10.842411540448664 19.478953052312136
leaf_count=48 19 46 27 52 34 58 50 33 93 154 33 33 32 45
internal_value=0.00402076 0.00120723 0.00381308 0.00627632 0.00113167 -0.00377226 0.0031785 -0.00916284 -0.0137925 -0.0182029 0.0153758 0.0149853 0.0121386 0.0191046
internal_weight=187.306 154.545 134.848 122.602 80.6243 58.0483 41.809 18.8853 19.6976 16.2393 32.7612 41.9772 22.576 29.5569
internal_count=757 676 564 518 413 347 141 83 112 206 81 105 66 72
is_linear=0
shrinkage=0.03


Tree=106
num_leaves=15
num_cat=0
split_feature=17 9 55 13 10 25 12 3 19 16 16 5 12 10
split_gain=8.57623 8.55619 8.52974 6.3389 10.2283 8.49032 7.64993 6.09439 6.04027 2.82013 2.59375 2.56618 1.67383 0.522725
threshold=0.38037602603435522 -0.779140144586563 1.0000000180025095e-35 -0.064318878576159463 -0.42929178476333613 0.56135213375091564 0.073214674368500723 1.0000000180025095e-35 1.3148173689842226 -0.74925845861434925 1.1657978296279909 -1.2515696287155149 0.77650547027587902 0.95542019605636608
decision_type=2 2 2 2 2 2 2 2 2 2 2 2 2 2
left_child=1 7 3 5 6 -3 -5 -1 9 -6 -2 -11 -4 -13
right_child=10 2 12 4 8 -7 -8 -9 -10 11 -12 13 -14 -15
leaf_value=-0.0012820911091818734 0.021378089531448256 -0.010814297376069272 0.0029324671060768849 0.015565084793275645 -0.0059220152933194487 0.020573314283554776 -0.010982317782735182 0.022186908250065446 0.007934637874798988 0.00063669153197922553 0.0032506439469682049 -0.030841880508919308 0.020053813550479249 -0.0058571636961847673
leaf_weight=15.327903248369692 26.161096483469009 10.106228932738306 11.170508434064688 15.427424531430008 11.403744321316479 11.792466282844542 13.956529641523955 20.918013691902161 4.3990548178553572 2.6452427161857477 11.845206260681151 23.035398886539049 9.3278115689754468 3.5520386248826972
leaf_count=57 57 44 50 41 51 30 51 42 10 11 31 255 18 20
internal_value=0.00491703 0.00153834 -0.00251053 -0.00632237 -0.0103587 0.00677034 0.00319242 0.0133099 -0.0186358 -0.0220664 0.0167632 -0.0265795 0.0131282 -0.0289595
internal_weight=191.069 153.062 116.816 96.3181 74.4194 21.8987 29.384 36.2459 45.0355 40.6364 38.0063 29.2327 20.4983 26.5874
internal_count=768 680 581 513 439 74 92 99 347 337 88 286 68 275
is_linear=0
shrinkage=0.03


Tree=107
num_leaves=15
num_cat=0
split_feature=2 10 54 13 7 29 2 8 18 4 32 1 13 1
split_gain=8.99407 7.6259 8.55626 6.33679 6.15064 7.60387 6.24795 5.17576 5.53261 3.96843 1.42035 3.10515 1.22561 2.89788
threshold=-1.5322852730751035 -0.23147577792406079 1.0000000180025095e-35 -0.96364855766296376 0.89441078901290905 -0.42222414910793299 -0.80285295844078053 -0.17320114374160764 -0.21775482594966886 0.44702979922294622 1.0000000180025095e-35 0.39969284832477575 0.88571405410766613 1.5838301777839663
decision_type=2 2 2 2 2 2 2 2 2 2 2 2 2 2
left_child=-1 7 -3 -4 5 -5 -7 10 -9 -10 -2 -12 13 -8
right_child=1 2 3 4 -6 6 12 8 9 -11 11 -13 -14 -15
leaf_value=0.020703712543409254 0.024694226873551696 0.013198103179859342 0.0096104395032161373 0.00071363242416596826 0.0081533943743750392 0.0075834517230590273 -0.032074724197309883 -0.011265308393988108 -0.0010890902242653036 0.020047904019974052 -0.0021157733306290841 0.017898331814571823 -0.0043721714947153574 -0.0012766766928419878
leaf_weight=25.11373507976532 12.869140475988386 18.027958575636148 11.803588315844534 17.804777350276709 8.8853651732206327 3.3324575200676874 23.036863151006411 13.87435409426689 15.412974987179043 10.590049553662537 11.13762015104294 10.227465011179445 4.0724330171942702 3.5206623692065468
leaf_count=51 21 57 39 57 27 10 264 51 54 22 50 25 15 21
internal_value=0.00559344 0.00274553 -0.00305525 -0.0076902 -0.0115326 -0.015332 -0.022756 0.00957329 0.00173118 0.00936413 0.0173233 0.00904236 -0.0266579 -0.0288411
internal_weight=189.709 164.596 90.4841 72.4561 60.6526 51.7672 33.9624 74.1116 39.8774 26.003 34.2342 21.3651 30.63 26.5575
internal_count=764 713 490 433 394 367 310 223 127 76 96 75 300 285
is_linear=0
shrinkage=0.03


Tree=108
num_leaves=15
num_cat=0
split_feature=14 19 6 6 7 6 2 14 17 10 18 6 10 17
split_gain=6.62548 6.57864 8.51216 8.24493 5.85136 5.20795 4.25477 7.29289 9.53747 8.30116 4.24987 3.42669 4.48584 3.91233
threshold=-0.12352122738957404 -2.5477769374847408 -0.7223687171936034 -0.27903633564710612 -0.10456682741641997 0.090407308191061034 -0.98521101474761952 0.15498968958854678 0.25933673977851873 0.16415620595216754 -0.3713094294071197 0.3859622329473496 0.16415620595216754 -1.0000000180025095e-35
decision_type=2 2 2 2 2 2 2 2 2 2 2 2 2 2
left_child=1 -1 10 -4 11 -6 -2 -8 9 -9 -3 12 13 -5
right_child=6 2 3 4 5 -7 7 8 -10 -11 -12 -13 -14 -15
leaf_value=0.022023090689520748 0.020365459230408677 0.018573396051560966 -0.02950547979308011 -0.023240285598733434 0.0048847215230595513 -0.027323394887599613 0.019637368063777371 0.002259926446130758 0.015270424152683716 -0.024947702836631107 -0.001937686816612295 0.011741126049204725 0.010623843798959096 0.0086445727060731527
leaf_weight=5.6859812028706065 26.462429210543633 14.120592772960665 9.4046833962202054 7.0434452835470402 4.9683869574219006 7.7427795436233282 20.468548584729433 23.62496193498373 18.629439488053322 11.709498554468153 15.709552098065613 17.416816680692136 5.3771267868578425 1.8659125715494171
leaf_count=14 53 32 66 140 26 51 49 65 41 57 61 70 25 4
internal_value=0.00577927 -0.00022529 -0.00289445 -0.00971787 -0.00296633 -0.0169093 0.0108555 0.00640536 0.00014684 -0.00873133 0.00904405 0.00416593 -0.00571878 -0.0158555
internal_weight=190.23 89.3353 83.6493 53.8192 44.4145 12.7112 100.895 74.4324 53.9639 35.3345 29.8301 31.7033 14.2865 8.90936
internal_count=754 489 475 382 316 77 265 212 163 122 93 239 169 144
is_linear=0
shrinkage=0.03


Tree=109
num_leaves=15
num_cat=0
split_feature=32 11 20 2 9 22 6 15 30 23 17 19 10 20
split_gain=8.5628 6.32128 10.9303 5.48165 5.71857 4.32995 3.91615 3.51406 3.48007 3.03137 2.98553 4.07057 2.40544 4.14174
threshold=1.0000000180025095e-35 -0.64605820178985585 -0.837367683649063 -1.3499271869659422 -0.93983313441276539 1.1350080370903017 -0.94403490424156178 1.0000000180025095e-35 -0.72018054127693165 -0.76233616471290577 0.25933673977851873 1.4867295026779177 -0.42929178476333613 -0.25593741238117212
decision_type=2 2 2 2 2 2 2 2 2 2 2 2 2 2
left_child=7 5 -3 -4 -5 9 -6 12 -8 -2 11 -10 -1 -14
right_child=1 2 3 4 6 -7 8 -9 10 -11 -12 -13 13 -15
leaf_value=0.020017350050993223 0.00020805648942240254 0.020047471424049921 0.010846293873347372 0.01120427247324661 0.0019690672774852636 0.0064058960602857854 0.0021560472098531855 -0.0034485881376350252 -0.028457332557582517 -0.026686215565569712 0.00084724173338720241 0.0033173115210072819 -0.0051743953016669206 0.013566394699402462
leaf_weight=30.670144528150558 4.8412337042391309 19.299171727150679 14.633247792720793 8.1065515950322133 13.039989931508897 4.6909403428435317 6.4782516565173784 10.058990217745302 19.276484584435835 10.931659502908587 4.6714188009500495 3.1242878586053839 12.829248473048208 26.105544961988926
leaf_count=65 27 56 32 21 44 18 32 30 209 93 14 8 44 68
internal_value=0.00455364 -0.000959954 0.00268617 -0.00317007 -0.00751429 -0.0141781 -0.0115415 0.0117148 -0.0163669 -0.0203683 -0.0204445 -0.024229 0.0139904 0.00750509
internal_weight=188.757 109.093 88.6294 69.3302 54.697 20.4638 46.5904 79.6639 33.5504 15.7729 27.0722 22.4008 69.6049 38.9348
internal_count=761 554 416 360 328 138 307 207 263 120 231 217 177 112
is_linear=0
shrinkage=0.03


Tree=110
num_leaves=15
num_cat=0
split_feature=17 29 29 25 6 21 6 19 1 29 27 15 30 19
split_gain=8.73806 6.24539 9.11045 7.06692 7.61204 8.59787 7.30305 7.10896 4.87098 4.64672 2.96315 1.91953 1.5806 2.09645
threshold=0.38037602603435522 -1.3083735704421995 -0.63072991371154774 -0.62305282056331623 1.4942932128906252 -0.33484864234924311 -0.79625746607780445 1.298035264015198 -1.1396856904029844 -0.057339081540703767 -0.091849088668823228 1.0000000180025095e-35 0.60160276293754589 0.44931271672248846
decision_type=2 2 2 2 2 2 2 2 2 2 2 2 2 2
left_child=1 10 -3 12 5 -5 -7 8 -8 -10 -1 -2 13 -4
right_child=11 2 3 4 -6 6 7 -9 9 -11 -12 -13 -14 -15
leaf_value=0.001067651129657122 0.02189645534254981 -0.023765853170819765 0.018513525900626753 0.010522096728614176 0.015208300945692216 0.0036334345754328533 0.0048638186518247268 0.0071042063833391764 0.0024075403706797596 -0.032002798457632743 0.019228456057138233 0.0054182876123422688 0.0002433705390580582 0.0010645904022571712
leaf_weight=13.675046622753145 22.422979801893234 9.8969958648085576 19.48969955928624 13.346183374524115 10.442394454032181 14.45158038288354 3.0101139722391919 5.2406464368104926 3.242709636688228 25.196161405183396 17.250584229826927 13.751171976327894 10.050618581473826 9.1526764780282956
leaf_count=46 49 42 53 44 30 54 13 13 11 294 36 34 29 26
internal_value=0.00476278 0.00144016 -0.00169745 0.00114551 -0.00420665 -0.0082186 -0.0136108 -0.0200243 -0.0248994 -0.0283059 0.0124642 0.0170511 0.0108054 0.0139246
internal_weight=190.62 154.445 123.52 113.623 74.9298 64.4874 51.1412 36.6896 31.449 28.4389 30.9256 36.1742 38.693 28.6424
internal_count=774 691 609 567 459 429 385 331 318 305 82 83 108 79
is_linear=0
shrinkage=0.03


Tree=111
num_leaves=15
num_cat=0
split_feature=5 15 12 23 9 18 2 29 13 5 3 19 11 5
split_gain=7.498 7.56343 7.63269 7.18969 6.7073 7.76695 8.8057 5.75194 6.81534 5.32949 4.87533 3.77789 3.16374 2.67416
threshold=1.0294817686080935 1.0000000180025095e-35 1.7680846452713015 1.1269360780715945 -0.779140144586563 -0.97817927598953236 0.29129555821418768 1.0894425511360171 0.51167848706245433 0.19602067023515704 0.75890609622001659 0.045182067900896079 0.5460549294948579 0.67855075001716625
decision_type=2 2 2 2 2 2 2 2 2 2 2 2 2 2
left_child=1 2 4 -3 -1 -6 9 8 13 11 -2 -7 -13 -8
right_child=10 3 -4 -5 5 6 7 -9 -10 -11 -12 12 -14 -15
leaf_value=0.022377407025399164 -0.018642352977441514 -0.019614658931953886 -0.013418197579601733 0.00965759531287173 -0.015492198102746792 0.0030245053394435781 -0.02572217486928205 0.015193838030372738 0.011825280637273288 -0.0029816584049636541 0.0081682345679900802 0.026882429475675915 0.0071520775686982341 0.0020798694576661899
leaf_weight=33.335928022861481 13.714195969514551 12.80455055087805 7.9371870756149283 9.0767388790845853 7.9695720737799993 14.150560695677994 11.666040903888648 4.5962858051061621 4.2911944538354865 11.626499612815676 5.6172974724322549 30.96529115177691 15.015601739287375 2.9599486449733368
leaf_count=77 91 52 30 21 50 51 164 11 9 49 16 78 38 22
internal_value=0.00508466 0.00718767 0.00966608 -0.00793425 0.0114341 0.00703016 0.00959275 -0.00548708 -0.0126378 0.0145696 -0.0107742 0.0179316 0.0217726 -0.0209993
internal_weight=185.727 166.395 144.514 21.8813 136.577 103.241 95.2714 23.5135 18.9172 71.758 19.3315 60.1315 45.9809 14.626
internal_count=759 652 579 73 549 472 422 206 195 216 107 167 116 186
is_linear=0
shrinkage=0.03


Tree=112
num_leaves=15
num_cat=0
split_feature=32 1 20 19 75 54 19 10 4 20 5 6 28 27
split_gain=6.14359 8.69336 6.68797 8.26963 6.57739 6.26347 5.2911 5.69207 4.98056 3.98007 3.44734 3.38383 3.20324 2.04834
threshold=1.0000000180025095e-35 0.75493404269218456 -0.6356469690799712 0.60278958082199108 1.0000000180025095e-35 1.0000000180025095e-35 0.08220826089382173 -0.23147577792406079 0.099965844303369536 -0.95602691173553456 -0.33037577569484705 1.6420706510543825 0.044450027868151672 1.3676191568374636
decision_type=2 2 2 2 2 2 2 2 2 2 2 2 2 2
left_child=6 2 4 5 9 -4 7 -1 -9 -2 -3 13 -5 -7
right_child=1 10 3 12 -6 11 -8 8 -10 -11 -12 -13 -14 -15
leaf_value=0.013516063247832093 -0.019106101543895849 -0.002075129122378166 0.0043055723652811522 -0.0074733555941462783 0.021240438632337481 -0.033022621302058151 0.017674497488785555 -0.018969525966735939 0.0059795548250124626 0.0052293236671498225 0.017365851283125594 0.00050969335239866057 0.011671702144047971 -0.0020972893810848638
leaf_weight=14.901625111699103 5.4539734497666386 10.493071167729797 5.9439345179125693 11.027026012539865 9.0488338731229323 18.33748351410032 36.921157315373421 10.399812765419485 10.093032874166964 10.620706133544443 21.413753286004066 3.5408827364444724 10.696860395371912 2.8739014714956275
leaf_count=34 50 46 29 34 21 220 82 52 32 42 61 14 27 10
internal_value=0.00397652 -0.000571169 -0.00595949 -0.011708 0.00598716 -0.0206102 0.0104513 0.00166147 -0.00791899 -0.00560146 0.0115574 -0.0263115 0.00237366 -0.0300319
internal_weight=181.766 109.45 77.5436 52.4201 25.1235 30.6962 72.3156 35.3945 20.4928 16.0747 31.9068 24.7523 21.7239 21.2114
internal_count=754 554 447 334 113 273 200 118 84 92 107 244 61 230
is_linear=0
shrinkage=0.03


Tree=113
num_leaves=15
num_cat=0
split_feature=22 2 32 0 9 30 30 28 6 11 29 9 0 21
split_gain=6.278 6.5592 6.93644 5.1798 5.07483 3.26675 5.57368 6.12676 5.38504 3.96531 2.9836 2.49993 4.92807 1.17158
threshold=-0.31436178088188166 -1.5322852730751035 1.0000000180025095e-35 -1.7491278648376463 1.4504750370979311 -0.31242194771766657 0.66655397415161144 0.69149836897850048 -0.7223687171936034 0.45376870036125189 -0.057339081540703767 -0.43766753375530237 0.32118908315896993 1.0793160796165469
decision_type=2 2 2 2 2 2 2 2 2 2 2 2 2 2
left_child=1 -1 -3 -2 5 11 7 8 -7 -10 -4 -5 -13 -8
right_child=3 2 10 4 -6 6 13 -9 9 -11 -12 12 -14 -15
leaf_value=0.014515807878099356 -0.012652235267635769 0.0028515132178605382 -0.0031583076330490901 0.0018123553961678503 -0.010528417949660576 0.0053157714550151986 0.017403239438993173 0.010542931966221194 -0.029236304301775044 0.00041367213975447901 -0.026835323599587284 0.024359285195835786 0.00059310990078230853 0.0037751145977671179
leaf_weight=7.6184176653623572 7.1395676517859092 19.433400273323059 8.4591196402907372 10.983227815479038 7.9255442582070819 8.9671545419841987 19.71463625878096 14.63596132583916 8.6261794175952691 5.5857992097735396 13.570851058699191 28.498792261816561 10.58853133395314 11.803265541791914
leaf_count=16 43 57 33 37 45 24 46 44 142 16 104 85 42 35
internal_value=0.00348624 -0.00532571 -0.0101411 0.00677828 0.00830467 0.00992765 0.0051231 -0.00263303 -0.0113472 -0.020508 -0.0200097 0.0155114 0.0187186 0.0135153
internal_weight=183.55 49.0818 41.4634 134.469 127.329 119.404 69.333 37.8151 23.1791 14.212 22.03 50.0706 39.0873 31.5179
internal_count=769 210 194 559 516 471 307 226 182 158 137 164 127 81
is_linear=0
shrinkage=0.03


Tree=114
num_leaves=15
num_cat=0
split_feature=7 3 12 24 12 2 17 26 20 1 32 28 6 6
split_gain=6.4472 5.15757 5.37086 8.01304 4.46188 4.17091 4.55282 3.99 4.0894 3.50281 3.16505 6.14104 4.46193 6.7862
threshold=-1.2116099596023557 -0.64624956250190724 1.6023054718971255 0.67732498049736034 -0.2094459533691406 0.10893747303634883 0.020126533228904012 -0.71593949198722828 0.37295654416084295 0.16286537796258929 1.0000000180025095e-35 -1.3518121838569639 -0.79625746607780445 -0.13125888258218762
decision_type=2 2 2 2 2 2 2 2 2 2 2 2 2 2
left_child=-1 5 3 7 -5 -2 -7 8 9 -3 -9 -12 -13 -14
right_child=1 2 -4 4 -6 6 -8 10 -10 -11 11 12 13 -15
leaf_value=0.0262489524883474 0.0058845408222817155 -0.019195408331678189 -0.0088262209045947022 -0.021456079046109307 0.0046386827538056601 -0.024614542155511478 0.0046587154788076306 0.019672005828063995 0.012224023587020258 0.0042418884752158026 -0.012314223354059324 0.022283758923260982 -0.014087272352600683 0.011698501674913648
leaf_weight=9.1519625782966596 10.747779052704574 6.8823583573102978 13.675308484584091 7.0444147735834113 8.7345299422740919 9.0024591870605928 5.1766691729426375 43.716142255812883 9.8510933741927129 8.2705328613519651 7.2727626971900383 17.2293261475861 8.5377043960615904 24.680518857203445
leaf_count=15 41 44 48 41 38 119 13 102 26 32 31 33 38 139
internal_value=0.00654531 0.00486858 0.00689441 0.00865447 -0.00937082 -0.00683617 -0.0154988 0.0111748 0.000324807 -0.00852456 0.0137084 0.00798356 0.0117564 0.00409512
internal_weight=189.974 180.822 155.895 142.219 15.7789 24.9269 14.1791 126.44 25.004 15.1529 101.436 57.7203 50.4475 33.2182
internal_count=760 745 572 524 79 173 132 445 102 76 343 241 210 177
is_linear=0
shrinkage=0.03


Tree=115
num_leaves=15
num_cat=0
split_feature=5 10 25 29 2 28 28 11 25 29 28 11 5 26
split_gain=12.1691 5.24334 5.066 6.63487 6.51236 5.96061 6.93723 6.37875 4.91515 3.58868 5.06355 2.44261 2.30764 2.16411
threshold=1.0294817686080935 -1.0227397382259367 -1.2152553200721739 -1.3083735704421995 -0.98521101474761952 0.55527767539024364 0.18067073076963427 -0.53274267911911 0.26525090634822851 0.51605173945426952 1.0320501327514651 -0.70553588867187489 -0.33037577569484705 0.52249750494956981
decision_type=2 2 2 2 2 2 2 2 2 2 2 2 2 2
left_child=2 -2 -1 -4 12 6 7 -6 13 10 -7 -8 -5 -9
right_child=1 -3 3 4 5 9 11 8 -10 -11 -12 -13 -14 -15
leaf_value=0.017646462561597506 0.0052448045949501192 -0.025784336742276197 0.015455032903037411 0.0020714736325122005 -0.019253941488060086 0.0083626000267341769 0.00061996275117185806 0.017162231516905595 -0.011199585336097178 0.016315901478248192 -0.015702026327854949 -0.030959848372162632 0.019130724865154419 0.00088488203468901688
leaf_weight=22.157123267650604 4.7727850563824203 12.470345907844601 27.00078696757555 14.297985270619394 10.504811283200977 14.278520703315737 2.3845607470720998 11.886701837182047 9.8640558756887895 11.461050927639006 8.3617936139926297 9.0695054959505779 12.615352153778074 14.03659140691161
leaf_count=52 14 98 66 39 64 52 14 29 46 28 67 141 28 42
internal_value=0.0030616 -0.0179473 0.00567553 0.00333094 6.14488e-05 -0.00381388 -0.00939264 -0.00308705 0.00343703 0.0056261 -0.00175789 -0.0261948 0.0118123 0.00991675
internal_weight=185.162 17.2431 167.919 145.762 118.761 91.8476 57.7462 46.2922 35.7873 34.1014 22.6403 11.4541 26.9133 25.9233
internal_count=780 112 668 616 550 483 336 181 117 147 119 155 67 71
is_linear=0
shrinkage=0.03


Tree=116
num_leaves=13
num_cat=0
split_feature=25 2 54 29 29 47 22 27 8 8 25 23
split_gain=9.33205 12.7439 7.71237 5.92387 7.26684 8.19254 8.33031 5.39767 3.75907 7.73012 5.11707 3.33385
threshold=-1.2152553200721739 -1.5322852730751035 1.0000000180025095e-35 -1.3083735704421995 1.0894425511360171 1.0000000180025095e-35 1.8192083835601809 -0.17372330278158185 0.50680834054946911 0.87810188531875621 -0.62305282056331623 0.93800884485244762
decision_type=2 2 2 2 2 2 2 2 2 2 2 2
left_child=-1 -2 7 -4 5 -5 8 -3 10 -10 -7 -12
right_child=1 2 3 4 -6 6 -8 -9 9 -11 11 -13
leaf_value=0.019469086571301034 0.020038488504763002 -0.0043462161244237629 0.0078831495143892143 0.013485690010428947 0.0073062826179912744 -0.0013382248729356015 0.010416754586544945 0.020289732693031685 0.012285204155074489 -0.018588349472405116 -0.032137636734828771 -0.0036011963088088583
leaf_weight=25.812552131712437 22.542407289147377 10.719547644257547 19.493571102619171 5.9304618909955016 16.917515434324741 8.0781044512987119 6.6633342728018752 15.408220011740921 8.0806994475424307 12.467955630272625 28.306701629422605 5.6800817027688018
leaf_count=57 47 52 56 18 50 32 18 34 21 56 299 22
internal_value=0.00433967 0.00138802 -0.00225915 -0.00573015 -0.00886826 -0.0127353 -0.0157366 0.0111077 -0.0190844 -0.00641918 -0.0239321 -0.0284419
internal_weight=186.101 160.289 137.746 111.618 92.1249 75.2073 69.2769 26.1278 62.6135 20.5487 42.0649 33.9868
internal_count=762 705 658 572 516 466 448 86 430 77 353 321
is_linear=0
shrinkage=0.03


Tree=117
num_leaves=12
num_cat=0
split_feature=2 0 5 11 8 13 6 20 17 21 25
split_gain=7.31144 8.10716 8.06206 6.10137 6.18079 11.6359 7.84719 7.54534 5.64826 3.76171 3.1087
threshold=-1.5322852730751035 1.0938091874122622 -1.2954359650611875 1.2339831590652468 0.6590804159641267 0.41853456199169164 1.6420706510543825 0.75266608595848095 -0.26962263882160181 -0.65217328071594227 -0.62305282056331623
decision_type=2 2 2 2 2 2 2 2 2 2 2
left_child=-1 2 -2 4 5 6 7 9 -6 -4 -3
right_child=1 10 3 -5 8 -7 -8 -9 -10 -11 -12
leaf_value=0.016644532901218066 0.013604620360756606 0.022840532620710823 -0.0015782463205518081 0.0080620300648213371 0.01486153374330678 0.0080941813393846634 0.0072175581807753459 0.00078852266493602253 -0.0084132201418820555 -0.031573819046757524 0.0020137749155766317
leaf_weight=24.25611512362957 18.378885921090841 12.325428470969202 4.7663763277232638 19.909575629979372 12.761499520391228 15.089656166732309 6.5107474252581587 9.3534264117479307 15.191331028938292 33.982060255017132 11.963873346336184
leaf_count=55 46 22 20 53 38 44 25 28 52 340 50
internal_value=0.00285288 0.000324606 -0.00266949 -0.00566484 -0.00871979 -0.0132422 -0.0193219 -0.0232555 0.00285526 -0.0284862 0.0146771
internal_weight=184.489 160.233 135.944 117.565 97.6551 69.7023 54.6126 48.1019 27.9528 38.7484 24.2893
internal_count=773 718 646 600 547 457 413 388 90 360 72
is_linear=0
shrinkage=0.03


Tree=118
num_leaves=15
num_cat=0
split_feature=7 17 0 32 1 40 29 13 7 1 5 13 12 16
split_gain=8.36022 9.38571 5.66251 5.50328 6.10143 6.8368 9.24081 8.26109 6.05354 4.89071 3.96885 3.83716 3.66308 1.94159
threshold=-1.1588338017463682 -0.38846583664417261 -1.7491278648376463 1.0000000180025095e-35 -0.31078955531120295 1.0000000180025095e-35 -0.057339081540703767 -0.064318878576159463 0.34528724849224096 0.63652029633522045 -0.9006386101245879 0.066417468711733832 0.60726657509803783 -1.1705151200294492
decision_type=2 2 2 2 2 2 2 2 2 2 2 2 2 2
left_child=-1 10 -3 9 8 6 -6 -8 11 12 -2 -5 -4 -12
right_child=1 2 3 4 5 -7 7 -9 -10 -11 13 -13 -14 -15
leaf_value=0.023310165960941955 0.0049075029660195849 -0.016184752730963307 0.020647125306001483 -0.027880693166504013 0.012844492337536727 0.014498711534960185 0.0089281196905027973 -0.027885220730966487 0.0051068466869621703 -0.0031699036766822493 -0.0015599211511868006 0.0018082756446661408 0.0019545336397100766 -0.02580183089680364
leaf_weight=10.815617401152847 4.6399884857237366 7.6207503536716095 32.243409305810928 10.828012736048551 11.475573368370531 28.357229205779731 5.2591826617717752 11.736949105747048 10.626106586307285 14.339012529700993 4.3805138170719191 4.4367752596735945 14.147740110754965 12.796247627586123
leaf_count=24 19 45 76 132 26 79 14 107 34 43 23 13 40 93
internal_value=0.0024308 0.000506133 0.00330962 0.0048555 -0.000276934 0.00517782 -0.00488466 -0.0170538 -0.0111499 0.0113356 -0.0159043 -0.0209344 0.0156913 -0.0213651
internal_weight=183.703 172.887 151.071 143.45 82.7198 56.8289 28.4717 16.9961 25.8909 60.7302 21.8167 15.2648 46.3911 17.1768
internal_count=768 744 609 564 405 226 147 121 179 159 135 145 116 116
is_linear=0
shrinkage=0.03


Tree=119
num_leaves=15
num_cat=0
split_feature=12 7 2 4 8 17 7 18 20 4 22 16 32 27
split_gain=8.3731 4.75616 6.09808 4.37734 6.38781 7.65801 7.20589 5.87292 5.83135 5.44775 5.36702 6.35008 3.13349 2.60179
threshold=-1.3154324889183042 -1.2116099596023557 -1.5322852730751035 0.69493263959884655 -0.17320114374160764 -0.26962263882160181 -0.77683478593826283 -0.48720411956310267 0.17123583704233172 0.099965844303369536 1.0457385182380678 -0.95814400911331166 1.0000000180025095e-35 0.81238943338394176
decision_type=2 2 2 2 2 2 2 2 2 2 2 2 2 2
left_child=-1 -2 -3 4 5 6 -4 -5 10 12 11 -6 -10 -13
right_child=1 2 3 7 8 -7 -8 -9 9 -11 -12 13 -14 -15
leaf_value=-0.017621642685438647 0.024610021371364366 0.018617484110286995 -0.020810827228558152 -0.0063148660481848204 0.0049716492088420286 0.019840529161683058 0.0071375739518560076 0.017968843327635674 0.016508049181810255 -0.012537952735135874 0.0063392703638497612 -0.032329483595939713 -0.002620808738345973 -0.0016052610472123664
leaf_weight=9.1178843900561315 7.5925390124320975 20.50850336253643 7.7634793519973782 9.8292677998542768 5.0983652174472835 19.344768166542053 19.14694606512785 24.765496851876378 14.173133455216883 11.039905712008474 5.8523571258410803 14.235435504931962 10.883622847497465 3.4702286310493937
leaf_count=53 13 45 57 39 21 39 91 87 31 40 23 166 38 13
internal_value=0.00492108 0.0065643 0.00504446 0.00257804 -0.000456402 0.00760401 -0.0029228 0.0111431 -0.00634655 0.00179517 -0.0153453 -0.0210496 0.00914547 -0.0279872
internal_weight=182.822 173.704 166.112 145.603 111.008 46.2552 26.9104 34.5948 64.753 36.0967 28.6564 22.804 25.0568 17.7057
internal_count=756 703 690 645 519 187 148 126 332 109 223 200 69 179
is_linear=0
shrinkage=0.03


Tree=120
num_leaves=15
num_cat=0
split_feature=7 2 7 18 54 25 22 21 18 18 28 7 28 25
split_gain=7.92765 10.379 7.78337 7.06552 7.11839 7.45325 4.68102 4.22176 3.25669 3.83667 3.0203 2.20657 1.74538 1.72109
threshold=-1.2116099596023557 -0.98521101474761952 0.34528724849224096 0.21686479449272159 1.0000000180025095e-35 -0.62305282056331623 1.3079671263694765 -0.43916094303131098 1.1259445548057558 -0.16823647171258924 0.41905695199966436 -0.43127648532390589 -0.091770675033330903 -0.32695157825946802
decision_type=2 2 2 2 2 2 2 2 2 2 2 2 2 2
left_child=-1 12 3 4 -3 -6 7 -7 9 10 -4 -5 -2 -9
right_child=1 2 8 11 5 6 -8 13 -10 -11 -12 -13 -14 -15
leaf_value=0.023764746733083972 0.004072557818827675 0.012331346068711575 0.015071535977227709 -0.0047335967684649302 0.0076477717726269696 0.00088414542427807689 0.0053367943382079805 -0.0050258089623831997 0.017503900579640387 -0.011878243217027832 -0.0042990282757017894 -0.03075129732649548 0.018682350222949624 -0.028053250990061306
leaf_weight=9.7670021280646306 15.035857938230036 14.72348739299923 12.235461827367546 6.3446226865053168 14.941172886639825 7.1668853089213362 6.3069128571078172 6.2122921384870962 11.271407246589659 9.2562419474124926 9.4499275963753444 9.3696760777384025 21.317899368703365 18.915989588946118
leaf_count=18 42 56 32 27 49 28 24 32 25 39 35 52 50 241
internal_value=0.00271434 0.000778041 -0.00337605 -0.0084966 -0.00355481 -0.00860332 -0.0150491 -0.019212 0.00663203 0.00078753 0.00740646 -0.0239249 0.0138628 -0.0241392
internal_weight=172.315 162.548 126.194 83.981 68.2667 53.5433 38.6021 32.2952 42.213 30.9416 21.6854 15.7143 36.3538 25.1283
internal_count=750 732 640 509 430 374 325 301 131 106 67 79 92 273
is_linear=0
shrinkage=0.03


Tree=121
num_leaves=15
num_cat=0
split_feature=0 12 11 2 13 3 26 6 28 13 33 10 26 14
split_gain=6.3063 4.54366 4.35967 6.58198 4.54528 5.1606 5.52496 6.10523 5.22228 5.17172 3.47728 3.98701 3.68716 2.59153
threshold=-1.7491278648376463 1.9595203399658205 1.0403763055801394 1.0000000180025095e-35 -0.33918945491313929 -0.86358290910720814 0.10810814052820207 0.3859622329473496 -0.67070868611335743 0.59955778717994701 1.0000000180025095e-35 -0.23147577792406079 0.97401994466781627 0.28645075112581259
decision_type=2 2 2 2 2 2 2 2 2 2 2 2 2 2
left_child=13 2 3 10 -5 -6 7 9 -8 -7 -2 -12 -13 -1
right_child=1 -3 -4 4 5 6 8 -9 -10 -11 11 12 -14 -15
leaf_value=-0.021904905113330604 0.017506009376429803 -0.010902064073476115 0.017702600989221832 0.010624819280616262 -0.023266564673499957 -0.026298011519957209 -0.0043228941600953344 0.0080050097010271742 0.019985048960348299 0.0060479737555651763 0.012516768036394715 -0.015716245945085475 0.0068656017801214369 0.0018271543131679617
leaf_weight=5.6955403154715878 34.960501106455922 8.4271433614194375 27.683993503451347 16.648788690567017 6.7474825447425237 12.292319963686174 12.908664476126434 8.2107926751486939 11.048633124679325 3.8277594968676558 16.650436893105507 8.8677911236882228 8.2345395199954492 5.5976918339729309
leaf_count=52 91 32 66 55 85 165 51 41 31 9 38 38 23 15
internal_value=0.00500585 0.00650139 0.00766368 0.00514349 -0.00124673 -0.00542376 -0.000981373 -0.0100785 0.00840256 -0.0190039 0.0114424 0.00371346 -0.00574992 -0.0131908
internal_weight=187.802 176.509 168.082 140.398 71.6844 55.0357 48.2882 24.3309 23.9573 16.1201 68.7133 33.7528 17.1023 11.2932
internal_count=792 725 693 627 437 382 297 215 82 174 190 99 61 67
is_linear=0
shrinkage=0.03


Tree=122
num_leaves=15
num_cat=0
split_feature=17 63 6 6 2 7 16 10 10 27 28 25 20 20
split_gain=6.30824 6.28721 5.96919 5.08311 4.90764 5.81253 8.33037 4.32373 3.40383 2.85977 6.90047 4.85692 2.11034 1.47431
threshold=-0.38846583664417261 1.0000000180025095e-35 -0.57459124922752369 -0.7223687171936034 -1.5322852730751035 -0.57452610135078419 -0.66133150458335865 -0.42929178476333613 1.1532361507415774 -0.043699009343981736 0.55527767539024364 -0.91915407776832569 0.5746772587299348 0.21869953721761706
decision_type=2 2 2 2 2 2 2 2 2 2 2 2 2 2
left_child=2 3 -1 -2 -3 -6 -7 -4 9 10 11 -8 -5 -11
right_child=1 4 7 12 5 6 8 -9 -10 13 -12 -13 -14 -15
leaf_value=0.0090222778105116669 0.0098197964782345409 0.020936025303742833 0.0031235327155280284 -0.019958794206246362 0.016027800615413673 -0.016758632198329376 0.0098537618867026305 -0.024391327330245172 -0.0086895244675430777 0.0039959753493501501 0.011694327244962836 -0.021955229419929195 0.0011844603004806365 0.019574337244653791
leaf_weight=8.7705548927187937 7.6361171789467361 21.85592956840992 5.8928969241678759 11.223915845621379 31.350938962772489 13.213487435132263 2.888746351003646 11.994356386363503 8.1434141229838115 11.589194074273115 19.181772452779114 8.7081775385886413 5.0314416587352744 16.322601325809956
leaf_count=31 18 47 26 109 94 57 7 93 31 40 59 114 16 37
internal_value=0.00436734 0.00666572 -0.00809433 -0.00650171 0.00917629 0.00606886 0.00145542 -0.0166246 0.00597229 0.00852911 0.0016646 -0.0134502 -0.0146753 0.0146958
internal_weight=183.804 157.146 26.6578 23.8915 133.254 111.398 80.0474 17.8873 66.8339 58.6905 30.7787 11.5969 16.2554 27.9118
internal_count=779 629 150 143 486 439 345 119 288 257 180 121 125 77
is_linear=0
shrinkage=0.03


Tree=123
num_leaves=15
num_cat=0
split_feature=29 18 18 20 21 17 3 11 20 16 9 6 22 11
split_gain=7.14735 5.75952 7.78008 5.24547 9.9015 5.05828 4.58601 4.35901 3.79888 3.70286 2.45452 1.86065 1.43716 0.710454
threshold=-1.2562471628189085 -0.97817927598953236 -0.36572434008121485 0.5746772587299348 -0.98330029845237721 -0.18902878463268277 0.11917744576931001 1.5335280895233157 -0.38646256923675532 0.73375710844993602 -0.55818727612495411 -0.057370150461792939 0.050184791907668121 1.0000000180025095e-35
decision_type=2 2 2 2 2 2 2 2 2 2 2 2 2 2
left_child=10 -2 8 4 -4 7 -5 9 -3 -6 -1 -12 -7 -10
right_child=1 2 3 6 5 12 -8 -9 13 -11 11 -13 -14 -15
leaf_value=0.022419935383127691 -0.018937728506754466 -0.0022130492729436992 0.018383248504269062 -0.0066825978517841946 -0.029712838544173385 -0.0074342740952598844 0.012560070305709086 0.006043533496019402 0.021665755376205652 -0.00089895004290448186 0.012258755603696783 -0.0030628720628657915 0.0057299179646352538 0.0083981974222311281
leaf_weight=13.7282348126173 8.4541311673820001 12.384047310799358 5.7753486819565287 14.890432350337504 19.408008066006008 11.447990592569118 21.910676747560501 2.7921916320919982 13.302623622119429 5.1856770589947692 10.317490465939045 10.35852263122797 8.8951170891523343 18.080272123217583
leaf_count=27 58 53 15 50 268 43 56 7 28 25 28 35 24 48
internal_value=0.00291835 -0.000201182 0.00161866 -0.00342887 -0.00909113 -0.0138435 0.0049061 -0.0212221 0.0113171 -0.0248157 0.0142273 0.00548108 -0.00168334 0.0162267
internal_weight=176.931 142.527 134.072 90.3054 53.5043 47.729 36.8011 27.3859 43.7669 24.5937 34.4042 20.676 20.3431 31.3829
internal_count=765 675 617 488 382 367 106 300 129 293 90 63 67 76
is_linear=0
shrinkage=0.03


Tree=124
num_leaves=15
num_cat=0
split_feature=8 27 19 28 14 2 34 10 28 20 0 9 18 19
split_gain=6.1258 5.43822 5.86495 5.07417 5.03482 4.6267 4.21184 3.78119 4.59054 5.60278 2.70113 8.11712 4.28846 2.6703
threshold=-1.4977594614028928 -0.075719472020864473 0.045182067900896079 -1.5561432242393491 0.53560002148151409 0.47365364432334905 1.0000000180025095e-35 -0.42929178476333613 0.62338802218437206 -0.3152670264244079 0.11180475258152002 -0.6787070333957671 0.58215314149856578 -1.4333746433258054
decision_type=2 2 2 2 2 2 2 2 2 2 2 2 2 2
left_child=-1 2 6 4 -3 7 13 -4 9 -9 -5 -12 -13 -2
right_child=1 3 5 10 -6 -7 -8 8 -10 -11 11 12 -14 -15
leaf_value=0.022313562715945305 -0.002484881822868313 -0.014502883164987199 0.012898175682059783 0.018100359721650042 0.010120000975237272 -0.015489415202059828 0.003931563997429016 0.0087184708217399928 0.0079750182361942833 -0.023088857632472964 0.020144064587708524 -0.014084935478348893 0.0085390513337735841 -0.026231541941797321
leaf_weight=8.8087107688188535 7.0986853353679225 13.111473552882673 23.69101299345493 23.883565435186028 8.2146490290760976 6.7975959880277506 7.0822100117802611 4.5139157027006123 15.14118991512805 8.7574117155745697 12.806603461503981 14.686622492969038 8.0226444453001005 12.811897905543447
leaf_count=21 34 57 65 63 19 129 28 18 55 80 28 65 20 78
internal_value=0.00309298 0.00145636 -0.00370257 0.00684137 -0.00489766 0.00177233 -0.0140593 0.00518343 -0.00221683 -0.0128451 0.011109 0.00475403 -0.0059938 -0.0199633
internal_weight=175.428 166.619 85.8939 80.7256 21.3261 58.9011 26.9928 52.1035 28.4125 13.2713 59.3994 35.5159 22.7093 19.9106
internal_count=760 739 487 252 76 347 140 218 153 98 176 113 85 112
is_linear=0
shrinkage=0.03


Tree=125
num_leaves=15
num_cat=0
split_feature=7 14 65 8 22 18 5 9 5 12 6 7 10 22
split_gain=6.80148 5.42515 7.85369 6.85299 6.35582 5.51832 7.29318 4.83721 4.07472 3.98661 2.38052 4.32164 2.30384 1.01822
threshold=-1.0997747182846067 -0.12352122738957404 1.0000000180025095e-35 0.81135249137878429 -0.35486505925655359 -0.062317090108990662 -0.46197490394115442 -0.41758091747760767 -1.2077032327651975 1.1512047648429873 -0.13125888258218762 0.34528724849224096 -0.42929178476333613 -0.26813206076622004
decision_type=2 2 2 2 2 2 2 2 2 2 2 2 2 2
left_child=-1 3 9 4 12 6 8 -8 -6 10 11 -3 -2 -12
right_child=1 2 -4 -5 5 -7 7 -9 -10 -11 13 -13 -14 -15
leaf_value=0.022951887430487313 0.001910518806176953 -0.0053549009059505447 -0.011426098891091165 -0.021383999795477067 0.0094187191849343481 -0.0088111358491620492 -0.0055899416593451334 0.023122596630075903 -0.016558452537842796 -0.0033636311518661032 0.0069052469381429621 0.015566523787657641 -0.020610603009753797 0.021503593136702942
leaf_weight=13.547509167343376 4.7736150026321402 13.704659193754198 11.589474089443682 8.9826435446739179 5.3562043076381087 12.633615994825965 4.3583465144038156 24.688663904555149 7.4265571385621936 11.72334775328636 12.190883398056025 13.14137528836727 8.2625792827457172 30.09099126234651
leaf_count=32 17 45 45 46 17 56 23 173 68 35 37 32 69 71
internal_value=0.00561322 0.00360281 0.00830989 -0.00224724 0.00159856 0.00623193 0.011231 0.0186262 -0.0060858 0.0116396 0.0142393 0.00572243 -0.0141203 0.0184699
internal_weight=182.47 168.923 92.4407 76.4822 67.4996 54.4634 41.8298 29.047 12.7828 80.8513 69.1279 26.846 13.0362 42.2819
internal_count=766 734 265 469 423 337 281 196 85 220 185 77 86 108
is_linear=0
shrinkage=0.03


Tree=126
num_leaves=15
num_cat=0
split_feature=16 17 9 54 22 9 5 9 28 11 18 18 25 22
split_gain=7.25781 6.5768 6.48346 6.19541 5.11339 8.23208 7.3437 5.72259 5.2181 4.37144 3.66576 2.68475 2.41474 2.38194
threshold=1.7117131948471072 0.38037602603435522 -0.779140144586563 1.0000000180025095e-35 0.71640825271606456 -0.096194941550493226 -1.2515696287155149 0.54657700657844555 0.82771906256675731 -1.1888715028762815 -0.44857849180698389 -0.45862095057964319 1.0000000180025095e-35 -0.061691151931881898
decision_type=2 2 2 2 2 2 2 2 2 2 2 2 2 2
left_child=1 2 12 10 5 6 -5 -7 -9 -8 -4 -6 -1 -11
right_child=-2 -3 3 4 11 7 9 8 -10 13 -12 -13 -14 -15
leaf_value=0.020368852309295856 -0.014808520851101374 0.018318601697590819 0.022013672441454094 0.010098319429263201 -0.0051974276765145494 0.013166337734223557 0.0044460150137270926 -0.020896406214439424 0.0080078168873252975 -0.03306721453992667 -0.0011561584895539215 0.012000871241751896 0.002835448115412051 -0.0071153736438050305
leaf_weight=17.163002245128158 11.679693162441252 27.250562027096748 10.161447145044805 4.1376948356628445 9.288625046610834 15.782923437654974 3.0193058028817203 8.1612460939213616 6.216888769529759 16.121056701522328 9.5364652313292009 17.362799064256251 13.103840000927446 7.6844150861725167
leaf_count=37 47 66 23 12 36 64 14 52 34 193 41 63 46 36
internal_value=0.00432272 0.00607276 0.00309321 -0.000544512 -0.00407648 -0.00865508 -0.018373 0.00251514 -0.00955716 -0.0236613 0.0128332 0.00613271 0.0142561 -0.0273791
internal_weight=176.67 164.99 137.74 107.473 87.775 61.1235 30.9625 30.1611 14.3781 26.8248 19.6979 26.6514 30.2668 23.8055
internal_count=764 717 651 568 504 405 255 150 86 243 64 99 83 229
is_linear=0
shrinkage=0.03


Tree=127
num_leaves=15
num_cat=0
split_feature=25 22 5 28 27 2 11 12 7 18 19 22 28 69
split_gain=5.18341 6.34711 5.74687 4.83747 7.28729 4.06831 4.1528 4.00144 3.69339 4.00295 3.68295 3.29198 3.16656 0.646054
threshold=-0.62305282056331623 0.9079522192478181 -0.023311187280341979 -1.4199225306510923 -0.075719472020864473 0.29129555821418768 1.085252642631531 0.80292063951492321 -0.42122387886047358 -0.062317090108990662 0.069653369486331954 0.1682727932929993 0.38500177860260015 1.0000000180025095e-35
decision_type=2 2 2 2 2 2 2 2 2 2 2 2 2 2
left_child=11 3 -3 -2 5 7 -7 10 -6 -10 -5 13 -12 -1
right_child=1 2 -4 4 8 6 -8 -9 9 -11 12 -13 -14 -15
leaf_value=0.0094880169587574174 -0.019968887540871345 0.019768023079811195 -0.0064270268963935624 -0.0095330665144681206 0.018570537119876277 -0.024898980488471105 0.005620584536553455 -0.016712586214952134 -0.011854362755995201 0.010253946885890253 -0.0039044118976068205 -4.1041498836660796e-05 0.016546040378450932 0.021662851139556575
leaf_weight=25.814465809613466 8.6302950419485551 18.629269983619455 8.1536376215517503 8.8027651421725768 14.489434335380791 11.538623933680354 3.2013676762580863 6.5250052437186232 8.6356053054332733 11.043121628463268 8.1456717541441339 17.003917038440704 13.933284863829611 12.613063007593153
leaf_count=76 47 49 39 44 37 203 9 29 41 32 49 51 42 28
internal_value=0.00395391 0.000372669 0.0120368 -0.00335522 -0.000691626 -0.0074886 -0.0185258 -0.00146794 0.00931351 0.000116048 0.00363311 0.0111368 0.00967337 0.0155182
internal_weight=177.16 121.728 26.7829 94.9452 86.3149 52.1467 14.74 37.4067 34.1682 19.6787 30.8817 55.4314 22.079 38.4275
internal_count=776 621 88 533 486 376 212 164 110 73 135 155 91 104
is_linear=0
shrinkage=0.03


Tree=128
num_leaves=14
num_cat=0
split_feature=17 19 54 27 47 2 29 29 67 7 17 17 17
split_gain=5.97992 5.55746 4.6224 5.28985 3.79987 4.30825 6.01796 6.10085 3.30061 3.22221 5.19959 2.0196 0.0378588
threshold=0.38037602603435522 -2.5477769374847408 1.0000000180025095e-35 -0.15718220919370648 1.0000000180025095e-35 -1.5322852730751035 1.0894425511360171 -1.3083735704421995 1.0000000180025095e-35 0.89441078901290905 -0.18902878463268277 1.0054583549499514 -0.42381905019283289
decision_type=2 2 2 2 2 2 2 2 2 2 2 2 2
left_child=1 -1 3 -3 -4 -6 7 -7 9 10 12 -2 -9
right_child=11 2 4 -5 5 6 -8 8 -10 -11 -12 -13 -14
leaf_value=0.019932409942668077 0.020173424392382091 -0.0067238348281836733 0.012539238582539487 0.018234260806164537 0.008270763675508299 0.003617374690898218 0.0080607347339466812 -0.0076177698869365441 0.0014911121524545431 -0.00065626241824536988 -0.005925882206596695 0.0045439125228732679 -0.030356104779635726
leaf_weight=6.7137707769870749 15.30911700427532 9.0683958288282174 6.5532268024981013 14.809268329292534 12.907294519245623 17.39198246225714 13.834508426487444 4.1779164001345555 8.1722594629973155 8.5485520586371404 17.500916846096533 17.745364412665367 22.042893571779132
leaf_count=17 32 50 19 34 32 56 40 34 38 32 58 52 267
internal_value=0.00292326 8.50136e-05 -0.00157856 0.00923253 -0.00419897 -0.00577217 -0.00807497 -0.0112564 -0.0154856 -0.0180384 -0.0210208 0.0134822 -0.0285333
internal_weight=174.775 141.721 135.007 23.8777 111.13 104.576 91.669 77.8345 60.4425 52.2703 43.7217 33.0545 26.2208
internal_count=761 677 660 84 576 557 525 485 429 391 359 84 301
is_linear=0
shrinkage=0.03


Tree=129
num_leaves=15
num_cat=0
split_feature=6 12 63 6 22 27 28 10 9 10 18 12 13 18
split_gain=7.28567 7.33981 5.93085 6.05097 6.04955 3.65202 10.87 3.97734 3.63706 3.90125 2.80658 2.57859 2.36366 3.89541
threshold=-0.7223687171936034 1.6023054718971255 1.0000000180025095e-35 1.4204044342041018 1.4112346172332766 -0.043699009343981736 0.38500177860260015 -0.62710776925086964 -0.15645481646060941 -0.42929178476333613 -0.3291435688734054 0.15658242255449298 -0.25385545939207071 0.20790963619947436
decision_type=2 2 2 2 2 2 2 2 2 2 2 2 2 2
left_child=8 2 3 -2 5 6 7 -4 10 -10 -1 -12 -7 -14
right_child=1 -3 4 -5 -6 12 -8 -9 9 -11 11 -13 13 -15
leaf_value=0.023831173911924505 -0.020803159343160391 -0.024670118737937764 0.0025314676229434385 0.010873835859083435 -0.016413381254239592 0.022192868139943124 0.0096415899754283517 -0.026047145091124227 0.010192685897786052 -0.013344151044577699 -0.0037636035795465209 0.013743553671542258 0.012053873846838902 -0.0089131674255959852
leaf_weight=14.632757462561129 14.977166429162027 6.982634473592042 5.1099674478173212 3.9081681333482257 7.5499166203662744 10.26467129588127 32.358955148607492 9.4834097293205577 8.1874093711376172 7.2574184127151957 10.736324014142157 11.707402184605597 19.442989028990272 7.5571842640638343
leaf_count=29 128 32 18 12 38 19 131 125 21 41 45 25 64 29
internal_value=0.00182015 -0.00236723 4.58942e-05 -0.0133438 0.00334856 0.00594075 0.000164407 -0.0179478 0.0105894 -0.00142577 0.0151692 0.00620884 0.0123383 0.00570961
internal_weight=170.156 117.635 110.652 18.8853 91.7671 84.2172 46.9523 14.5934 52.5213 15.4448 37.0765 22.4437 37.2648 27.0002
internal_count=757 596 564 140 424 386 274 143 161 62 99 70 112 93
is_linear=0
shrinkage=0.03


Tree=130
num_leaves=14
num_cat=0
split_feature=7 20 11 7 2 9 29 1 8 23 33 23 9
split_gain=5.96464 5.15794 8.12868 6.14873 7.46068 9.78709 5.94656 4.38644 4.18334 3.59224 2.84822 2.84217 0.0868014
threshold=-1.2116099596023557 0.5746772587299348 1.085252642631531 0.28497160971164709 -0.98521101474761952 0.92822283506393444 -1.9860172271728513 -0.19237581640481946 0.87810188531875621 -1.5180450677871702 1.0000000180025095e-35 0.7490815818309785 -0.93983313441276539
decision_type=2 2 2 2 2 2 2 2 2 2 2 2 2
left_child=-1 2 3 4 -2 6 -6 -5 10 -8 -3 12 -11
right_child=1 8 -4 7 5 -7 9 -9 -10 11 -12 -13 -14
leaf_value=0.022751280517785855 0.010024533231390173 0.020493348112932148 0.012991142194575353 0.012889029313729367 0.0068392733674403124 0.0092482313906802685 0.0015762376926062112 -0.0092932317700066425 -0.0041021481308853875 -0.0056751116421637562 0.0033572581211706808 -0.0069963496571441817 -0.031462632483011767
leaf_weight=8.1194028854370099 9.8289390206336957 19.844546318054199 21.245519604533911 18.182516778819267 4.5194171220064083 9.7556855324655753 4.1692830175161282 7.9545763898640862 13.388843044638632 2.6306024119257883 17.037187941372395 9.7562932372093183 25.703521501272938
leaf_count=14 25 49 52 57 12 56 15 33 43 14 50 40 297
internal_value=0.00326116 0.00165182 -0.00192438 -0.00584069 -0.0104799 -0.0145696 -0.0199501 0.00572983 0.0091857 -0.0232356 0.0139233 -0.0258192 -0.0302788
internal_weight=172.136 164.017 113.746 92.5008 66.3637 56.5348 46.7791 26.1371 50.2706 42.2597 36.8817 38.0904 28.3341
internal_count=757 743 601 549 459 434 378 90 142 366 99 351 311
is_linear=0
shrinkage=0.03


Tree=131
num_leaves=15
num_cat=0
split_feature=0 32 1 25 8 70 4 30 25 3 68 41 12 54
split_gain=8.26482 7.02618 9.5356 7.41133 7.89913 6.13966 10.4844 5.62453 3.42654 5.51507 3.31907 4.27889 2.66387 1.60589
threshold=-1.7491278648376463 1.0000000180025095e-35 0.51810656487941753 -1.5113565325736997 0.81135249137878429 1.0000000180025095e-35 -1.8832567930221555 -0.90010443329811085 -0.32695157825946802 0.28919646888971334 1.0000000180025095e-35 1.0000000180025095e-35 -0.061371982097625725 1.0000000180025095e-35
decision_type=2 2 2 2 2 2 2 2 2 2 2 2 2 2
left_child=-1 8 3 -3 5 -5 -7 -8 -2 12 -4 -12 -10 -9
right_child=1 2 10 4 -6 6 7 13 9 -11 11 -13 -14 -15
leaf_value=-0.022158914393056634 0.016809000150600543 0.011507471873183354 0.018545775143674819 0.0081151082613153992 0.0061562074544557095 0.014206482684002516 0.00065978816936018779 -0.0065092897616950184 0.0041646400065314636 0.01436700483439945 0.013593594205251042 -0.0095712082461907391 -0.013897988744594881 -0.035619424969221471
leaf_weight=7.0197248379699877 33.274474233388901 9.6762097030878049 15.23731350712478 4.1708102538250378 12.301853653043507 3.1042450070381085 5.1488419137895027 4.561491139233115 10.173235937952997 16.799749549478292 7.9221915984526268 11.16983120236546 11.196352344006298 22.500286594498917
leaf_count=53 81 23 40 20 42 7 34 31 32 41 20 62 53 244
internal_value=0.00197695 0.00360391 -0.00172553 -0.00857809 -0.0130137 -0.0190068 -0.0228192 -0.027817 0.0103952 0.0035046 0.0100742 0.000867267 -0.00613986 -0.032493
internal_weight=174.257 167.237 95.7931 61.4637 51.7875 39.4857 35.3149 32.2106 71.4438 38.1693 34.3293 19.092 21.3696 27.0618
internal_count=783 730 523 401 378 336 316 309 207 126 122 82 85 275
is_linear=0
shrinkage=0.03


Tree=132
num_leaves=15
num_cat=0
split_feature=33 14 30 25 5 1 30 26 1 30 9 18 23 22
split_gain=5.3632 7.71887 4.92802 4.71495 4.41058 3.97254 4.73641 3.85478 2.75232 2.39892 2.52685 2.31078 2.20553 1.71934
threshold=1.1107677668333056 -0.7562313675880431 -0.23709783703088758 -0.62305282056331623 0.98561537265777599 -0.19237581640481946 -0.36370503902435297 -0.71593949198722828 0.16286537796258929 -0.13950860500335691 -0.076108321547508226 -0.13891856372356412 0.56015436351299297 0.060591403394937522
decision_type=2 2 2 2 2 2 2 2 2 2 2 2 2 2
left_child=1 -1 12 -4 5 7 13 -3 -6 10 -8 -11 -2 -7
right_child=2 4 3 -5 8 6 9 -9 -10 11 -12 -13 -14 -15
leaf_value=-0.011802117854095035 -0.004982043915841442 -0.0018208468979646847 0.0005214371903858524 -0.026760276211442911 -0.016524220994571216 0.0027396927050121049 -0.022976669081780459 0.019357137893917332 0.0055165896892967973 0.008003117612448353 0.0033328702033314402 -0.0078708433809513822 0.013019379956966146 0.02014654296807283
leaf_weight=15.045939978212116 8.0017270967364293 8.2469120454043132 9.3116306737065297 8.9790786160156149 5.5922333276830596 10.337007973343136 3.7437634384259582 43.168662503827363 6.2514369101263583 15.55635800212622 3.4870145116001394 8.9534844830632174 7.6722130142152301 10.483098849654196
leaf_count=85 44 45 26 56 52 44 54 176 24 49 11 31 22 26
internal_value=0.00311106 0.00584963 -0.00683728 -0.0157411 0.00853626 0.0105005 0.00410041 0.0160999 -0.00670631 -0.00320972 -0.0141133 0.00185325 0.00484713 0.0137083
internal_weight=164.831 130.866 33.9646 18.2907 115.82 103.976 52.5607 51.4156 11.8437 31.7406 7.23078 24.5098 15.6739 20.8201
internal_count=745 597 148 82 512 436 215 221 76 145 65 80 66 70
is_linear=0
shrinkage=0.03


Tree=133
num_leaves=15
num_cat=0
split_feature=7 5 22 11 16 30 5 30 19 4 29 24 23 4
split_gain=3.72324 4.64925 5.37397 4.58051 5.18388 3.65402 7.9328 4.86658 5.65981 4.84973 7.6468 4.12146 4.10677 3.29614
threshold=-1.0997747182846067 1.512011766433716 -0.35486505925655359 0.027872313279658559 0.11866416037082674 -0.31242194771766657 -0.33037577569484705 -0.16361115127801892 0.045182067900896079 0.69493263959884655 -0.057339081540703767 1.0000000180025095e-35 0.37122716009616857 -0.34625926613807673
decision_type=2 2 2 2 2 2 2 2 2 2 2 2 2 2
left_child=-1 2 3 -2 -5 6 11 12 -9 10 -10 -4 -7 -12
right_child=1 -3 5 4 -6 7 -8 8 9 -11 13 -13 -14 -15
leaf_value=0.019198025294073089 -0.014987476410713962 -0.012818143886109997 -0.015068949656839924 -0.0087070991155098858 0.014422550859126394 -0.021528270302455618 0.021416714071991645 -0.0089205462372669349 0.016768161186463793 0.022626603095243659 0.0033324600319493383 0.0079947142623589262 0.0092060350041128832 -0.01873375864002437
leaf_weight=9.9573961608111841 15.416574746370314 10.029139035847036 6.9878190830349949 12.322524417191746 12.985130801796911 6.9428846356458944 32.922283032909036 12.940223079174755 13.916733503341669 14.97234710305929 8.8010489679872936 11.837132600136099 2.447907879948616 8.4462995547801381
leaf_count=25 91 58 33 51 29 128 106 54 29 31 32 51 5 44
internal_value=0.0047214 0.00335672 0.00472054 -0.00431785 0.00358202 0.00783256 0.0135008 0.00292124 0.00629184 0.0110136 0.00307738 -0.00193225 -0.0131017 -0.00925541
internal_weight=180.925 170.968 160.939 40.7242 25.3077 120.215 51.7472 68.4674 59.0767 46.1364 31.1641 18.825 9.39079 17.2473
internal_count=767 742 684 171 80 513 190 323 190 136 105 84 133 76
is_linear=0
shrinkage=0.03


Tree=134
num_leaves=15
num_cat=0
split_feature=32 11 20 69 12 25 3 5 23 20 9 18 4 21
split_gain=7.5526 7.70029 9.68833 6.93362 6.27971 5.28734 5.83467 4.28889 3.9137 3.83131 2.32636 2.26024 1.97255 1.37885
threshold=1.0000000180025095e-35 0.25350338220596319 -0.58818325400352467 1.0000000180025095e-35 0.69430547952651989 -0.32695157825946802 0.28919646888971334 -1.3831686973571775 0.18229994177818301 0.016978832427412275 -0.63853377103805531 -0.71781614422798146 0.94283545017242443 -0.76095670461654652
decision_type=2 2 2 2 2 2 2 2 2 2 2 2 2 2
left_child=5 3 -3 7 -4 -1 10 -2 -6 11 -7 -5 13 -9
right_child=1 2 4 9 8 6 -8 12 -10 -11 -12 -13 -14 -15
leaf_value=0.016257434823084945 0.0060739405672466688 0.022788245777828987 0.0078336033452071369 0.0053985375820679894 -0.023096278744101448 0.0032256024348854169 0.011861496459107983 -0.0023207701219981015 0.0022896700678303227 0.012693024110977424 -0.015178635563746086 -0.01774624414422947 -0.002183716937882922 -0.027783435662166681
leaf_weight=34.883856862783432 3.3934559263289001 12.744782760739325 17.351929295808077 3.2854670044034728 10.698998838663103 7.0914752036333111 16.547138083726168 3.1129124090075591 7.1117865517735472 10.224969319999216 13.210102608427404 4.512560370378198 4.8384626167826346 20.601753938943144
leaf_count=86 12 25 51 16 52 20 40 20 22 27 63 54 39 231
internal_value=0.00160205 -0.00376037 0.00462339 -0.0114876 -0.00397783 0.00868716 0.0004344 -0.0189635 -0.0146797 0.0030043 -0.0093829 -0.00969546 -0.0224008 -0.0254272
internal_weight=169.61 97.8771 47.9075 49.9696 35.1627 71.7326 36.8487 31.9466 17.8108 18.023 20.3016 7.79803 28.5531 23.7147
internal_count=758 549 150 399 125 209 123 302 74 97 83 70 290 251
is_linear=0
shrinkage=0.03


Tree=135
num_leaves=15
num_cat=0
split_feature=6 12 63 6 10 5 9 17 43 8 12 11 30 7
split_gain=6.80806 7.36112 5.4462 5.36475 6.69906 6.38935 5.02836 4.0463 2.92254 2.61054 2.6018 2.4235 1.63937 1.51441
threshold=-0.7223687171936034 1.0215593576431277 1.0000000180025095e-35 -0.13125888258218762 0.16415620595216754 1.0294817686080935 -0.035935074090957635 -0.38846583664417261 1.0000000180025095e-35 -0.44437056779861445 1.0000000180025095e-35 1.5760412216186526 -0.11559735611081122 0.72100335359573375
decision_type=2 2 2 2 2 2 2 2 2 2 2 2 2 2
left_child=6 2 8 4 12 7 10 -5 -2 -7 -1 -3 -4 -9
right_child=1 11 3 5 -6 9 -8 13 -10 -11 -12 -13 -14 -15
leaf_value=0.0049541342080338417 0.0053875904999633158 -0.025179779215177393 -0.0032252788595724243 -0.004551310042836299 0.00891117062986568 0.0053212319064229758 -0.0034401721503716028 0.019478374412672517 -0.018320916345125768 -0.016073595416753645 0.022825541816097722 -0.0021873533782887865 -0.0251139032484488 0.0035321981639990854
leaf_weight=14.944243493489919 3.9832175485789767 8.1742842160165292 6.5438239667564631 7.1886251755058685 11.286678107455371 5.7095507197082043 12.768657634034751 35.875154900364585 10.901798910461364 6.8414882733486575 21.306179217994213 7.520805273205041 6.3720817901194113 9.098192196339367
leaf_count=52 19 45 30 37 42 19 54 170 110 52 46 28 32 29
internal_value=0.00297118 -0.000984685 0.00217392 0.00510524 -0.00608494 0.00942661 0.0118131 0.0138292 -0.0122171 -0.00759769 0.0169516 -0.0173526 -0.0180192 0.0169286
internal_weight=168.515 119.496 103.801 88.9156 24.2026 64.713 49.0191 52.162 14.885 12.551 36.2504 15.6951 12.9159 44.9733
internal_count=765 613 540 411 104 307 152 236 129 71 98 73 62 199
is_linear=0
shrinkage=0.03


Tree=136
num_leaves=15
num_cat=0
split_feature=7 0 30 9 19 2 19 4 29 11 4 30 30 23
split_gain=5.66113 4.69747 4.51448 8.82842 4.96162 5.5139 4.70017 6.46132 3.93305 3.69093 3.51142 3.22885 2.93816 2.5828
threshold=-1.1098272800445554 -1.7491278648376463 -0.31242194771766657 -0.63853377103805531 -0.75121188163757313 0.10893747303634883 0.15984890609979632 0.14954640716314319 0.15116667747497561 1.2339831590652468 0.050385277718305595 -0.55039921402931202 1.195922911167145 -0.57340894639492024
decision_type=2 2 2 2 2 2 2 2 2 2 2 2 2 2
left_child=-1 -2 4 -4 -3 11 7 -5 12 13 -8 -6 -9 -7
right_child=1 2 3 6 5 9 10 8 -10 -11 -12 -13 -14 -15
leaf_value=0.02020927375446575 -0.013638383004826856 0.021157878445479145 0.012531017322484187 -0.027294486880789434 -0.00055087870876532798 0.0016850161013498963 0.0099288416768924317 -0.019829048143473887 0.012908742226348047 0.0074439642118696789 -0.0073098874055133071 0.017593885442686832 0.0048367768597078805 -0.023391843780030171
leaf_weight=12.840211682021616 10.395100815221666 17.425728939473629 25.950699627399445 12.615155909676107 14.091566424816849 4.3999078944325456 15.488735564053057 5.4802552685141581 6.1056228056550017 5.5932164043188086 17.187892451882362 17.369755662977695 4.7085310630500317 7.1794516695663342
leaf_count=32 59 52 73 144 53 29 42 76 14 15 55 42 15 64
internal_value=0.0041175 0.00229689 0.00377132 -0.000747922 0.00939112 0.00359565 -0.0068641 -0.0146947 -0.000821618 -0.0085784 0.00109454 0.0105058 -0.0105904 -0.0162287
internal_weight=176.832 163.992 153.597 87.5369 66.0596 48.6339 61.5862 28.9096 16.2944 17.1726 32.6766 31.4613 10.1888 11.5794
internal_count=765 733 674 419 255 203 346 249 105 108 97 95 91 93
is_linear=0
shrinkage=0.03


Tree=137
num_leaves=15
num_cat=0
split_feature=14 64 5 5 8 23 12 16 33 18 8 7 27 28
split_gain=5.01197 5.97172 4.8954 5.39816 5.54028 4.43547 8.10795 3.09403 3.16613 2.99507 3.04234 2.61043 2.35959 4.53766
threshold=-0.12352122738957404 1.0000000180025095e-35 -1.2954359650611875 -0.28650940954685206 0.70079877972602855 -0.19555450603365895 0.69430547952651989 0.4208445549011231 1.0000000180025095e-35 -0.3601574152708053 0.14177257567644122 -0.011580232530832289 -0.043699009343981736 0.69149836897850048
decision_type=2 2 2 2 2 2 2 2 2 2 2 2 2 2
left_child=1 9 -3 -4 7 6 -2 8 11 -1 -11 -5 13 -7
right_child=5 2 3 4 -6 12 -8 -9 -10 10 -12 -13 -14 -15
leaf_value=0.017470930005220087 0.0085563464945081959 0.010484235262796239 -0.023581618318148506 -0.012347160321853902 -0.022239028199733314 -0.0059692673358106409 -0.020587776984735472 -0.011504562292458134 0.016520791955909667 -0.012646455784353151 0.010056745435349859 0.0095830952512680947 0.01759838217111381 0.014514113100559285
leaf_weight=12.535056393593552 21.256232688203458 7.8279425175860515 13.806937613524495 6.0979516180232194 4.760137688368558 14.501636154949667 7.7838754057884207 4.6902560368180266 11.906646235845981 5.6422024071216565 5.6885779378935695 4.0104553606361213 34.836145896464586 15.589739717543123
leaf_count=39 68 23 117 103 28 48 34 26 49 51 16 17 88 41
internal_value=0.0040657 -0.0015818 -0.00703807 -0.0108092 -0.00273977 0.00853763 -0.00113202 0.00369493 0.0084631 0.00967441 -0.00165907 -0.00335443 0.0126343 0.00519875
internal_weight=170.934 76.9662 53.1003 45.2724 31.4654 93.9676 29.0401 26.7053 22.0151 23.8658 11.3308 10.1084 64.9275 30.0914
internal_count=748 469 363 340 223 279 102 195 169 106 67 120 177 89
is_linear=0
shrinkage=0.03


Tree=138
num_leaves=15
num_cat=0
split_feature=7 17 4 0 54 17 17 18 1 7 14 16 28 33
split_gain=6.25604 5.75623 6.6803 5.50088 3.80164 4.61985 4.22865 9.42823 3.41658 3.17944 5.50382 3.63026 3.55163 2.93975
threshold=-1.2116099596023557 -0.38846583664417261 -0.048775855451822274 -1.7491278648376463 1.0000000180025095e-35 0.30867289006710058 -0.28615595400333399 0.052785977721214301 -0.42920328676700586 -0.75547301769256581 -0.12352122738957404 0.17025676369667056 1.1342156529426577 1.0000000180025095e-35
decision_type=2 2 2 2 2 2 2 2 2 2 2 2 2 2
left_child=-1 2 -2 -3 -5 6 7 -6 -4 -8 12 -12 -11 -7
right_child=1 3 8 4 5 13 9 -9 -10 10 11 -13 -14 -15
leaf_value=0.022587357649091103 -0.025883453747968323 -0.015019700536946044 0.013812158154313981 0.015972028703102756 -0.0087199785727614023 0.019880336715370643 0.0083541632934791103 0.021413361103264358 -0.0094200778142052976 -0.025536924539949626 -0.0081709719822728854 0.010803713777511775 0.0013204142515524479 0.00063687103342239388
leaf_weight=8.819286994636057 8.8589793927967566 8.0356857641600055 6.6971269976347685 20.736057137139142 13.77884245850146 14.503774583339693 8.0108774984255415 14.775133125483988 6.3608214482665044 13.287380525842304 14.952443376183519 11.656675659120081 5.2246851632371536 11.813484460115431
leaf_count=16 77 47 24 62 65 36 35 33 37 174 53 29 27 35
internal_value=0.00320847 0.00147445 -0.0113005 0.00384786 0.00554304 0.00292262 -0.000786558 0.0077398 0.00302043 -0.00564034 -0.00871048 0.000535387 -0.0192881 0.012723
internal_weight=167.511 158.692 21.9169 136.775 128.739 108.003 81.686 28.554 13.0579 53.1321 45.1212 26.6091 18.5121 26.3173
internal_count=750 734 138 596 549 487 416 98 61 318 283 82 201 71
is_linear=0
shrinkage=0.03


Tree=139
num_leaves=15
num_cat=0
split_feature=25 21 16 1 29 9 16 29 68 30 27 6 14 10
split_gain=4.39614 4.70014 6.53156 5.4521 7.3319 4.69076 4.46518 5.35518 4.86461 4.71952 3.81224 3.43842 1.21073 1.14756
threshold=-1.2152553200721739 1.0000000180025095e-35 -1.1705151200294492 -0.42920328676700586 0.30754597485065466 -0.2368013113737106 -0.66133150458335865 -0.057339081540703767 1.0000000180025095e-35 -0.52300980687141407 -0.043699009343981736 -1.0918123722076414 0.28645075112581259 -0.62710776925086964
decision_type=2 2 2 2 2 2 2 2 2 2 2 2 2 2
left_child=13 2 5 4 11 -2 -5 -8 -9 -10 -3 -4 -11 -1
right_child=1 10 3 6 -6 -7 7 8 9 12 -12 -13 -14 -15
leaf_value=0.019234303679541636 0.023895510900385074 0.00015260651938533138 0.0017256512178976311 -0.016176865159499846 0.0065894297992764314 -0.0018417510792110433 0.013327094487073718 0.0089065510834748993 0.0048234854723800819 -0.025736518567374314 0.02050317275421671 -0.026889363551758166 -0.004496589086977117 0.0044756080714864676
leaf_weight=13.271280393004419 9.1462827958166617 15.112026792019607 3.8536395877599778 7.2855561524629584 8.5757955685257894 10.393791712820528 23.455595817416906 12.747388410381971 8.3537802947685105 7.6100820135325211 13.542487319558857 17.337910980917513 6.1280567944049835 11.686584033071993
leaf_count=30 19 54 11 33 26 46 62 55 45 98 30 190 21 34
internal_value=0.00375516 0.00151744 -0.00131661 -0.00465906 -0.0142639 0.0126194 0.000402243 0.00358848 -0.00381779 -0.0114487 0.0113877 -0.0223497 -0.0199901 0.0142239
internal_weight=168.5 143.542 114.888 95.3478 29.7673 19.5401 65.5805 58.2949 34.8393 22.0919 28.6545 21.1916 13.7381 24.9579
internal_count=754 690 606 541 227 65 314 281 219 164 84 201 119 64
is_linear=0
shrinkage=0.03


Tree=140
num_leaves=15
num_cat=0
split_feature=8 25 21 29 15 9 9 3 1 19 23 16 11 20
split_gain=5.54616 5.37082 7.78257 6.80404 8.64705 5.82055 5.7217 7.7244 5.12243 3.23637 4.14823 2.93196 2.89767 0.943686
threshold=-1.4977594614028928 -1.2152553200721739 0.06867123302072288 0.82881036400794994 1.0000000180025095e-35 -0.19662806391716001 -0.43766753375530237 0.11917744576931001 1.1101752519607546 0.95922818779945385 0.93800884485244762 -0.07955483719706534 0.10629746690392496 0.5746772587299348
decision_type=2 2 2 2 2 2 2 2 2 2 2 2 2 2
left_child=-1 -2 3 4 5 6 7 -3 9 10 13 -4 -5 -7
right_child=1 2 11 12 -6 8 -8 -9 -10 -11 -12 -13 -14 -15
leaf_value=0.021733161912296198 0.013171097653423223 -0.019133658086548183 -0.0010437296670516784 0.016682490734745883 -0.030992923206160303 -0.029740553770063127 0.017963574653333453 0.0087670293761927046 0.0041591869757571023 0.0017205816076402024 0.0026239692583120231 0.018037019361039925 -0.0024384528772401354 -0.0043256142865942234
leaf_weight=7.9366453364491454 23.152646042406559 11.150959040969612 10.033397465944292 11.331848967820408 8.4475816600024682 15.171528748702267 11.184789752587674 15.450046040117739 11.070122104138134 5.5045836791396132 4.1951635591685763 16.987585637718439 10.682941220700739 3.4470887631177893
leaf_count=17 62 69 34 30 43 243 33 44 46 16 20 43 34 15
internal_value=0.00283387 0.00124513 -0.00120352 -0.00487391 -0.00864245 -0.004459 0.00376284 -0.00410559 -0.0118817 -0.0178355 -0.0220151 0.0118953 0.00866984 -0.026947
internal_weight=165.747 157.81 134.658 107.637 85.6219 77.1743 37.7858 26.601 39.3885 28.3184 22.8138 27.021 22.0148 18.6186
internal_count=749 732 670 593 529 486 146 113 340 294 278 77 64 258
is_linear=0
shrinkage=0.03


Tree=141
num_leaves=15
num_cat=0
split_feature=7 26 7 20 12 27 8 6 6 20 39 20 20 9
split_gain=5.03298 5.05996 6.84982 5.58378 4.53435 4.50162 4.22182 4.58525 4.98061 4.0801 4.54457 2.90861 2.88006 2.24175
threshold=-1.1098272800445554 -0.71593949198722828 -0.77683478593826283 1.0000000180025095e-35 0.34650143980979925 -0.011991711566224693 -0.17320114374160764 0.16429603844881061 -0.87014618515968312 -0.30340111255645746 -1.0000000180025095e-35 -0.88483136892318714 0.93065497279167186 1.0000000180025095e-35
decision_type=2 2 2 2 2 2 2 2 2 2 2 2 2 2
left_child=-1 3 4 -2 -3 6 -4 8 -8 11 -11 -7 -10 -9
right_child=1 2 5 -5 -6 9 7 13 12 10 -12 -13 -14 -15
leaf_value=0.018110999394771777 -0.019823725481187212 -0.024090962972187154 0.020936242962917653 0.0035297822927709815 0.0049567188937534382 0.0019149858627963111 0.0092668569029642645 0.0024446029733112499 -0.021584983339183857 0.011576451894462486 -0.0086472342562946627 -0.020752992187589202 0.0025852951320960633 0.022027283011127809
leaf_weight=12.141355985775588 14.761728878133001 7.5286297807469946 20.443101158365607 14.861487869173287 5.5347879976034164 7.3456013705581427 10.54172117076814 10.778892293572428 8.1138693508692104 23.652479402720925 10.981208622455599 7.3726860396563989 5.243124581873416 8.8233058974146825
leaf_count=32 110 54 71 51 15 31 32 48 140 65 45 39 15 21
internal_value=0.00267296 0.000946107 0.00360805 -0.00928985 -0.0138185 0.00611652 0.0110697 0.00475259 -0.00389492 -0.000729096 0.00488223 -0.011823 -0.0139773 0.0139444
internal_weight=168.124 155.983 126.359 29.6232 13.0634 113.296 63.944 43.5009 23.8987 49.352 34.6337 14.7183 13.357 19.6022
internal_count=769 737 576 161 69 507 327 256 187 180 110 70 155 69
is_linear=0
shrinkage=0.03


Tree=142
num_leaves=15
num_cat=0
split_feature=17 54 41 9 9 17 34 19 30 27 30 19 4 7
split_gain=4.82291 4.51821 6.74409 5.48454 4.42862 5.45661 4.64876 4.49934 4.12806 3.95231 2.76867 2.62926 2.56586 1.77705
threshold=-0.40606097877025599 1.0000000180025095e-35 1.0000000180025095e-35 0.48631714284420019 -0.43766753375530237 -0.051981380209326737 1.0000000180025095e-35 0.24179019778966906 1.2418035864830019 -0.075719472020864473 -0.23709783703088758 0.069653369486331954 -0.64374265074729908 -1.0268933773040769
decision_type=2 2 2 2 2 2 2 2 2 2 2 2 2 2
left_child=11 10 8 4 5 12 7 9 -3 13 -2 -1 -4 -6
right_child=1 2 3 -5 6 -7 -8 -9 -10 -11 -12 -13 -14 -15
leaf_value=-0.021478579615566869 0.020741315066216258 0.017888053201114223 -0.00020786283820356974 -0.019170594869992556 0.0046745286824586511 0.0043642332258302923 -0.010519352769219191 0.017163976464607409 -0.0012616814535604411 0.0089689499898716676 0.0017492144005209315 0.0011042044039083392 -0.023533850025163124 -0.018898781124195511
leaf_weight=6.4832044728100282 14.614124771207573 22.687540538143367 5.8161188885569581 11.293294106610118 1.6486734710633708 15.833923161029814 8.8231779853813332 22.893181383609772 14.997589062899349 9.945064174011355 12.209005297161637 7.0067613068968058 11.654696937650442 5.8662062548100948
leaf_count=59 34 63 26 78 8 46 43 54 51 35 49 44 63 127
internal_value=0.001986 0.00357941 0.00108113 -0.00326518 -0.000116178 -0.00791738 0.0054103 0.00966903 0.0110119 -0.00179151 0.0137298 -0.0126223 -0.0175426 -0.0139257
internal_weight=171.773 158.283 131.459 93.7743 82.481 33.3047 49.1763 40.3531 37.6851 17.4599 26.8231 13.49 17.4708 7.51488
internal_count=780 677 594 480 402 135 267 224 114 170 83 103 89 135
is_linear=0
shrinkage=0.03


Tree=143
num_leaves=15
num_cat=0
split_feature=0 12 11 2 13 18 29 20 5 5 18 26 20 20
split_gain=3.27715 3.33815 4.61752 5.71243 6.26383 7.24097 4.55957 4.0404 4.51816 4.00745 3.93183 3.49786 3.02 2.64394
threshold=-1.7491278648376463 2.035321950912476 1.0403763055801394 0.10893747303634883 -0.33918945491313929 -0.46874180436134333 -1.4126265048980711 0.5746772587299348 -0.98837137222290028 -0.41810853779315943 1.7874276638031008 0.10810814052820207 -0.066082635894417749 -0.46952404081821436
decision_type=2 2 2 2 2 2 2 2 2 2 2 2 2 2
left_child=-1 2 3 7 -5 11 -7 8 -2 -10 -8 -6 -4 -11
right_child=1 -3 12 4 5 6 10 -9 9 13 -12 -13 -14 -15
leaf_value=-0.0086271857974948522 0.016213887105931017 -0.0095799163945269709 0.02592011963998557 0.013213526889984346 -0.0059922260318060298 0.0058358084293228512 -0.026884325948437707 0.017655092006266613 -0.014998150961667785 -0.0069250442497180899 0.0037038257306104389 0.015649985364096779 0.0048527125451760652 0.0095868208110266879
leaf_weight=10.049429663456975 12.883150808513163 7.0916290432214728 13.172737985849382 11.960580952465532 9.2768410164862853 4.2694383896887294 17.299955129157762 28.802621223032475 9.3201930029317719 9.2533892896026355 3.2171688228845587 8.7261094357818347 13.518375128507612 19.295068301726136
leaf_count=56 28 29 23 42 53 14 241 72 44 38 11 27 43 66
internal_value=0.00524084 0.00629523 0.00726201 0.00462697 -0.00270489 -0.00807136 -0.0172893 0.00953439 0.00375568 -0.00187945 -0.0223021 0.00561942 0.0176991 0.0040004
internal_weight=178.137 168.087 160.996 134.305 54.7501 42.7895 24.7866 79.5544 50.7518 37.8687 20.5171 18.003 26.6911 28.5485
internal_count=787 731 702 636 388 346 266 248 176 148 252 80 66 104
is_linear=0
shrinkage=0.03


Tree=144
num_leaves=15
num_cat=0
split_feature=2 8 22 17 26 22 17 21 14 3 42 9 6 17
split_gain=6.14333 4.22919 3.26399 5.05594 3.86528 5.01294 2.83977 3.1726 2.72363 2.47209 2.25311 1.79478 2.50314 1.48779
threshold=-1.5322852730751035 -1.4977594614028928 -0.35486505925655359 -0.0965844690799713 0.3684373944997788 -0.073290538042783723 -0.40606097877025599 1.0793160796165469 1.0000000180025095e-35 0.45212295651435858 1.0000000180025095e-35 0.084584664553403868 -0.87014618515968312 -0.31965644657611841
decision_type=2 2 2 2 2 2 2 2 2 2 2 2 2 2
left_child=-1 -2 3 11 6 -6 8 9 -4 13 -7 12 -3 -8
right_child=1 2 4 -5 5 10 7 -9 -10 -11 -12 -13 -14 -15
leaf_value=0.016627683707191775 0.018198567103439135 -0.00064162635544752749 -0.017043088166304007 0.0041654076254003186 0.0056504494603354253 -0.023488562837177769 0.020139255012545758 -0.0079731825459145953 0.0069957283484483488 -0.00026936289214814398 -0.0019300595652436638 -0.0009162372753987255 -0.026166877785857055 0.0072224075177137574
leaf_weight=21.661589130759239 6.8490027971565715 4.8102251105010518 4.5359301846474391 17.251493841409683 15.123260578140618 7.9206823706626865 16.081074148416512 6.2278434541076413 3.8712275326251984 15.29499222896993 8.0608462542295456 6.1921924017369738 10.176091964822263 28.525929341092713
leaf_count=52 17 19 52 53 52 38 42 25 12 59 23 37 80 213
internal_value=0.00334626 0.000967901 -0.000434146 -0.0073906 0.00231608 -0.00595464 0.00592486 0.00803751 -0.00749309 0.0101881 -0.015666 -0.0158015 -0.0201841 0.0134395
internal_weight=172.582 150.921 144.072 38.43 105.642 31.1048 74.537 66.1298 8.40716 59.902 15.9815 21.1785 14.9863 44.607
internal_count=774 722 705 189 516 113 403 339 64 314 61 136 99 255
is_linear=0
shrinkage=0.03


Tree=145
num_leaves=15
num_cat=0
split_feature=12 11 22 23 56 63 17 10 22 17 8 8 11 17
split_gain=4.90054 4.46168 4.16842 4.53694 3.5347 3.34573 6.35926 4.58085 4.33617 1.84792 2.28046 2.69571 5.94415 4.07016
threshold=1.0660492181777956 0.7444572150707246 0.71640825271606456 0.56015436351299297 1.0000000180025095e-35 1.0000000180025095e-35 -0.35375253856182093 0.75760418176651012 1.3079671263694765 -0.38846583664417261 -0.17320114374160764 0.50680834054946911 0.18141876906156543 -0.28615595400333399
decision_type=2 2 2 2 2 2 2 2 2 2 2 2 2 2
left_child=1 4 3 -2 -1 6 -6 8 9 -7 -11 12 13 -12
right_child=2 -3 -4 -5 5 7 -8 -9 -10 10 11 -13 -14 -15
leaf_value=-0.010994903140312351 -0.025755966037050829 0.015397570515446501 0.0065161354258862908 0.0013443130140482907 0.011201988989313271 -0.00068643357280959616 -0.019904976860847415 -0.009912455004612436 -0.007711987845732249 0.01947074596893595 0.0062122636824375839 0.013645952936827842 0.013799898505929541 -0.023583613773799379
leaf_weight=11.859062073286621 9.3924877308309132 22.807084962725639 8.2348401024937612 8.2896857783198339 6.0654115304350844 9.7685829401016147 8.8718263576738519 9.8471518624573928 9.2839673804119212 24.458285080268972 3.8096571937203327 16.693650137633085 7.6788248009979716 6.3683535056188942
leaf_count=56 46 61 22 25 29 60 91 55 42 74 11 44 20 111
internal_value=0.00230229 0.00459162 -0.00862266 -0.0155553 0.00188963 0.00381621 -0.00763214 0.00606754 0.00855871 0.0111288 0.0129856 0.00651365 -0.00168057 -0.0140584
internal_weight=163.429 137.512 25.917 17.6822 114.705 102.846 14.9372 87.9085 78.0613 68.7774 59.0088 34.5505 17.8568 10.178
internal_count=747 654 93 71 593 537 120 417 362 320 260 186 142 122
is_linear=0
shrinkage=0.03


Tree=146
num_leaves=15
num_cat=0
split_feature=33 9 6 6 29 30 7 30 0 6 20 13 20 19
split_gain=6.24289 5.92432 5.68504 5.67286 5.6846 3.61673 4.66768 4.64906 3.5565 3.67206 3.0435 3.28465 1.54186 2.08363
threshold=1.1107677668333056 0.4260572642087937 0.23818477243185046 -0.64847996830940235 1.3500747680664065 -0.31242194771766657 0.39303712546825414 -0.60593664646148671 0.82619526982307445 -0.20514760911464688 1.4052919149398806 -0.89036434888839711 0.49161577224731451 0.28258453309535986
decision_type=2 2 2 2 2 2 2 2 2 2 2 2 2 2
left_child=1 3 -3 12 8 7 -7 -2 9 -5 11 -11 13 -1
right_child=5 2 -4 4 -6 6 -8 -9 -10 10 -12 -13 -14 -15
leaf_value=-0.00025278960765897317 -0.010589859856100245 -0.01732350460335148 0.007933923391120588 -0.0053848723702343646 -0.01537961206205208 -0.027515386171029912 0.00057589354888884015 0.015720460015124151 -0.00929722413861306 -0.0035283332427487896 -0.00433779903210135 0.01776510323653379 0.024445884815153567 0.01678121549645354
leaf_weight=11.749374033883216 7.4198070652782917 12.710208155214788 10.61458207387477 10.030675870366393 7.2860760428011409 7.5089072347618666 8.918494511395691 6.9618235453963297 6.7890131222084156 5.9170452803373328 6.4431286156177512 38.709950438700616 16.710864141583443 8.9782413393259031
leaf_count=53 40 86 48 47 31 48 31 23 45 24 23 227 36 19
internal_value=0.00353638 0.00629362 -0.00645788 0.00909698 0.00385223 -0.0078095 -0.0156889 0.00291623 0.00682964 0.00918925 0.0122767 0.0148708 0.0179337 0.00895294
internal_weight=166.748 135.939 23.3248 112.614 75.1759 30.809 16.4274 14.3816 67.8898 61.1008 51.0701 44.627 37.4385 20.7276
internal_count=781 639 134 505 397 142 79 63 366 321 274 251 108 72
is_linear=0
shrinkage=0.03


Tree=147
num_leaves=15
num_cat=0
split_feature=0 28 32 21 12 13 1 14 28 6 1 8 8 30
split_gain=4.68173 4.34877 4.57436 3.3752 3.65271 3.21785 6.74228 3.18484 3.17385 2.19582 4.80185 3.33498 2.07136 1.4377
threshold=-1.7491278648376463 -1.5561432242393491 1.0000000180025095e-35 1.0793160796165469 1.2893598675727846 -0.25385545939207071 -0.90285822749137867 0.53560002148151409 1.0661053061485293 0.090407308191061034 1.3470027446746828 -0.53406506776809681 -0.048046024516224854 -1.0000000180025095e-35
decision_type=2 2 2 2 2 2 2 2 2 2 2 2 2 2
left_child=7 2 -2 4 5 -3 -7 -1 9 10 11 -8 -10 -13
right_child=1 3 -4 -5 -6 6 8 -9 12 -11 -12 13 -14 -15
leaf_value=-0.021276739331884238 0.0083717565404892152 0.019357089948593913 -0.016332483528157932 -0.0046132320655186661 -0.0036397206337371612 -0.014530021315009908 -0.0051119169733903199 0.0038158864191610003 -0.014086406286783353 0.017159874751294452 -0.011268664113246262 0.018102460636077514 0.0064414064063193291 0.0007293370766291783
leaf_weight=5.5583423599600774 7.5570404827594766 26.860645320266485 11.047952834516764 15.528342191129921 15.71709533035755 7.0425886465236536 6.9309553448110739 5.7396228462457657 4.192874169908464 34.068473414517939 7.2578372033312908 20.480504457373165 4.3983927248045784 5.6739572696387937
leaf_count=47 20 71 54 58 56 60 37 15 38 115 40 131 22 25
internal_value=0.00438328 0.00574094 -0.00665022 0.00746334 0.00899357 0.0107716 0.00732702 -0.0112693 0.0099017 0.0118413 0.00595293 0.0107142 -0.00507353 0.0150555
internal_weight=178.055 166.757 18.605 148.152 132.623 116.906 90.0456 11.298 83.003 74.4117 40.3433 33.0854 8.59127 26.1545
internal_count=789 727 74 653 595 539 468 62 408 348 233 193 60 156
is_linear=0
shrinkage=0.03


Tree=148
num_leaves=15
num_cat=0
split_feature=0 27 33 0 27 26 23 26 74 19 0 30 1 6
split_gain=5.72561 5.04224 5.92249 5.45936 4.67142 6.91693 4.93639 4.2672 5.40524 4.03699 3.82799 3.43035 2.78299 2.72917
threshold=-1.7491278648376463 -0.075719472020864473 1.1107677668333056 0.11180475258152002 -0.20706084370613095 -0.71593949198722828 -0.57340894639492024 1.2849844694137575 1.0000000180025095e-35 0.24179019778966906 1.0000000180025095e-35 -0.11559735611081122 -0.66603073477745045 -0.79625746607780445
decision_type=2 2 2 2 2 2 2 2 2 2 2 2 2 2
left_child=-1 2 4 11 5 6 -2 8 -5 -8 -7 -3 -12 -10
right_child=1 3 -4 7 -6 10 9 -9 13 -11 12 -13 -14 -15
leaf_value=-0.015043126931771908 -0.020015171071591238 0.02613523871094188 -0.019567426475715584 0.012458978072560589 -0.013741244090005487 -0.0067591542423733218 -0.0083688440823330001 0.012478705790431465 0.002317261890217432 0.015173164229840568 -0.0021157521631807361 0.0037689365099230487 0.018704046275725084 -0.017764881756927142
leaf_weight=9.8304385733790678 8.4214748488739151 17.163671299815181 7.7978265490382901 7.7996136471629169 8.852771155536173 5.3552769641391924 8.8738730233162659 18.888109777122736 7.5153546407818856 7.7716650962829581 5.7613139990717093 11.229418775066732 30.718414556700743 13.551841707900161
leaf_count=63 55 34 49 22 37 55 60 55 24 19 52 37 145 66
internal_value=0.00296741 0.00449908 -0.000637045 0.00982665 0.00240244 0.00534565 -0.00635097 0.00297589 -0.00416632 0.00358865 0.0122839 0.0191782 0.0155573 -0.0115306
internal_weight=169.531 159.701 83.5526 76.148 75.7548 66.902 25.067 47.7549 28.8668 16.6455 41.835 28.3931 36.4797 21.0672
internal_count=773 710 472 238 423 386 134 167 112 79 252 71 197 90
is_linear=0
shrinkage=0.03


Tree=149
num_leaves=15
num_cat=0
split_feature=63 32 20 11 68 4 1 11 10 9 20 16 11 4
split_gain=8.20983 5.38584 6.37457 5.34558 4.75894 6.88044 3.45507 3.20855 2.95708 2.89755 2.56415 2.23741 2.18402 0.750319
threshold=1.0000000180025095e-35 1.0000000180025095e-35 -0.58818325400352467 -0.18475090712308881 1.0000000180025095e-35 0.49661035835742956 0.28127911686897283 0.42191408574581152 -0.82492375373840321 -0.19662806391716001 1.476487457752228 -1.2464472055435178 0.21782523393630984 0.099965844303369536
decision_type=2 2 2 2 2 2 2 2 2 2 2 2 2 2
left_child=8 6 3 9 7 10 13 -4 -1 -3 -6 -10 -7 -2
right_child=1 2 4 -5 5 12 -8 -9 11 -11 -12 -13 -14 -15
leaf_value=0.0022860575355680085 0.0094253943539775644 0.0078294129966722872 0.014210837609120886 0.020933050317120328 -0.02445376557908821 0.010642067859218325 0.000460315052189276 -0.0061965341256735966 0.0017880617168649833 -0.016078344919399613 0.0009782910993622637 -0.022232554022102079 -0.0067179082785310531 0.021933389302170404
leaf_weight=7.8996838368475464 23.072692360728979 4.8705986849963665 11.115485950373115 14.641625789925454 17.21497046016157 9.4562894306145626 16.993448618799448 8.3186880871653539 3.4613419473171279 4.0307254157960433 3.8047403246164313 12.896918888669457 7.3642227649688712 16.390967722982168
leaf_count=26 73 18 46 36 160 47 55 29 12 42 11 134 28 40
internal_value=0.00250104 0.00541052 0.000301604 0.0120254 -0.00509613 -0.0108273 0.0121043 0.00599508 -0.0120745 -0.00488573 -0.020547 -0.0179212 0.00324388 0.0165027
internal_weight=161.532 137.274 80.8173 23.5429 57.2744 37.8402 56.4571 19.4342 24.2579 8.90132 21.0197 16.3583 16.8205 39.4637
internal_count=757 585 417 96 321 246 168 75 172 60 171 146 75 113
is_linear=0
shrinkage=0.03


Tree=150
num_leaves=15
num_cat=0
split_feature=32 1 23 22 1 9 18 30 18 22 12 19 19 9
split_gain=4.37356 6.71621 5.66769 6.47516 4.65031 4.08313 3.83547 3.68062 3.06984 4.44129 3.96146 2.94548 2.82751 2.36454
threshold=1.0000000180025095e-35 0.87334778904914867 0.37122716009616857 0.506892889738083 -0.42920328676700586 -0.6987936496734618 -0.19192711263895032 -0.55039921402931202 1.2787212729454043 0.090760096907615675 0.19656762480735782 -1.4333746433258054 0.58913016319274913 -0.63853377103805531
decision_type=2 2 2 2 2 2 2 2 2 2 2 2 2 2
left_child=4 2 3 11 -1 -6 -7 -5 9 10 -4 -2 -3 -13
right_child=1 12 8 7 5 6 -8 -9 -10 -11 -12 13 -14 -15
leaf_value=0.01758638532955846 0.0027301960301816266 0.015310192049588786 -0.023422511112315338 0.015056046086272798 0.014657368389343008 -0.013439769768007908 0.0061418178611975837 -0.0086441771416569946 0.015640189787257303 0.0098256554391923552 0.0039217821206357075 -0.0034660436531115534 -0.0035994960422391594 -0.027817857413542896
leaf_weight=27.912851365283132 3.5046522822231081 21.807388376444582 5.9827284161001497 6.6937623657286167 9.7670387327671033 13.847109476104379 13.075190313160419 7.2917151949368399 8.1381076984107477 10.505234616808591 6.2604355588555336 6.1861121393740204 7.4585922807455054 16.747488573659211
leaf_count=75 19 83 51 21 24 59 40 43 18 32 22 29 25 225
internal_value=0.00359974 -0.000382468 -0.00531988 -0.0121239 0.00938157 0.00177886 -0.00445727 0.00367702 0.00403354 -0.0021887 -0.0123575 -0.0197378 0.0106689 -0.0230454
internal_weight=165.178 100.576 71.3102 40.4237 64.6022 36.6893 26.9223 13.9855 30.8865 22.7484 12.2432 26.4383 29.266 22.9336
internal_count=766 568 460 337 198 123 99 64 123 105 73 273 108 254
is_linear=0
shrinkage=0.03


Tree=151
num_leaves=15
num_cat=0
split_feature=6 6 25 11 6 73 12 3 9 10 6 18 68 6
split_gain=3.76499 9.85585 6.76945 4.23238 7.21931 4.51108 4.63848 3.54934 3.61711 1.92517 1.53468 2.23562 1.06601 0.568965
threshold=-0.87014618515968312 -0.13125888258218762 -0.32695157825946802 -0.53274267911911 0.23818477243185046 1.0000000180025095e-35 1.5160244107246401 -0.64624956250190724 -0.6787070333957671 1.0000000180025095e-35 0.31207349896430975 -0.21775482594966886 1.0000000180025095e-35 -0.35292506217956537
decision_type=2 2 2 2 2 2 2 2 2 2 2 2 2 2
left_child=9 2 -2 4 -3 -5 7 8 -7 12 11 -9 -1 -4
right_child=1 3 13 5 -6 6 -8 10 -10 -11 -12 -13 -14 -15
leaf_value=0.018745122589675377 0.0029367596888011582 0.011072373240099178 -0.026432915301086726 -0.010392001450831858 -0.019742097894712676 0.010857838035957317 -0.0069844349597683467 -0.0053127706697520547 -0.016778805567207903 0.00040571046462193879 0.020019122314740331 0.013023294731086769 0.0050302623693322312 -0.0074766270412197034
leaf_weight=13.2768088132143 13.450734820216892 8.0207323580980319 12.938009018078445 6.6238599023781708 10.340370509773491 3.8387272730469704 8.5460283197462541 6.5249295718967906 3.480851615779101 14.969602672383187 31.933652418665588 9.5409409981220978 14.069095239043238 7.2546716504730311
leaf_count=30 52 39 79 44 72 9 31 25 70 59 89 70 44 43
internal_value=0.0022504 -0.00050581 -0.0132388 0.00476403 -0.00679252 0.00802482 0.0105508 0.0136141 -0.00376061 0.0094393 0.0163685 0.0060829 0.0135573 -0.022458
internal_weight=164.809 122.494 33.6434 88.8501 18.3611 70.489 63.8651 55.3191 7.31958 42.3155 47.9995 16.0659 27.3459 20.1927
internal_count=756 623 174 449 111 338 294 263 79 133 184 95 74 122
is_linear=0
shrinkage=0.03


Tree=152
num_leaves=15
num_cat=0
split_feature=32 1 19 30 13 5 22 1 8 29 14 23 30 8
split_gain=4.23306 5.51328 5.33501 5.03444 4.50805 3.91226 3.81206 3.48745 3.44591 3.41079 2.8271 2.63012 3.08896 2.18834
threshold=1.0000000180025095e-35 0.87334778904914867 -0.77733778953552235 -0.4158762246370315 1.9486086368560793 0.45921890437603002 0.45770999789237982 2.057485163211823 -1.1598407030105589 -1.5168793201446531 0.76839035749435436 1.0000000180025095e-35 1.0000000180025095e-35 0.047906234860420234
decision_type=2 2 2 2 2 2 2 2 2 2 2 2 2 2
left_child=6 2 3 -2 5 9 11 -3 -7 -4 13 -1 -13 -11
right_child=1 7 4 -5 -6 8 -8 -9 -10 10 -12 12 -14 -15
leaf_value=0.01828585704733739 0.017320423448670911 0.016500970898745141 0.0038372984671114952 -0.0087067360166486283 0.0092638875059270903 0.01534486964644933 -0.0021560263448064418 -0.0037602417984691533 -0.0081117513210472985 -0.030628385502975333 -0.0021623343283503943 0.011721852580109323 -0.0078241811488438742 -0.0067441214447198413
leaf_weight=27.6119937133044 11.534960288554432 17.16893735667691 4.4389544092118696 7.2504454832524052 6.4403871074318877 4.0084595270454875 19.217403694987297 9.2700446974486095 10.094142578076569 14.961139138787994 7.2948196530342093 11.229687660932543 8.604440473020075 8.3942032563500089
leaf_count=80 42 55 13 45 18 11 61 40 97 177 21 32 31 41
internal_value=0.00318517 -0.000740791 -0.0049179 0.00755636 -0.00940589 -0.0124794 0.0087621 0.00992876 0.000826783 -0.0172634 -0.0204289 0.0129683 0.00337432 -0.024747
internal_weight=167.52 100.856 74.4175 18.7854 55.6321 49.1917 66.6635 26.439 14.1026 35.0891 30.6502 47.4461 19.8341 23.3553
internal_count=764 560 465 87 378 360 204 95 108 252 239 143 63 218
is_linear=0
shrinkage=0.03


Tree=153
num_leaves=15
num_cat=0
split_feature=29 29 32 19 0 18 17 33 7 22 22 4 9 5
split_gain=4.69935 5.20055 3.53026 6.25022 4.24087 6.2745 5.23804 4.10936 3.41589 3.35027 1.80454 1.75834 1.5837 1.51654
threshold=-1.2562471628189085 -0.63072991371154774 1.0000000180025095e-35 0.92270603775978099 0.50710266828536998 0.77886888384819042 -0.26962263882160181 1.1107677668333056 -0.076922163367271409 0.39652189612388616 0.064371716231107726 0.94283545017242443 -0.39749430119991297 -0.28650940954685206
decision_type=2 2 2 2 2 2 2 2 2 2 2 2 2 2
left_child=10 -2 7 4 5 6 11 9 -8 -3 -1 -4 -5 -6
right_child=1 2 3 12 13 -7 8 -9 -10 -11 -12 -13 -14 -15
leaf_value=0.0015544128866448802 -0.016536994810175554 0.015864299830287712 -0.024726104051372176 -0.0040844325414912666 0.016503442514153206 0.01219455613529178 0.010922989253669614 -0.0076889962665260955 -0.010064429668881263 -0.0030400171852796531 0.017738759949815133 -0.00019950080887865974 -0.024011113033126728 8.6010270473825572e-05
leaf_weight=10.512466661632063 11.345377486199139 29.464272581040859 11.145572313340372 8.6149357557296735 13.175789512693884 12.099929638206957 10.029190439730884 9.209497004747389 8.0952010490000301 9.2851123400032503 14.935357242822645 3.2405293751507989 7.2161307632923117 7.0925515934359273
leaf_count=38 47 90 212 29 43 38 29 35 33 32 34 33 36 54
internal_value=0.00172244 -0.000580162 0.00139278 -0.00242558 0.0020183 -0.00322447 -0.00982373 0.00744101 0.00139973 0.0115047 0.0124062 -0.0206778 -0.0167506 0.0119123
internal_weight=165.462 140.014 128.669 80.7098 64.8788 44.6104 32.5105 47.9589 18.1244 38.7494 25.4478 14.3861 15.8311 20.2683
internal_count=783 711 664 507 442 345 307 157 62 122 72 245 65 97
is_linear=0
shrinkage=0.03


Tree=154
num_leaves=15
num_cat=0
split_feature=8 5 15 14 12 19 27 5 2 27 5 7 1 5
split_gain=4.82204 6.70332 3.86401 5.44045 5.07285 4.96584 3.85359 3.39245 2.87121 5.28268 2.80335 2.62945 2.33892 1.65322
threshold=-1.4977594614028928 0.98561537265777599 1.0000000180025095e-35 0.98683875799179088 1.7680846452713015 0.069653369486331954 -0.075719472020864473 -0.37424215674400324 0.29129555821418768 -0.29193605482578272 -0.81290587782859791 -0.12969834357500074 1.3470027446746828 0.50308527052402507
decision_type=2 2 2 2 2 2 2 2 2 2 2 2 2 2
left_child=-1 2 4 -4 5 6 7 -2 12 -10 -8 13 -7 -11
right_child=1 -3 3 -5 -6 8 10 -9 9 11 -12 -13 -14 -15
leaf_value=0.0200625547166698 -0.021059161943547303 -0.015594479743894338 -0.021068539329852976 0.005927685673756131 -0.014645968970017119 0.015896224514514251 0.015510107276669413 0.00074019953445191001 -0.019408546552417066 -0.011910844528500634 -0.0044426983783837819 0.016518957211002216 0.0010984435026223985 0.0084390114333426618
leaf_weight=7.0062713716179124 7.9611790515482452 15.860257472377269 8.8943496644496935 9.7184291481971723 6.7309316955506793 48.712786380667239 8.6984416730701941 12.093643285334108 3.8539546816609827 3.9895319051574925 8.568214097991584 7.9569734372198555 12.657355227507649 1.5537234884686766
leaf_count=17 53 110 43 24 29 159 22 58 54 92 39 21 42 18
internal_value=0.00173591 0.000326264 0.0025838 -0.00870238 0.00456835 0.00624176 -0.00255459 -0.0103892 0.0103154 -0.000428227 0.00683465 0.00877123 0.0131569 -0.00490987
internal_weight=164.256 157.25 141.39 18.6128 122.777 116.046 37.3215 20.0548 78.7243 17.3542 17.2667 13.5002 61.3701 5.54326
internal_count=781 764 654 67 587 558 172 111 386 185 61 131 201 110
is_linear=0
shrinkage=0.03


Tree=155
num_leaves=15
num_cat=0
split_feature=17 1 28 12 11 29 5 70 11 17 17 7 12 5
split_gain=4.31021 5.01994 5.05558 5.29139 5.11836 4.79125 4.42 4.18611 5.75614 3.11009 3.02625 4.0832 3.24572 2.25074
threshold=0.38037602603435522 1.3470027446746828 -1.3518121838569639 1.6023054718971255 0.45376870036125189 -0.057339081540703767 -0.98837137222290028 1.0000000180025095e-35 0.06751593574881555 1.0054583549499514 -0.38846583664417261 0.64183908700943004 -0.84892377257347096 -0.11104393005371092
decision_type=2 2 2 2 2 2 2 2 2 2 2 2 2 2
left_child=1 2 -1 4 6 -3 -4 -8 10 -2 12 13 -9 -12
right_child=9 5 3 -5 -6 -7 7 8 -10 -11 11 -13 -14 -15
leaf_value=-0.013860006829920776 0.019360103987473856 0.0053209843730034111 0.014296257971724393 -0.014908345175058456 0.015357193908084087 -0.020839805387825566 0.014120665054597491 0.0036320329707314348 -0.024540879848140136 0.0012879409927072456 -0.002532484807647839 -0.013912927217866647 -0.020454849691299317 0.014733666194198048
leaf_weight=10.816478852182625 14.521909609436991 7.0246828347444561 12.956524627748875 7.0074295923113814 31.634038895368576 13.324799147434531 6.3546501388773313 6.738501051440835 6.7827746160328379 16.642880871891975 8.0633050519973022 3.9054376035928717 6.3830286767333657 16.385436451761066
leaf_count=54 34 21 48 33 84 71 24 32 41 54 66 21 61 139
internal_value=0.0020057 -0.000405597 0.00213193 0.00431046 0.00631822 -0.0125408 0.00131991 -0.0026995 -0.0060321 0.0112214 -0.000690704 0.00474011 -0.010496 0.00957607
internal_weight=168.542 137.377 117.028 106.211 99.2037 20.3495 67.5697 54.6131 48.2585 31.1648 41.4757 28.3542 13.1215 24.4487
internal_count=783 695 603 549 516 92 432 384 360 88 319 226 93 205
is_linear=0
shrinkage=0.03


Tree=156
num_leaves=15
num_cat=0
split_feature=7 4 20 5 20 17 23 27 23 9 24 0 1 42
split_gain=4.44633 4.19435 6.19554 3.88074 3.58563 4.80844 4.55393 2.51385 3.67681 5.69895 3.31856 3.20318 3.71979 2.45505
threshold=-1.2505638003349302 0.69493263959884655 -0.96789285540580738 -1.1638368368148801 -0.77803805470466603 -0.17330861836671826 -0.76233616471290577 1.2521947026252749 0.56015436351299297 -0.37740768492221827 1.0000000180025095e-35 1.0000000180025095e-35 0.16286537796258929 1.0000000180025095e-35
decision_type=2 2 2 2 2 2 2 2 2 2 2 2 2 2
left_child=-1 2 -2 -4 -3 6 -6 8 9 10 -5 12 -11 -13
right_child=1 4 3 7 5 -7 -8 -9 -10 11 -12 13 -14 -15
leaf_value=0.018193976436326986 -0.023666112078764706 0.019558365715837842 0.01007465654439756 0.011746819618966172 0.0076791885711845458 0.010686144638780683 -0.019778323648835496 -0.016386825032317566 0.0075792557092250624 -0.012388881029669032 -0.0077615362522012168 -0.023176463582476169 0.012798433952206612 1.3624120058267647e-05
leaf_weight=7.6643124371767035 7.0782320667058221 9.7990925647318345 18.232106338255107 15.934109859168531 5.5550801251083604 17.387162633240223 8.5981533643789607 7.186644233763217 22.700273582711816 5.5108832370024157 8.2576199211180192 16.325703243957836 5.6007300787605345 5.0818444304168215
leaf_count=15 67 22 57 45 17 53 69 30 81 59 40 162 25 23
internal_value=0.00110904 -0.000293278 -0.00331196 -0.000922791 0.00735408 0.00140497 -0.00981005 -0.00366172 -0.00160767 -0.00560116 0.00489898 -0.0130243 0.000338555 -0.0187112
internal_weight=160.912 153.248 111.908 104.83 41.3395 31.5404 14.1532 86.5978 79.4112 56.7109 24.1917 32.5192 11.1116 21.4075
internal_count=765 750 589 522 161 139 86 465 435 354 85 269 84 185
is_linear=0
shrinkage=0.03


Tree=157
num_leaves=15
num_cat=0
split_feature=19 32 22 14 29 18 69 6 7 22 2 2 9 19
split_gain=5.55766 6.33212 5.58492 4.31057 3.91191 4.04272 3.72681 9.15532 4.47428 3.32566 2.74495 3.58698 2.05605 1.91857
threshold=-2.5477769374847408 1.0000000180025095e-35 0.064371716231107726 1.8312240839004519 -0.057339081540703767 -0.30421729385852808 1.0000000180025095e-35 0.53373970091342937 -0.13598121702671048 0.506892889738083 1.0000000180025095e-35 0.65601173043251049 -1.0603528618812559 -0.39376455545425409
decision_type=2 2 2 2 2 2 2 2 2 2 2 2 2 2
left_child=-1 9 3 6 -4 -6 7 12 -8 10 -2 -12 -3 -9
right_child=1 2 4 -5 5 -7 8 13 -10 -11 11 -13 -14 -15
leaf_value=0.021183754772610291 0.017473734464331522 -0.0025931160697754627 0.012300916210793218 0.0082472737457428835 0.0057196659137867794 -0.015765216914160024 -0.014945909653085012 0.012361401494036034 0.010361363839447905 -0.0041872918510169688 -0.0058444638676231923 0.013477931360262152 -0.032511665247621682 -0.0063712555486647284
leaf_weight=6.5705584287643424 20.757455479353666 3.2891183644533148 16.790559321641922 5.6284364685416213 12.773864211514594 9.8601879603229445 6.5685679186135522 4.3498083055019379 8.8362517384812218 15.9278326947242 15.259590249508621 10.382330710068343 17.391536090523012 5.8447028156369907
leaf_count=14 55 15 47 14 46 67 60 15 27 54 64 26 212 46
internal_value=0.00113186 -0.000366124 -0.00528845 -0.0113319 0.00304854 -0.00479892 -0.0142851 -0.0195957 -0.00144771 0.00670403 0.0104864 0.00290176 -0.0291846 0.00305915
internal_weight=160.231 153.66 91.333 51.9084 39.4246 22.6341 46.28 30.8752 15.4048 62.3272 46.3994 25.6419 20.6807 10.1945
internal_count=762 748 549 389 160 113 375 288 87 199 145 90 227 61
is_linear=0
shrinkage=0.03


Tree=158
num_leaves=15
num_cat=0
split_feature=7 13 2 22 25 2 23 23 16 7 12 4 68 3
split_gain=5.66121 5.51593 4.49964 4.20765 6.11357 4.27935 5.82022 4.24652 4.51186 3.59944 1.97416 1.697 1.54388 1.02188
threshold=-1.2116099596023557 1.9486086368560793 -1.5322852730751035 0.94696402549743663 -0.32695157825946802 1.020727872848511 -0.57340894639492024 -0.19555450603365895 0.7697829306125642 -0.31315837800502772 1.0000000180025095e-35 -0.4454203844070434 1.0000000180025095e-35 0.11917744576931001
decision_type=2 2 2 2 2 2 2 2 2 2 2 2 2 2
left_child=-1 2 -2 4 7 6 12 10 -9 -5 -4 13 -6 -8
right_child=1 -3 3 9 5 -7 11 8 -10 -11 -12 -13 -14 -15
leaf_value=0.01964574129169526 0.0094740901647333425 0.014363283216055695 0.00089525202016039129 -0.0068509051967412223 0.0077106368143639659 0.0085018832331066035 -0.01483069624086223 0.013621409777651822 -0.0083947577839020449 0.012668104052874817 -0.019296568643008685 -0.028904264212019935 -0.0072383682631505016 -4.5445969414624674e-05
leaf_weight=8.3094747588038427 18.291612111032009 14.218013081699608 6.6133829373866302 10.352303663268687 6.0005679596215478 3.7581702212337396 6.6212505027651698 20.459342760965232 8.4593425504863244 15.550566046498714 5.7599863484501839 18.766229178290821 9.3862774567678553 6.6427613981068134
leaf_count=17 50 38 30 45 23 29 95 64 34 51 33 181 59 25
internal_value=0.000884518 -0.000745742 -0.00276913 -0.00496835 -0.00788066 -0.0143244 -0.016772 0.000789991 0.00689308 0.00502088 -0.0113527 -0.0232196 -0.000947267 -0.00946563
internal_weight=159.189 150.88 136.662 118.37 92.4673 51.1753 47.4171 41.2921 28.9187 25.9029 12.3734 32.0302 15.3868 13.264
internal_count=774 757 719 669 573 412 383 161 98 96 63 301 82 120
is_linear=0
shrinkage=0.03


Tree=159
num_leaves=15
num_cat=0
split_feature=25 8 25 28 13 8 8 11 21 11 2 19 1 17
split_gain=5.38185 4.81312 7.89768 5.2335 5.07462 6.7362 4.4328 4.07089 4.45154 3.83413 3.21386 1.2233 1.20024 3.06057
threshold=-1.5113565325736997 -0.17320114374160764 1.1535546183586123 0.69149836897850048 0.71791812777519237 0.6590804159641267 -0.85529655218124379 1.085252642631531 -0.43916094303131098 1.0000000180025095e-35 -0.98521101474761952 0.11558444052934648 0.39969284832477575 -0.31965644657611841
decision_type=2 2 2 2 2 2 2 2 2 2 2 2 2 2
left_child=-1 6 3 4 5 10 7 8 -2 -5 -3 -7 13 -8
right_child=1 2 -4 9 -6 11 12 -9 -10 -11 -12 -13 -14 -15
leaf_value=0.016265636183505083 0.0078942339055651407 -0.0033458639385420411 0.013769050628138045 -0.010875611435638238 0.0034742336707489175 0.0033794977483081611 -0.0066512780416444943 0.011666360400755511 -0.019995715485759503 0.0097768859517619582 -0.033241464285614586 -0.0095954606244534925 0.01763061035759066 0.012344500395189938
leaf_weight=14.461003150790928 4.4258033335208919 5.2438414543867067 12.443036049604414 8.0831973911263066 10.333049632608889 10.111726224422457 8.4549689982086402 5.2675222158431998 10.583338779397307 16.572235234081745 16.330772533081479 7.2066969200968733 13.903864625841377 14.621111853048207
leaf_count=37 17 16 35 59 31 39 47 12 88 50 210 28 43 50
internal_value=0.0014586 -0.000529895 -0.00489828 -0.0087157 -0.013944 -0.0184403 0.00592067 -0.00464483 -0.0118541 0.00231396 -0.0279718 -0.00295983 0.0115771 0.00543951
internal_weight=158.042 143.581 86.3246 73.8815 49.2261 38.893 57.2566 20.2767 15.0091 24.6554 21.5746 17.3184 36.9799 23.0761
internal_count=762 725 468 433 324 293 257 117 105 109 226 67 140 97
is_linear=0
shrinkage=0.03


Tree=160
num_leaves=15
num_cat=0
split_feature=7 2 7 8 16 29 22 27 19 8 9 8 18 28
split_gain=4.65256 4.69027 3.68231 3.73657 5.53573 5.054 4.51184 4.29295 4.8874 2.81276 2.39387 2.12244 1.87562 1.54534
threshold=-1.0997747182846067 -1.5322852730751035 -0.849716156721115 -0.17320114374160764 -1.2266216874122617 1.0894425511360171 -0.31436178088188166 -0.45054620504379267 0.069653369486331954 -0.56535387039184559 -0.63853377103805531 0.894789218902588 -0.21775482594966886 -0.2620465531945228
decision_type=2 2 2 2 2 2 2 2 2 2 2 2 2 2
left_child=-1 -2 -3 4 -4 6 10 -8 -9 13 -5 12 -10 -6
right_child=1 2 3 5 9 -7 7 8 11 -11 -12 -13 -14 -15
leaf_value=0.018480457570120023 0.01314863971953203 -0.014587925872975624 -0.011572512362878753 -0.0004139461368216283 -0.0080376120463765324 0.0099613066819915514 -0.014870331440737003 -0.012817243830190785 -0.001553882184082392 0.018229455871682988 -0.02376101777238138 -0.002853993419969331 0.016426504157245371 0.007819445302266987
leaf_weight=11.962303845211862 22.544583730399609 9.7953922478482109 6.4409862942993632 5.5177795067429569 5.2793542146682739 18.210631296038628 10.329930720385162 8.0018549151718599 5.6878091841936067 22.123329389840364 10.743546469602732 8.7996315732598287 18.272850408684469 7.0054726004600507
leaf_count=32 59 60 36 23 27 52 65 40 20 73 77 29 143 43
internal_value=0.00351461 0.00185706 -0.000411266 0.00120049 0.00814186 -0.00237995 -0.00617449 -0.0012178 0.00348873 0.0128323 -0.0177993 0.00864135 0.0126269 0.00065113
internal_weight=170.715 158.753 136.209 126.413 40.8491 85.564 67.3534 51.0921 40.7621 34.4082 16.2613 32.7603 23.9607 12.2848
internal_count=779 747 688 628 179 449 397 297 232 143 100 192 163 70
is_linear=0
shrinkage=0.03


Tree=161
num_leaves=15
num_cat=0
split_feature=2 47 29 25 3 55 22 8 11 10 6 22 17 27
split_gain=3.84854 5.6003 4.80133 7.61177 4.90045 4.73167 4.01026 3.54794 3.89571 3.7079 1.80924 1.80388 1.12526 0.943215
threshold=-1.5322852730751035 1.0000000180025095e-35 -1.3083735704421995 -1.2152553200721739 -0.24481490254402158 1.0000000180025095e-35 -0.89467254281043995 -0.75934427976608265 0.06751593574881555 0.36197219789028173 -1.0918123722076414 0.090760096907615675 -0.33662872016429896 -0.20706084370613095
decision_type=2 2 2 2 2 2 2 2 2 2 2 2 2 2
left_child=-1 -2 12 -4 7 6 -6 -5 9 11 -8 -9 -3 -12
right_child=1 2 3 4 5 -7 10 8 -10 -11 13 -13 -14 -15
leaf_value=0.012780636405672981 0.016642569828527531 0.00064717048012732188 0.012302855481687757 -0.014987907736617968 0.0022513818007179722 0.0030366068615135869 -0.0040649496192487009 -0.011912338199549694 -0.0063688410677334908 0.020898263104729257 -0.013266836167676615 0.0067868023194449225 0.014070309096460993 -0.033583817597940657
leaf_weight=20.326954320073128 11.2670123539865 9.0786485914140957 15.210126794874666 6.2650535190477958 6.2132413126528254 10.143656006548552 6.5432993350550488 3.5982427836861479 14.62733976729214 10.197688518092034 15.8509235503152 5.3607595218345523 12.26956272125244 10.012641100212937
leaf_count=55 33 35 43 56 28 37 25 121 59 43 115 28 30 59
internal_value=0.00203942 4.67401e-05 -0.00202579 -0.00473482 -0.0081529 -0.0140708 -0.0183971 -0.000185274 0.00413812 0.0118185 -0.0221278 -0.00230022 0.00956799 -0.0252987
internal_weight=156.965 136.638 125.371 104.023 88.8128 48.7638 38.6201 40.0491 33.784 19.1567 32.4069 8.959 21.3482 25.8636
internal_count=767 712 679 614 571 264 227 307 251 192 199 149 65 174
is_linear=0
shrinkage=0.03


Tree=162
num_leaves=15
num_cat=0
split_feature=6 6 17 28 4 5 3 22 22 32 7 5 7 7
split_gain=4.21519 8.47722 7.57315 5.24359 4.87274 4.60819 6.426 5.69938 2.75996 2.19874 1.77353 1.27874 1.26793 1.64181
threshold=-0.57459124922752369 -0.13125888258218762 -0.38846583664417261 -0.46637761592864985 -0.49500095844268793 0.85401624441146862 1.1781529784202578 -0.26813206076622004 0.98007488250732433 1.0000000180025095e-35 0.64183908700943004 0.064421555027365698 -0.15734300762414929 -0.70772314071655262
decision_type=2 2 2 2 2 2 2 2 2 2 2 2 2 2
left_child=3 4 8 9 -2 7 -7 11 -3 -1 -9 -4 13 -5
right_child=1 2 5 12 -6 6 -8 10 -10 -11 -12 -13 -14 -15
leaf_value=0.0062091488524799211 0.0014773469893540972 -0.023509524997658703 -0.011263165660948291 0.012230575079236368 -0.026232376340571725 -0.019137720169783951 0.012056039768938294 0.017795255855467599 0.0027920822374120783 -0.010242731153707526 0.0018759712573331133 0.00315903613851374 0.018866845852905101 -0.0040629655393651376
leaf_weight=8.4352550357580185 7.7581138098612454 7.2843506652861816 7.2364750492852163 6.5476969610899669 12.342103312723337 9.1342568506952357 5.866807345300912 33.799459586851299 3.7098259553313255 12.018566280603409 9.0387116242200118 6.9677343652583659 19.674169572070241 7.163342802785337
leaf_count=25 39 70 42 20 78 73 16 187 15 51 30 34 50 41
internal_value=0.00150125 -0.00206474 0.00241715 0.00792747 -0.0173734 0.00619496 -0.00697397 0.00994107 -0.0165361 -0.00357098 0.0149835 -0.00520797 0.0145196 0.00490704
internal_weight=156.977 103.138 83.0376 53.839 20.1002 72.0434 15.0011 57.0424 10.9942 20.4538 42.8382 14.2042 33.3852 13.711
internal_count=771 584 467 187 117 382 89 293 85 76 217 76 111 61
is_linear=0
shrinkage=0.03


Tree=163
num_leaves=15
num_cat=0
split_feature=11 29 41 25 63 54 19 29 20 19 9 29 14 11
split_gain=3.99755 3.45285 3.19717 6.16154 4.41078 4.82839 5.31344 4.72956 3.53211 9.01171 3.01996 3.60089 2.01441 1.87226
threshold=-0.83079570531845082 -0.42222414910793299 1.0000000180025095e-35 -1.2152553200721739 1.0000000180025095e-35 1.0000000180025095e-35 -0.75121188163757313 -1.2562471628189085 0.72893425822258007 0.68481943011283886 -0.035935074090957635 -0.057339081540703767 0.41321270167827612 0.92298218607902538
decision_type=2 2 2 2 2 2 2 2 2 2 2 2 2 2
left_child=1 -1 10 -4 13 -6 -7 -8 9 -9 11 -2 -3 -5
right_child=2 12 3 4 5 6 7 8 -10 -11 -12 -13 -14 -15
leaf_value=0.0069067246239581052 0.012779492228704266 -0.020934531828846158 0.01766898654645015 -0.022619687466961629 0.014720379368567342 0.013005092517332447 0.010007682231152453 -0.028519855215995676 -0.00018251299739717688 0.0033489936844652104 0.01918611562643921 -0.007917495478518926 0.00048850661810485158 0.0017069087908014053
leaf_weight=5.8641072250902679 9.5726214423775691 9.5468936664983612 12.109997376799582 6.5752045609988254 12.850307627581058 10.712582379579535 8.5049639120697886 15.490228474373014 19.13207545876503 11.5272279381752 16.029843508265913 10.967268219683318 5.1159105673432341 2.9006857499480247
leaf_count=20 24 89 30 90 40 36 22 191 59 36 39 52 21 10
internal_value=0.00223309 -0.00879681 0.00414572 0.00117173 -0.00193665 0.000827076 -0.00275606 -0.00667644 -0.0104289 -0.0165231 0.0111449 0.00234182 -0.0152364 -0.0171555
internal_weight=156.9 20.5269 136.373 99.8033 87.6933 78.2174 65.3671 54.6545 46.1495 27.0175 36.5697 20.5399 14.6628 9.47589
internal_count=759 130 629 514 484 384 344 308 286 227 115 76 110 100
is_linear=0
shrinkage=0.03


Tree=164
num_leaves=15
num_cat=0
split_feature=0 19 30 9 22 25 27 9 3 5 7 9 18 4
split_gain=5.06827 4.80985 5.31079 4.86724 4.72596 6.87675 6.43554 5.8731 5.1247 3.12372 2.19196 2.28734 2.10978 1.55056
threshold=-1.7491278648376463 -0.75121188163757313 -0.18790809065103528 -0.91974651813507069 0.94696402549743663 -1.2152553200721739 -0.48687209188938135 -0.37740768492221827 1.9018582105636599 0.59081801772117626 0.39303712546825414 -1.0000000180025095e-35 -0.20476790517568585 0.29828810691833502
decision_type=2 2 2 2 2 2 2 2 2 2 2 2 2 2
left_child=-1 2 -2 12 5 -5 10 -8 9 -9 11 -7 -3 -6
right_child=1 3 -4 4 13 6 7 8 -10 -11 -12 -13 -14 -15
leaf_value=-0.01581984677027547 0.020225080775109875 0.017808588460177098 -0.0038143095449849796 0.010521065669698473 -0.0008882312014727756 -0.015220043945727632 -0.00044253679359082028 -0.031814674085633002 0.0051311905686875527 -0.0025249001004808342 0.012365040018132226 0.0060395397468192939 7.8650754874198117e-05 0.013914467926193136
leaf_weight=8.3297806777991337 21.268461404368285 12.880315398797395 10.045000178739427 13.711820177733896 9.1933261435478943 3.7268856903538108 15.024656722322101 19.578101433813583 3.4439129978418341 4.8358854730613521 8.2178845033049566 5.438602657523008 9.1893207281827909 12.261704728007315
leaf_count=59 68 32 47 39 38 32 56 178 11 61 24 38 34 35
internal_value=0.00202507 0.00350569 0.0130501 0.000533338 -0.00253109 -0.00610026 -0.0103983 -0.0161293 -0.0232349 -0.0274284 0.00418438 -0.004926 0.0118043 0.00860254
internal_weight=157.146 148.816 31.3135 117.502 95.4328 73.9777 60.2659 42.8826 27.8579 24.414 17.3834 9.16549 22.0696 21.455
internal_count=752 693 115 578 512 439 400 306 250 239 94 70 66 73
is_linear=0
shrinkage=0.03


Tree=165
num_leaves=13
num_cat=0
split_feature=25 54 2 5 0 11 16 67 27 0 30 27
split_gain=5.17827 4.94303 4.19995 3.98814 5.26233 3.36085 5.14399 4.84694 3.20584 2.87159 2.33826 1.57913
threshold=-1.2152553200721739 1.0000000180025095e-35 -1.5322852730751035 -1.1638368368148801 1.0938091874122622 1.0403763055801394 -0.95814400911331166 1.0000000180025095e-35 -0.17372330278158185 0.67429283261299144 1.3753267526626589 0.56460842490196239
decision_type=2 2 2 2 2 2 2 2 2 2 2 2
left_child=11 8 -3 -4 5 6 -5 9 -2 10 -8 -1
right_child=1 2 3 4 -6 -7 7 -9 -10 -11 -12 -13
leaf_value=0.017775403070098502 -0.0039084393444997027 0.0087078351579809189 0.0059278101470902969 0.00074050600656341446 0.0056070258564612794 0.00053747383533248451 -0.030588711117355054 0.0016096131522924707 0.016136016910492032 -0.00062746480588220862 -0.0011901627818195041 0.001940892397372166
leaf_weight=13.265759684145452 8.5727181266993302 14.405797459185122 15.132808227557687 12.35590627603232 14.281163558363913 13.233721304684876 25.089327863184746 6.6264964242000124 15.354217700660227 4.1020338190719476 3.1011024527251712 10.195540107786654
leaf_count=34 45 38 55 58 59 47 270 35 40 24 14 31
internal_value=0.000818943 -0.00162148 -0.00439382 -0.00674191 -0.00938385 -0.0128672 -0.0160672 -0.0208801 0.00952012 -0.0250921 -0.0280212 0.0124441
internal_weight=155.717 132.255 108.328 93.9226 78.7898 64.5086 51.2749 38.919 23.9269 32.2925 28.1904 23.4613
internal_count=750 685 600 562 507 448 401 343 85 308 284 65
is_linear=0
shrinkage=0.03


Tree=166
num_leaves=15
num_cat=0
split_feature=5 4 16 4 16 26 36 60 32 7 21 9 19 0
split_gain=5.02775 4.52236 4.43089 4.31332 5.64315 4.42082 4.40374 3.86495 2.95897 4.14371 3.44931 2.32033 2.19534 1.60233
threshold=-1.1638368368148801 0.69493263959884655 -0.51455947756767262 0.29828810691833502 -0.22892432659864423 -0.57133942842483509 1.0000000180025095e-35 1.0000000180025095e-35 1.0000000180025095e-35 1.001219689846039 -0.33484864234924311 -0.2368013113737106 0.22571710497140887 0.96537750959396373
decision_type=2 2 2 2 2 2 2 2 2 2 2 2 2 2
left_child=-1 3 -3 4 11 -6 -5 8 -7 10 -10 -2 -4 -12
right_child=1 2 12 6 5 7 -8 -9 9 -11 13 -13 -14 -15
leaf_value=0.012927210543527582 0.016252512366495546 -0.0059555739204057998 0.0014714433017996406 0.0026300422212255856 -0.023229271321253086 0.011148356453377278 -0.024396423186899118 -0.016868730341609097 0.0074292637715224598 0.012173445501851938 -0.022297611532215936 -0.00043989433060778483 0.019536088869921014 0.0016017075483414993
leaf_weight=23.711636540479958 13.216477297246458 12.178122250363229 9.9712641471996921 6.817966810427607 6.5283781019970766 14.836348304525016 11.203432811656967 6.7299517616629592 3.4163339082151643 4.9267713762819758 8.732796558877455 12.297404631972311 14.833712339401243 2.3145412472076705
leaf_count=74 31 51 64 36 68 49 67 41 11 16 129 53 35 15
internal_value=0.00157575 -0.000933944 0.00731716 -0.00449295 -0.00086143 -0.00677611 -0.0158211 -0.00191157 0.00280472 -0.00455599 -0.0119179 0.00945322 0.0137394 -0.0183515
internal_weight=151.715 128.004 36.9831 91.0204 72.999 47.4851 18.0214 40.9567 34.2268 19.3904 14.4637 25.5139 24.805 11.0473
internal_count=740 666 150 516 413 329 103 261 220 171 155 84 99 144
is_linear=0
shrinkage=0.03


Tree=167
num_leaves=15
num_cat=0
split_feature=9 19 54 25 5 26 1 16 9 5 19 22 28 4
split_gain=4.15144 3.19035 3.24604 3.25614 3.39425 3.63829 3.39797 2.99803 4.2498 4.23553 3.25309 2.98395 2.36772 1.89758
threshold=-0.91974651813507069 -1.1073299050331114 1.0000000180025095e-35 -1.2152553200721739 -0.41810853779315943 1.236883878707886 1.7022439241409304 -0.79310014843940724 -0.11628156527876853 0.59081801772117626 1.1870270371437075 -0.395656868815422 0.89582940936088573 0.54619091749191295
decision_type=2 2 2 2 2 2 2 2 2 2 2 2 2 2
left_child=-1 -2 13 -4 5 12 7 -6 10 -10 11 -9 -5 -3
right_child=1 2 3 4 6 -7 -8 8 9 -11 -12 -13 -14 -15
leaf_value=0.012843157420091782 0.010541111469729235 -0.00069106360928915462 0.007423774015067869 -0.023945248688169888 0.0069558078892244888 0.0038968318528492737 0.011176578084400236 0.00039708993154223982 -0.011555278402427645 0.014779133805782085 0.0027216439703999446 -0.02989602528846344 -0.002096031910448539 0.016384288843017628
leaf_weight=25.387455141171813 18.496472911909223 10.141899364534767 14.466797109693287 15.083181049674755 9.3768944852054066 6.462583750486373 10.113376861438153 3.5411715167574558 5.4350411263294571 6.8685913635417819 4.2998113781213751 8.9219088014215266 7.0676097813993684 7.7170013953000298
leaf_count=79 77 50 43 104 36 20 33 28 48 25 14 129 40 17
internal_value=0.00287333 0.000487299 -0.00159719 -0.00394018 -0.00639264 -0.0137303 -0.00119053 -0.00535586 -0.00976559 0.00316857 -0.0178059 -0.0236395 -0.0186437 0.00865724
internal_weight=153.38 127.992 109.496 91.637 77.1702 28.6134 48.5568 38.4434 29.0665 12.3036 16.7629 12.4631 22.1508 17.8589
internal_count=743 664 587 520 477 164 313 280 244 73 171 157 144 67
is_linear=0
shrinkage=0.03


Tree=168
num_leaves=15
num_cat=0
split_feature=7 0 6 5 16 5 22 5 10 26 19 19 11 28
split_gain=3.52245 3.64839 3.03433 5.10714 3.30853 3.11644 2.87572 3.80855 3.3872 2.54369 2.47595 2.33561 2.23522 2.03815
threshold=-1.1977876424789426 -1.7491278648376463 1.4942932128906252 0.89788261055946361 -0.34474585950374598 -0.28650940954685206 -0.11504676938056944 -0.9006386101245879 -0.82492375373840321 -0.71593949198722828 0.76058205962181102 0.1928902864456177 0.28848177194595342 0.92988458275794994
decision_type=2 2 2 2 2 2 2 2 2 2 2 2 2 2
left_child=-1 12 3 4 5 13 7 -6 -9 -8 -10 -7 -2 -3
right_child=1 2 -4 -5 6 11 9 8 10 -11 -12 -13 -14 -15
leaf_value=0.018695253045151468 -0.021060516083452403 -0.016486322364902321 0.013133788714896863 -0.014993243693699893 0.011826831870166504 0.011925346568358759 -0.0025491851574022872 0.0073299770115948706 -0.02168951853516192 0.013565722526630315 0.0020380542314161259 -0.0052220429968339709 0.0025861575370153406 0.0015793491801610812
leaf_weight=6.6839390937238923 4.8889988050796074 12.454674538224937 17.05942216143012 10.918013846036045 8.1718434845097381 10.246153548359873 9.2032004306092841 5.4242506921291396 8.4177699303254432 39.951665628701448 4.4850670993328103 9.4261246845126134 4.1165901049971581 7.0957532823085776
leaf_count=17 47 54 52 86 29 36 51 19 74 209 14 34 13 28
internal_value=0.00279264 0.0015191 0.00286076 0.00101878 0.00310248 -0.00366731 0.00662203 -0.00125411 -0.00837157 0.0105918 -0.015176 0.00431585 -0.0131869 -0.0109432
internal_weight=158.543 151.86 142.854 125.795 114.877 39.2227 75.6538 26.4989 18.3271 49.1549 12.9028 19.6723 9.00559 19.5504
internal_count=763 746 686 634 548 152 396 136 107 260 88 70 60 82
is_linear=0
shrinkage=0.03


Tree=169
num_leaves=15
num_cat=0
split_feature=2 6 10 6 4 11 19 22 63 21 20 11 19 16
split_gain=3.6241 2.80823 4.81811 4.56492 5.01188 5.55633 2.73682 2.2234 3.27432 2.71961 2.18409 2.07583 3.18604 2.03134
threshold=-1.5322852730751035 -0.64847996830940235 0.16415620595216754 -0.057370150461792939 -0.39583982527256006 -0.70553588867187489 1.357149124145508 1.2851026058197024 1.0000000180025095e-35 -0.54492221772670735 0.040710680186748512 -0.53274267911911 0.17285594344139102 0.38303683698177343
decision_type=2 2 2 2 2 2 2 2 2 2 2 2 2 2
left_child=-1 2 13 4 -3 -6 7 8 9 -5 -4 12 -10 -2
right_child=1 3 10 6 5 -7 -8 -9 11 -11 -12 -13 -14 -15
leaf_value=0.012710297233593447 0.015807056458684875 0.0030790001700076786 -0.01650026624433501 0.0079692500746474711 0.0042660841755581842 -0.030841230906232975 -0.01195614223680975 -0.0083403678190988682 -0.012799564068355224 -0.015108897914245915 0.0035091293565792658 0.011792068932479863 0.010610969883946466 0.00010488904909606352
leaf_weight=20.549167804419994 23.22146424325183 10.013151099905373 5.5882873479276878 3.5205739513039589 4.1167446188628665 9.4704178487882 7.0163639187812796 7.678881656844168 5.9174188273027521 6.930950273294 6.481972299516201 37.825929028214887 5.1494363564997911 10.148442715406416
leaf_count=57 67 48 42 11 18 66 27 38 53 94 21 197 15 33
internal_value=0.00230106 0.000427396 0.00621071 -0.00243551 -0.0126281 -0.021918 0.00140672 0.00353853 0.00560426 -0.00727183 -0.00787439 0.00877601 -0.00199434 0.0116677
internal_weight=163.629 143.08 45.4402 97.6399 23.6003 13.5872 74.0396 67.0232 59.3443 10.4515 12.0703 48.8928 11.0669 33.3699
internal_count=787 730 163 567 132 84 435 408 370 105 63 265 68 100
is_linear=0
shrinkage=0.03


Tree=170
num_leaves=15
num_cat=0
split_feature=2 30 19 20 4 28 22 5 5 5 14 24 33 9
split_gain=4.31806 3.47404 3.65848 4.84099 4.48296 5.21259 4.79665 3.37991 3.70323 5.81691 2.79358 2.43243 3.96551 1.74183
threshold=-0.98521101474761952 -0.31242194771766657 -0.49318854510784144 -0.93229505419731129 1.0000000180025095e-35 0.92988458275794994 -0.11504676938056944 0.76628351211547863 -0.41810853779315943 -1.1199704408645628 0.15498968958854678 -0.38554565608501429 1.0000000180025095e-35 -0.6787070333957671
decision_type=2 2 2 2 2 2 2 2 2 2 2 2 2 2
left_child=10 7 -3 -4 6 13 -5 8 9 -2 -1 -8 -13 -6
right_child=1 2 3 4 5 -7 11 -9 -10 -11 -12 12 -14 -15
leaf_value=-0.0023155486722737395 0.011958811142187257 -0.018179660783659159 0.015141236495018426 -0.014631526313659569 -0.0028634362037257724 0.0046244944621603012 0.017864174492871809 -0.011137239680471134 0.012099444178510384 -0.014268422563174777 0.015139475746430434 0.012082855146347308 -0.014813629647582687 -0.027308717808053457
leaf_weight=10.235143013298513 8.817142993211748 12.381112297996877 7.1555059049278489 5.3725854181684545 4.7043444477021703 7.3343184608966103 9.1496239621192235 7.4063703864812842 31.584574873559177 12.236618480645118 21.632614463567734 5.3095821749884653 4.4826201673131436 10.465847295708954
leaf_count=37 29 75 21 41 18 27 22 50 131 79 58 58 35 109
internal_value=0.000929587 -0.00164501 -0.00616535 -0.00210174 -0.00594375 -0.0142922 0.00290307 0.00344037 0.00627968 -0.00309755 0.00997962 0.0098935 -0.00107508 -0.0223171
internal_weight=158.268 126.4 66.3555 53.9744 46.8189 22.5045 24.3144 60.0447 52.6383 21.0538 31.8678 18.9418 9.7922 15.1702
internal_count=790 695 406 331 310 154 156 289 239 108 95 115 93 127
is_linear=0
shrinkage=0.03


Tree=171
num_leaves=15
num_cat=0
split_feature=12 11 0 9 0 0 7 16 32 21 4 4 13 27
split_gain=3.32146 4.06045 3.26269 4.5536 3.72323 3.24688 2.90901 3.73266 3.01662 5.342 3.41138 2.3841 2.13061 1.35324
threshold=2.035321950912476 1.0403763055801394 1.0938091874122622 0.28545089066028601 -1.1716275811195371 1.0000000180025095e-35 0.24978749454021457 -1.0865346193313596 1.0000000180025095e-35 -0.23194614052772519 0.49661035835742956 -0.4454203844070434 1.039664149284363 -0.37909317016601557
decision_type=2 2 2 2 2 2 2 2 2 2 2 2 2 2
left_child=1 2 3 4 -1 -5 7 -6 11 -10 12 -9 -11 -4
right_child=-2 -3 13 5 6 -7 -8 8 9 10 -12 -13 -14 -15
leaf_value=-0.013119037250144652 -0.013009023249248694 0.013202738885029141 0.015844338744056462 0.0022553539444486971 0.012594421416899334 -0.020510338829030712 0.01055333905974659 0.011983595151512091 0.0099142111254443884 -0.027973121023045906 0.0025661276119008326 -0.0061652699955479888 0.00068340018791627414 0.0010343883133451433
leaf_weight=8.4684002397116256 7.3973313774913541 24.515758372843266 10.894012743607165 7.1862931167706874 9.4262034706771356 11.515153106302021 29.721244188025594 8.9769913721829671 4.8844974804669645 10.616396052995698 4.6155583611689499 7.9177879095077506 2.4701461289077988 9.6799207311123592
leaf_count=62 31 71 29 43 31 91 87 28 15 157 47 34 9 41
internal_value=0.0020479 0.00317964 0.000806718 -0.00145339 0.00163102 -0.013132 0.003909 -0.000733104 -0.00497308 -0.0112034 -0.0179305 0.00401251 -0.0238705 0.0104409
internal_weight=158.286 150.888 126.373 105.799 87.0972 18.7014 78.6288 48.9076 39.4814 22.5866 17.7021 16.8948 13.0865 20.5739
internal_count=776 745 674 604 470 134 408 321 290 228 213 62 166 70
is_linear=0
shrinkage=0.03


Tree=172
num_leaves=15
num_cat=0
split_feature=7 17 17 8 14 30 22 22 18 2 8 5 7 14
split_gain=4.05898 4.93405 4.7102 5.80278 5.45148 5.23042 4.32362 3.7152 3.7304 3.00303 2.46336 5.41094 2.24452 2.18017
threshold=-1.2116099596023557 -0.38846583664417261 -0.33662872016429896 -0.17320114374160764 0.41321270167827612 -0.36370503902435297 1.5112150311470034 1.3669899106025698 -0.44857849180698389 -0.62049487233161915 -0.53406506776809681 -0.41810853779315943 -0.13975095003843305 -0.42578347027301783
decision_type=2 2 2 2 2 2 2 2 2 2 2 2 2 2
left_child=-1 6 12 10 5 13 -2 8 -7 -6 11 -4 -3 -5
right_child=1 2 3 4 9 7 -8 -9 -10 -11 -12 -13 -14 -15
leaf_value=0.018939234917673374 -0.018639978134918099 0.002258559000409372 -0.014937368857198364 0.0096332344257765695 0.012783731115669125 -0.0012217927217540827 0.0082066887163305523 0.0047652269652825614 -0.029979361293451981 -0.0034126896217507655 0.016302638716467414 0.010540613775442664 0.021899354611076515 -0.0080479500143178766
leaf_weight=7.4503748789429656 13.676595009863378 9.7637295275926608 6.6619255887344506 8.6883484823629242 13.703427895903586 5.7296454608440426 4.2780954614281645 3.2267570095136753 13.896733099129053 19.38689897954464 16.83654378913343 16.193009122274816 10.736324867233632 6.738844020292162
leaf_count=15 117 38 41 29 42 19 14 12 184 65 52 62 24 37
internal_value=0.00246839 0.00106136 0.00319259 0.000499967 -0.00454566 -0.0116226 -0.0118489 -0.0194024 -0.0235366 0.00409224 0.00906621 0.00176589 0.0148219 0.00183038
internal_weight=156.967 149.517 131.562 111.062 71.3707 38.2803 17.9547 22.8531 19.6264 33.0903 39.6915 22.8549 20.5001 15.4272
internal_count=751 736 605 543 388 281 131 215 203 107 155 103 62 66
is_linear=0
shrinkage=0.03


Tree=173
num_leaves=15
num_cat=0
split_feature=7 7 14 17 6 14 2 33 26 10 12 19 10 27
split_gain=4.86498 5.22217 4.60207 5.44466 4.0603 3.81215 5.38446 5.40459 4.65474 2.90932 2.67671 2.58042 2.73887 2.41041
threshold=-1.1588338017463682 -0.85851219296455372 -0.12352122738957404 -0.31965644657611841 -0.7223687171936034 0.15498968958854678 -1.5322852730751035 1.1107677668333056 -0.19845880568027494 -0.42929178476333613 0.27343384921550756 -0.35246911644935602 -1.4183717370033262 -0.17372330278158185
decision_type=2 2 2 2 2 2 2 2 2 2 2 2 2 2
left_child=-1 -2 3 9 13 -4 -7 8 -8 -3 -11 -6 -13 -5
right_child=1 2 5 4 11 6 7 -9 -10 10 -12 12 -14 -15
leaf_value=0.016450661990115724 -0.020595291187406096 0.01392801724974684 0.014778182854753373 0.0082323342923239055 -0.00033368731951565969 0.014087773714953586 -0.01142359167933551 -0.020971622174830805 0.0092080333683033661 -0.01482258662565266 0.0066436797707041233 0.0020229922138060605 -0.029219520355710894 -0.010493060699275926
leaf_weight=8.3264562748372537 8.058947944082318 9.4466053172945994 17.246238337829709 8.2160907625220698 4.7126441355794642 12.556040689349173 11.235587768256662 9.0257078967988473 20.09579057246447 5.4310157652944309 6.274082113057375 2.2151669263839677 13.160766881192114 6.650823256000872
leaf_count=22 62 33 50 31 27 35 51 43 61 60 25 7 218 29
internal_value=-0.000903577 -0.00253108 -0.000637566 -0.00672994 -0.0133335 0.00435816 -2.07581e-05 -0.00547936 0.0012555 0.00464594 -0.00477179 -0.0206984 -0.0253266 -0.000677182
internal_weight=142.652 134.326 126.267 56.1072 34.9555 70.1594 52.9131 40.3571 31.3314 21.1517 11.7051 20.0886 15.3759 14.8669
internal_count=754 732 670 430 312 240 190 155 112 118 85 252 225 60
is_linear=0
shrinkage=0.03


Tree=174
num_leaves=14
num_cat=0
split_feature=29 14 28 5 5 11 11 27 14 6 24 1 7
split_gain=5.74447 5.58897 4.41689 3.59092 3.99755 3.78114 3.80223 3.41768 2.45375 3.34181 2.15482 1.28955 0.360118
threshold=-1.2562471628189085 0.87929600477218639 0.58933284878730785 -1.1638368368148801 1.8190764188766482 1.0403763055801394 -1.4442621469497678 -0.091849088668823228 -0.42578347027301783 -0.13125888258218762 1.0000000180025095e-35 -0.31078955531120295 0.62927332520484935
decision_type=2 2 2 2 2 2 2 2 2 2 2 2 2
left_child=7 2 3 -2 5 6 -5 -1 -4 -10 -3 -11 -8
right_child=1 10 8 4 -6 -7 12 -9 9 11 -12 -13 -14
leaf_value=0.00037338007713314788 0.0036732455906592011 0.015247519379774048 0.011254067257427103 0.0045647868550869556 0.0080732815766186294 0.0011497736880706965 -0.024710512446938081 0.019641318341964278 -0.014282780813956508 0.011536226718451958 -0.0011683353014977111 -0.0024417173711183157 -0.007437911568646159
leaf_weight=13.970278907567264 12.445581787731497 15.574666425585749 13.504717214033006 3.6218388611450782 4.2554485248401752 9.2394489198923093 25.163447343278676 16.091874457895756 8.2422022251412272 7.1581442798487815 10.040792685002087 8.8369162436574715 6.9364311452954999
leaf_count=54 45 41 58 20 19 32 270 39 47 35 35 43 32
internal_value=0.00127112 -0.00167569 -0.00492329 -0.0095947 -0.0129791 -0.0155802 -0.0195173 0.0120174 0.00293836 -0.00282729 0.00967289 0.00507135 -0.0224835
internal_weight=155.082 125.02 99.4042 61.6622 49.2166 44.9612 35.7217 30.0622 37.742 24.2373 25.6155 15.9951 32.0999
internal_count=770 677 601 418 373 354 322 93 183 125 76 78 302
is_linear=0
shrinkage=0.03


Tree=175
num_leaves=15
num_cat=0
split_feature=25 15 22 20 13 9 1 25 29 22 12 27 3 11
split_gain=4.4231 4.5476 4.42587 5.67547 4.56576 4.05286 3.28256 2.82845 2.56676 3.58817 2.24477 1.05899 0.814176 0.783257
threshold=-1.2152553200721739 1.0000000180025095e-35 0.064371716231107726 0.19496768712997439 1.9486086368560793 -0.8795732557773589 -0.19237581640481946 -0.32695157825946802 -0.057339081540703767 0.9079522192478181 -0.69698849320411671 0.56460842490196239 0.11917744576931001 0.38948015868663793
decision_type=2 2 2 2 2 2 2 2 2 2 2 2 2 2
left_child=-1 2 3 4 5 -2 -5 -7 -4 -10 -3 -9 -11 -8
right_child=1 10 8 6 -6 7 13 11 9 12 -12 -13 -14 -15
leaf_value=0.012638225822152464 0.003452557016159593 -2.7988075940266808e-05 0.014395648753026142 0.01317833098752891 0.011407322028524798 -0.003344579008472869 0.002001309028891412 -0.028158984700940026 -0.010253836133642129 0.012632203421519715 -0.021816158399518441 -0.0011671253423643174 0.00050305957134226574 -0.0089623367212582558
leaf_weight=22.09835110232234 7.0348868090659371 6.4993361942470074 22.15756007283926 15.961664909496905 3.3305184915661803 8.7425841214135307 8.4142380841076356 13.711919355671855 10.200314334826546 10.119980077259244 7.3991200774908048 1.8851680997759093 8.0700275301933271 7.2564803436398497
leaf_count=65 31 28 58 47 9 52 28 247 63 40 34 12 30 33
internal_value=0.00160389 -0.000657285 0.00148971 -0.00351973 -0.0111907 -0.0148279 0.00527509 -0.0197994 0.00778901 0.00124923 -0.0143304 -0.0259719 0.00851978 -0.00401537
internal_weight=152.882 130.784 116.885 66.3375 34.7051 31.3746 31.6324 24.3397 50.5479 28.3903 13.8985 15.5971 18.19 15.6707
internal_count=777 712 650 459 351 342 108 311 191 133 62 259 70 61
is_linear=0
shrinkage=0.03


Tree=176
num_leaves=15
num_cat=0
split_feature=14 7 39 19 9 17 18 55 14 11 4 1 6 9
split_gain=5.26956 5.17387 3.37665 3.27798 3.21871 4.36205 3.6073 6.69503 2.99507 3.01417 2.23888 2.21167 1.46504 1.04659
threshold=-0.12352122738957404 -0.6649995446205138 1.0000000180025095e-35 0.069653369486331954 -1.0000930130481718 0.06212477199733258 0.402777910232544 1.0000000180025095e-35 -0.42578347027301783 -0.76706612110137928 -0.048775855451822274 1.0000000180025095e-35 -1.16570109128952 -0.035935074090957635
decision_type=2 2 2 2 2 2 2 2 2 2 2 2 2 2
left_child=1 11 13 -4 -2 6 7 10 -5 -10 -6 -1 -11 -3
right_child=4 2 3 8 5 -7 -8 -9 9 12 -12 -13 -14 -15
leaf_value=-0.0042029226994804133 0.016800925844534485 -0.025582242636758457 -0.016164480223189399 0.0096049170971138111 -0.00334807141193097 0.011554239886384099 0.007126810415494695 0.010950583638547702 0.0098599653360321483 0.0029111221493826867 -0.023095249653149574 0.012965140627321299 -0.02059156543623358 -0.0044676609382086818
leaf_weight=8.343949203379454 12.966440215706823 8.9190893364138883 7.9316494232043651 14.368614995852115 10.250563219189646 23.584884248673916 15.64466981217265 7.5278714746236792 2.0896265963092455 1.6626746328547604 12.003276769071819 11.140208449214695 5.2380537593271548 5.4474279349669805
leaf_count=66 34 69 62 55 42 68 47 21 10 7 62 34 143 33
internal_value=0.000516664 -0.00561863 -0.0108035 -0.00398223 0.00543464 0.0023083 -0.00316177 -0.00881404 0.00227497 -0.00868586 -0.0162823 0.00625615 -0.0160849 -0.0207966
internal_weight=147.119 65.1413 45.6571 31.2906 81.9777 69.0113 45.4264 29.7817 23.359 8.99035 22.2538 19.4842 6.90073 14.3665
internal_count=753 479 379 277 274 240 172 125 215 160 104 100 150 102
is_linear=0
shrinkage=0.03


Tree=177
num_leaves=15
num_cat=0
split_feature=16 27 0 26 27 1 0 21 5 16 23 16 26 26
split_gain=4.04417 3.37196 5.10345 5.24632 4.84046 4.66731 4.43188 4.40593 4.87496 3.78441 2.48929 3.54441 1.80239 1.66293
threshold=1.7117131948471072 -0.075719472020864473 0.11180475258152002 0.85657328367233287 -0.20706084370613095 -0.19237581640481946 1.0938091874122622 -0.23194614052772519 -0.023311187280341979 -1.2464472055435178 -0.38448172807693476 -0.95814400911331166 0.85657328367233287 -0.57133942842483509
decision_type=2 2 2 2 2 2 2 2 2 2 2 2 2 2
left_child=1 4 3 -3 6 12 7 -1 10 -10 13 -12 -4 -9
right_child=-2 2 5 -5 -6 -7 -8 8 9 -11 11 -13 -14 -15
leaf_value=0.01162461325729401 -0.011893864755577738 0.023634431145644938 -0.0019468803106404082 -0.0014201771353079316 -0.016030134195223367 -0.011442411914512621 0.015113900892598205 -0.0021228741771456309 0.0055788568416620648 -0.023960386123275189 0.0070639160169292227 -0.017660936201892217 0.013942680220165329 0.014887567891581457
leaf_weight=11.744845214299856 12.194480713456867 20.230950267985467 8.501309225335719 9.9454752840101701 10.298632976599036 13.482383104041217 13.771474905777721 6.70727505814284 3.0009530670940796 11.266569922911016 5.9342479296028614 6.1940448731183917 12.242177812382577 8.1620160825550574
leaf_count=40 51 53 38 38 54 61 49 39 12 161 21 86 35 24
internal_value=0.0019654 0.00352515 0.00832433 0.0163488 -0.000747503 6.71419e-05 0.00256172 -0.00172085 -0.00636502 -0.0179119 0.00158258 -0.00703273 0.00831732 0.00861114
internal_weight=153.677 141.482 64.4023 30.1764 77.0801 34.2259 66.7814 53.01 41.2651 14.2675 26.9976 12.1283 20.7435 14.8693
internal_count=762 711 225 91 486 134 432 383 343 173 170 107 73 63
is_linear=0
shrinkage=0.03


Tree=178
num_leaves=15
num_cat=0
split_feature=9 17 16 54 70 2 9 9 1 7 23 6 18 6
split_gain=3.82416 4.23744 4.19276 4.05263 3.52017 4.06473 3.64516 4.62423 5.60771 2.77902 2.05218 1.77719 1.73945 1.52777
threshold=-1.0000930130481718 0.020126533228904012 0.75342202186584484 1.0000000180025095e-35 1.0000000180025095e-35 0.83836981654167186 0.044411420822143562 0.28545089066028601 1.3470027446746828 0.62927332520484935 -0.19555450603365895 -1.0918123722076414 -0.20476790517568585 -0.35292506217956537
decision_type=2 2 2 2 2 2 2 2 2 2 2 2 2 2
left_child=12 3 13 10 -5 6 9 -8 -9 11 -2 -6 -1 -3
right_child=1 2 -4 4 5 -7 7 8 -10 -11 -12 -13 -14 -15
leaf_value=0.01683153369378243 0.015397334919665863 0.002389887700141223 -0.0067259605535117655 0.0072975795357727814 -0.0014082863347840667 0.0070831179279881506 0.013801191389507588 -0.02021601104639436 0.0095545359504646179 -0.0024048350294630472 -0.0025337598437957377 -0.024998932155073834 0.00039801299985125235 0.017526777155283585
leaf_weight=12.150094933807852 7.2156017608940592 11.133435860276222 11.340035021305082 8.6445282581262273 3.8988214507698968 7.6577087671030304 6.0774896498769548 10.394111723639069 5.3087723553180686 9.5268405638635141 8.5740703651681525 22.718931079842157 9.1306606121361238 15.071595251560211
leaf_count=35 19 35 41 39 19 68 22 91 18 34 45 213 37 41
internal_value=0.000763209 -0.00133426 0.00659172 -0.00481301 -0.00771215 -0.0100674 -0.0127174 -0.00223408 -0.0102745 -0.0179953 0.00739282 -0.0223126 0.0111978 0.0125091
internal_weight=148.843 127.562 37.5451 90.0169 74.2272 65.5827 57.925 21.7804 15.7029 36.1446 15.7897 26.6178 21.2808 26.205
internal_count=757 685 117 568 504 465 397 131 109 266 64 232 72 76
is_linear=0
shrinkage=0.03


Tree=179
num_leaves=14
num_cat=0
split_feature=32 29 4 4 16 30 16 20 4 7 2 7 6
split_gain=5.47396 4.98542 3.36551 4.51819 6.76059 4.12046 4.06094 2.50921 5.24434 2.25656 1.62939 1.89467 0.410929
threshold=1.0000000180025095e-35 -1.5168793201446531 -1.6849344968795774 0.54619091749191295 -1.3799730539321897 0.42773994803428655 -0.24390887469053266 -0.68904364109039296 0.34786868095397955 -0.13975095003843305 -1.5322852730751035 -1.0268933773040769 -0.057370150461792939
decision_type=2 2 2 2 2 2 2 2 2 2 2 2 2
left_child=7 -2 -3 4 -4 10 -5 -1 12 -8 -6 -12 -9
right_child=1 2 3 6 5 -7 9 8 -10 -11 11 -13 -14
leaf_value=-0.0026355589646023313 0.011321119494639055 0.012049848256704816 0.010547102140989762 -0.010885812501940931 -0.00069283085820825334 -0.0026431306589652301 -0.0036215745006774225 0.020293071330676093 -0.0035108315648290753 0.015139383862898915 -0.001355589384265382 -0.029107803998199958 0.0080256260419314957
leaf_weight=12.319310955703257 14.080252539366482 4.2726046205498269 5.849329996854066 9.6648115236312169 2.7583043873310045 13.221439104992895 6.2797057884745344 20.932174734771248 13.539414079859851 12.010075256228443 3.0002800691872826 18.570215311832737 14.041929613798859
leaf_count=48 40 13 20 52 9 58 59 51 53 33 18 263 48
internal_value=0.00203857 -0.00265296 -0.00579539 -0.00758304 -0.0131412 -0.017637 0.00173067 0.00863296 0.0114733 0.0093033 -0.0239457 -0.0262292 0.0169877
internal_weight=150.54 89.707 75.6268 71.3542 43.3996 37.5502 27.9546 60.8328 48.5135 18.2898 24.3288 21.5705 34.9741
internal_count=765 565 525 512 368 348 144 200 152 92 290 281 99
is_linear=0
shrinkage=0.03


Tree=180
num_leaves=15
num_cat=0
split_feature=11 74 20 0 9 9 17 4 19 20 4 0 2 9
split_gain=4.29625 5.41665 3.95205 4.23452 9.00233 6.58714 5.13153 4.33079 4.4366 3.25538 2.68734 1.5275 1.36873 1.13688
threshold=-0.58850049972534169 1.0000000180025095e-35 -0.67124474048614491 1.0000000180025095e-35 -0.91974651813507069 -0.43766753375530237 0.23418439179658893 1.0000000180025095e-35 0.28258453309535986 -0.12541225180029866 0.39744924008846289 1.0938091874122622 0.10893747303634883 -0.056021699681878083
decision_type=2 2 2 2 2 2 2 2 2 2 2 2 2 2
left_child=1 -1 10 5 -5 -4 7 8 -6 -3 13 -9 -7 -2
right_child=2 9 3 4 6 12 -8 11 -10 -11 -12 -13 -14 -15
leaf_value=0.0077807056898424338 -0.005508544090171116 -0.024799854051420853 -0.011385480582756199 0.013474456871476513 -0.018428427173794466 0.019848954302657065 0.0045287479463413452 -0.029106697296222488 0.0065509281735989817 -0.00084825800919421273 0.019668625986164777 -0.0040970630677474784 0.0026461834169348819 0.0076817252470613795
leaf_weight=7.694377206265929 7.102333702147007 11.980273312889043 7.8381146937608746 12.794943679124115 5.6532792579382685 13.671867035096513 11.533192776143549 13.756781283300372 11.666524633765219 7.8261091243475649 11.405478022992609 4.5748670320026568 7.5912486936431369 6.561701927334072
leaf_count=25 36 127 38 36 98 38 37 109 34 31 28 22 69 28
internal_value=-0.000602078 -0.0102526 0.00205557 -0.00106184 -0.0055043 0.0075589 -0.0114487 -0.0165386 -0.00390424 -0.0174144 0.0114675 -0.0250808 0.0153803 0.00118664
internal_weight=141.651 27.5008 114.15 89.0808 59.9796 29.1012 47.1846 35.6515 17.3198 19.8064 25.0695 18.3316 21.2631 13.664
internal_count=756 183 573 481 336 145 300 263 132 158 92 131 107 64
is_linear=0
shrinkage=0.03


Tree=181
num_leaves=15
num_cat=0
split_feature=29 2 47 30 17 0 28 1 32 27 5 27 27 28
split_gain=3.47634 2.84854 3.05306 4.89888 4.9738 3.97013 5.89634 3.78889 10.4593 3.51662 2.27457 1.7527 1.6344 1.22965
threshold=-1.9860172271728513 -1.5322852730751035 1.0000000180025095e-35 -0.31242194771766657 0.38037602603435522 0.11180475258152002 0.72555354237556469 -0.42920328676700586 1.0000000180025095e-35 0.81238943338394176 -1.2077032327651975 -0.091849088668823228 -0.41462284326553339 1.0320501327514651
decision_type=2 2 2 2 2 2 2 2 2 2 2 2 2 2
left_child=-1 -2 -3 5 7 11 9 8 -5 12 -9 -4 -7 -8
right_child=1 2 3 4 -6 6 13 10 -10 -11 -12 -13 -14 -15
leaf_value=0.016049689562400885 0.010135746926474929 0.011678704035105769 0.0010950417964053856 0.016170392572119281 0.0059177485440688408 -0.0012243857213785803 0.015196483889015629 0.00028085443489213107 -0.021173487058024139 0.0047597177908144331 -0.022661178966322328 0.017458081095613736 -0.023821846745472251 -0.00064613452443491501
leaf_weight=9.3015461415052396 18.290778279304504 9.7007547598332149 9.8779316954314726 9.5425467677414435 13.039844572544096 4.2957860911265007 7.6447042142972332 4.3982915463857308 7.6183874865528116 5.5716062784194937 22.138065217761337 12.763631053268908 9.5695522371679562 6.167882340028882
leaf_count=21 54 31 61 26 40 28 27 16 110 19 179 35 67 46
internal_value=0.00195519 0.000503815 -0.00127782 -0.00284277 -0.00870792 0.00333731 -0.00322091 -0.0132319 -0.00144473 -0.0126095 -0.019417 0.0118087 -0.0190007 0.0098306
internal_weight=149.921 140.62 122.329 112.628 56.7371 55.8911 33.2495 43.6973 17.1609 19.4369 26.5364 22.6416 13.8653 13.8126
internal_count=760 739 685 654 371 283 187 331 136 114 195 96 95 73
is_linear=0
shrinkage=0.03


Tree=182
num_leaves=15
num_cat=0
split_feature=0 19 32 22 1 20 70 20 6 8 8 19 20 1
split_gain=5.02468 3.56228 3.9902 4.16354 6.54563 4.1489 4.85285 3.73318 2.99328 2.946 2.89692 2.77924 1.78411 1.77364
threshold=-1.7491278648376463 -2.2536536455154415 1.0000000180025095e-35 0.064371716231107726 0.51810656487941753 -0.62378105521202076 1.0000000180025095e-35 -0.68904364109039296 -0.79625746607780445 1.5435099601745608 0.894789218902588 0.68481943011283886 1.476487457752228 0.39969284832477575
decision_type=2 2 2 2 2 2 2 2 2 2 2 2 2 2
left_child=-1 -2 7 5 8 -4 -7 -3 -5 12 13 -10 -8 -9
right_child=1 2 3 4 -6 6 9 10 11 -11 -12 -13 -14 -15
leaf_value=-0.016407419338670525 0.018674350424048997 -0.0067124978487886431 0.0044731864044054758 0.0069569208303806246 0.01716672347523485 0.0095558609935626308 -0.026225088699214517 0.017870195029896337 -0.021934402550373617 0.00082001828393067785 -0.0030802949620630385 0.0018165174727499853 -0.0027784784595436137 0.0023936641987814672
leaf_weight=7.5729952398687592 7.617744291201233 9.8496938124299032 13.623470343649386 6.7085519433021554 15.121675897389649 3.7304790560156134 15.925172800663864 27.110742816701531 6.4764666089322418 5.6990278474986544 8.8383917510509473 6.0732718333601952 4.8921044021844855 10.585693547502158
leaf_count=56 20 42 79 22 44 16 219 83 62 19 31 18 17 37
internal_value=0.00189043 0.00338858 0.00188598 -0.0024682 0.00495846 -0.00820013 -0.0137331 0.00763755 -0.00619001 -0.0180058 0.0110315 -0.0131976 -0.0223203 0.0143134
internal_weight=149.825 142.252 134.635 78.2502 34.38 43.8703 30.2468 56.3845 19.2583 26.5163 46.5348 12.5497 20.8173 37.6964
internal_count=765 709 689 496 146 350 271 193 102 255 151 80 236 120
is_linear=0
shrinkage=0.03


Tree=183
num_leaves=15
num_cat=0
split_feature=9 2 19 17 16 12 24 1 0 37 33 2 9 1
split_gain=5.04362 4.65687 3.39179 3.48407 5.91635 2.77604 3.5454 3.47579 2.2972 2.00782 1.8664 1.26182 2.51458 1.30598
threshold=0.4260572642087937 0.83836981654167186 -2.5477769374847408 -0.38846583664417261 -0.95814400911331166 1.6023054718971255 0.67732498049736034 1.3470027446746828 1.0938091874122622 1.0000000180025095e-35 1.1107677668333056 0.29129555821418768 -0.29706119000911707 -0.19237581640481946
decision_type=2 2 2 2 2 2 2 2 2 2 2 2 2 2
left_child=2 8 -1 4 -4 6 7 10 9 -2 11 -5 -13 -14
right_child=1 -3 3 5 -6 -7 -8 -9 -10 -11 -12 12 13 -15
leaf_value=0.021124720857854259 -0.0010194657064760799 0.0095621407491085879 0.011356596226654308 0.015879998551061102 -0.021008466406324554 -0.0078117208121683502 -0.0064718830261539552 -0.0040617182208321579 0.0015910161685302223 -0.024960495681388355 0.00065271169481852893 0.012340460367242314 -0.014108599512435656 0.0040924385042715042
leaf_weight=5.8287320360541335 4.5487143602222249 5.8050138922408214 4.365139739587903 43.940339950611815 7.8517703497782332 9.239113047719 12.286624260246752 13.208751165773718 5.0593817718327037 10.010752020403743 12.776348466519265 7.8239787723869085 3.2535589572507888 3.1612497637979668
leaf_count=12 26 28 16 150 67 36 59 51 18 80 57 27 73 43
internal_value=0.00238028 -0.00871312 0.00490951 0.00328114 -0.0095046 0.00512164 0.00668448 0.00886032 -0.0149644 -0.0196534 0.0113749 0.0134915 0.00390914 -0.00727535
internal_weight=149.159 25.4239 123.736 117.907 12.2169 105.69 96.4509 84.1642 19.6188 14.5595 70.9555 58.1791 14.2388 6.41481
internal_count=743 152 591 579 83 496 460 401 124 106 350 293 143 116
is_linear=0
shrinkage=0.03


Tree=184
num_leaves=15
num_cat=0
split_feature=0 12 11 14 9 4 32 9 22 0 6 12 6 4
split_gain=3.6206 3.1265 4.6937 4.44782 2.94535 3.0227 4.91517 4.93082 3.97339 3.15563 3.13172 2.25282 2.04075 1.24325
threshold=-1.7491278648376463 1.6023054718971255 1.0403763055801394 -0.93377065658569325 1.3902152180671694 0.39744924008846289 1.0000000180025095e-35 -0.19662806391716001 1.0457385182380678 0.32118908315896993 -0.13125888258218762 0.073214674368500723 -0.7223687171936034 -0.34625926613807673
decision_type=2 2 2 2 2 2 2 2 2 2 2 2 2 2
left_child=-1 2 3 -2 5 6 11 9 -9 13 12 -5 -7 -8
right_child=1 -3 -4 4 -6 10 7 8 -10 -11 -12 -13 -14 -15
leaf_value=-0.012768484221007462 -0.01377462680371983 -0.0087643527365510992 0.018503115308544576 0.015267475645205152 -0.010699077699642021 0.0088947521547565588 -0.011497467822558527 -0.024907528642827321 0.0046752641445895792 0.014487269980104987 0.017797550617583924 -0.00063433261996046094 -0.0080659326243502812 0.0031658589176738528
leaf_weight=8.1703486554324609 8.5062674945220333 11.796446517109869 15.248632945120333 17.46247350610793 6.0363904787227503 8.1619583982974273 6.4144293386489162 9.3317370307631844 3.787070174701511 7.5334600508213034 23.619337434647605 11.870519939810036 7.4349307846277943 6.4546970035880742
leaf_count=60 64 49 41 52 47 24 40 157 18 20 95 37 36 30
internal_value=0.00245014 0.00371602 0.00511192 0.00267211 0.00451792 0.00587544 0.00151737 -0.00595211 -0.0174342 0.0034092 0.011899 0.0096771 0.000814348 -0.00531493
internal_weight=151.829 143.658 131.862 116.613 108.107 102.071 62.8544 33.5214 13.1188 20.4026 39.2162 29.333 15.5969 12.8691
internal_count=770 710 661 620 556 509 354 265 175 90 155 89 60 70
is_linear=0
shrinkage=0.03


Tree=185
num_leaves=15
num_cat=0
split_feature=0 0 9 38 23 10 11 23 25 18 9 25 13 9
split_gain=6.33897 3.95231 5.52421 3.66767 3.24333 3.01295 5.12251 3.23906 2.56462 2.51142 2.47154 2.12986 1.64846 2.196
threshold=-1.7491278648376463 1.0000000180025095e-35 -0.7992267608642577 1.0000000180025095e-35 -1.3291178345680235 -1.4183717370033262 -0.18475090712308881 1.1269360780715945 0.8574533760547639 -0.44857849180698389 -0.43766753375530237 -0.32695157825946802 1.3188772797584536 -0.37740768492221827
decision_type=2 2 2 2 2 2 2 2 2 2 2 2 2 2
left_child=-1 10 11 4 -4 -6 9 8 12 -7 -2 -3 13 -8
right_child=1 2 3 -5 5 6 7 -9 -10 -11 -12 -13 -14 -15
leaf_value=-0.01931620827230765 -0.0010461564974165827 0.018703335362936769 0.0078413239348756551 0.0075495973590270328 0.0063408945412307032 0.009875602396705865 -0.0043692184230989797 0.0021474384833701046 -0.0023703119963817162 -0.0078999373708095559 0.014598282720303196 0.0012291088294572783 -0.0019306115082463762 -0.034863315354576478
leaf_weight=7.3484895243309429 11.599099384620784 10.642374932765962 7.2670274674892417 14.897986019030212 6.0510543435811988 8.2236189534887689 4.2376873306930127 4.6495097652077666 5.7462917026132336 10.58958822768181 28.509549090871587 11.74631538800895 2.8791038691997519 12.258561492431918
leaf_count=61 50 28 26 59 17 40 18 15 25 70 129 48 11 166
internal_value=0.00137388 0.00309686 -0.000239438 -0.00413316 -0.00729893 -0.00980132 -0.0122159 -0.0190392 -0.022666 0.000312198 0.0104596 0.0114335 -0.0269643 -0.0298681
internal_weight=146.646 139.298 99.1891 76.8004 61.9024 54.6354 48.5844 29.7712 25.1216 18.8132 40.1086 22.3887 19.3754 16.4962
internal_count=763 702 523 447 388 362 345 235 220 110 179 76 195 184
is_linear=0
shrinkage=0.03


Tree=186
num_leaves=15
num_cat=0
split_feature=4 18 2 16 16 18 4 25 6 17 16 26 1 5
split_gain=3.33008 4.88767 5.00551 4.93931 3.86604 3.22493 3.00461 2.89581 2.0958 2.27992 1.95957 1.74516 1.73896 0.945477
threshold=0.69493263959884655 -0.36572434008121485 -0.25577870011329645 0.095816075801849379 -0.51455947756767262 0.2573979794979096 -0.64374265074729908 -0.62305282056331623 -0.57459124922752369 -0.022812069393694397 -0.48878046870231623 0.66395565867424022 -0.073962084949016557 -0.9445049762725829
decision_type=2 2 2 2 2 2 2 2 2 2 2 2 2 2
left_child=1 8 5 6 -2 -3 13 -5 -1 10 -10 -6 -12 -4
right_child=4 2 3 7 11 -7 -8 -9 9 -11 12 -13 -14 -15
leaf_value=0.014300834184363993 -0.0038025522619762882 0.011462241282131158 0.004900210378695328 -0.010669674367287012 0.018613262547625829 -0.0069044297765596093 -0.027424601031017633 0.0086761450168774748 0.0046898881743122154 0.012120402403050328 0.0014915827481800717 0.00076890848175813447 -0.018081401060830934 -0.008842361628977875
leaf_weight=15.519944954663513 11.880348095670341 16.093568328768018 3.3870688700117171 7.2520693987607983 19.971212719567124 10.237838681787251 12.097572008147834 11.142692117020486 10.090417731553318 6.8482907786965397 5.6287957923486838 6.7007595002651206 5.2362517733126852 6.3683131430298108
leaf_count=47 52 54 15 30 88 40 166 47 40 16 39 26 33 74
internal_value=0.00238367 -0.000381348 -0.00534257 -0.0114699 0.00940488 0.00435892 -0.0196745 0.000398839 0.00700689 0.00137626 -0.00379341 0.0149594 -0.010667 -0.0040273
internal_weight=148.455 109.903 66.5791 40.2477 38.5523 26.3314 21.853 18.3948 43.3237 27.8038 20.9555 26.672 10.865 9.75538
internal_count=767 601 426 332 166 94 255 77 175 128 112 114 72 89
is_linear=0
shrinkage=0.03


Tree=187
num_leaves=15
num_cat=0
split_feature=7 16 12 19 27 2 68 15 4 2 20 23 1 5
split_gain=5.04029 3.9962 3.83982 3.99162 6.22751 6.06739 4.59798 4.25369 3.93326 3.56544 2.67842 1.00236 0.757724 1.0619
threshold=-1.1098272800445554 -1.6151411533355711 1.6839411258697512 0.045182067900896079 -0.075719472020864473 0.10893747303634883 1.0000000180025095e-35 -0.1107279136776924 0.94283545017242443 0.47365364432334905 -0.19660779088735578 -0.9512633979320525 1.3470027446746828 -0.06717756018042563
decision_type=2 2 2 2 2 2 2 2 2 2 2 2 2 2
left_child=-1 -2 3 4 6 7 -3 12 10 -6 11 -7 13 -5
right_child=1 2 -4 5 9 8 -8 -9 -10 -11 -12 -13 -14 -15
leaf_value=0.018151559687681753 -0.017747877091450759 0.0041617236025892415 -0.013766221638094604 0.020205637887012545 -0.0046873333510937991 0.00051838126394596507 -0.023306812147954263 -0.0050695844598001609 0.011101815943189101 0.01571535220610237 -0.00045451380012597446 -0.022634442718690442 0.0040637098916628351 0.0064254345493847832
leaf_weight=9.8315528305247408 5.8629121519625178 6.0100535200908789 9.1467745415866357 25.416522805579003 12.269566655158998 1.7006735373288373 12.771867748349905 9.1403347179293615 6.2258437001146367 10.034013252705334 13.136041376739744 7.0376318953931349 9.1107323383912426 13.722503748256715
leaf_count=27 34 28 43 71 55 13 98 34 35 33 46 170 30 57
internal_value=0.00151224 -0.000222908 0.00113783 0.00269705 -0.00462332 0.00627619 -0.0154901 0.011549 -0.00461047 0.00568851 -0.010316 -0.0195797 0.0148776 0.0166493
internal_weight=151.417 141.585 135.723 126.576 41.0855 85.4903 18.7819 57.3901 28.1002 22.3036 21.8743 8.73831 48.2498 39.139
internal_count=774 747 713 670 214 456 126 192 264 88 229 183 158 128
is_linear=0
shrinkage=0.03


Tree=188
num_leaves=15
num_cat=0
split_feature=33 19 11 5 6 6 4 20 14 17 12 5 30 11
split_gain=3.22525 5.75265 3.988 3.74067 2.96316 7.75852 7.68776 2.49893 2.44917 2.74605 2.87345 2.37454 2.10765 1.22643
threshold=1.1107677668333056 -0.82727140188217152 0.79731348156929027 1.1610808372497561 -0.13125888258218762 -0.64847996830940235 0.14954640716314319 0.49161577224731451 -0.7562313675880431 -0.38846583664417261 1.4915068149566653 -0.63744038343429554 0.22200885415077212 -0.18475090712308881
decision_type=2 2 2 2 2 2 2 2 2 2 2 2 2 2
left_child=3 -2 -3 4 5 7 -7 12 -6 -10 11 -11 13 -1
right_child=1 2 -4 -5 8 6 -8 -9 9 10 -12 -13 -14 -15
leaf_value=0.0035679461474909697 0.0082031291324191451 -0.022262146711148539 0.0031194675915792816 -0.010104735962026854 -0.0052194991812258354 0.0056018883425686195 -0.027906303789978933 0.015933659140070583 -0.0049734307381672435 0.0018899447693131993 -0.0022538135737500522 0.02121635510765613 0.010387352194128216 -0.010923201612813155
leaf_weight=5.6267733946442595 12.436968902125956 12.585853331023829 6.5389856398105612 9.9159825455863011 5.0683111017569891 8.7835760693997162 8.495771777816115 15.614676177501677 4.6997964028269044 8.104132110951463 6.3625865317881098 29.637366165407006 7.4527392759919158 7.965711664408448
leaf_count=32 46 83 19 71 33 39 55 41 34 48 23 175 19 43
internal_value=0.00210487 -0.00581114 -0.014736 0.00437738 0.0060982 0.000928139 -0.0134386 0.00849995 0.0107562 0.0127462 0.0149486 0.017773 0.000984429 -0.00557813
internal_weight=149.289 31.5618 19.1248 117.727 107.811 53.9392 17.2793 36.6599 53.8722 48.8039 44.1041 37.7415 21.0452 13.5925
internal_count=761 148 102 613 542 229 94 135 313 280 246 223 94 75
is_linear=0
shrinkage=0.03


Tree=189
num_leaves=15
num_cat=0
split_feature=12 7 8 10 28 1 1 4 4 2 8 0 8 30
split_gain=4.18604 2.55073 7.05827 3.6722 3.02209 2.56254 4.04286 2.70328 2.55741 1.65652 1.58526 1.0508 1.04695 0.993241
threshold=-1.3154324889183042 -0.13975095003843305 -0.17320114374160764 0.36197219789028173 -0.67070868611335743 -0.19237581640481946 0.87334778904914867 -0.49500095844268793 0.050385277718305595 -0.80285295844078053 0.5297534465789796 -0.74602970480918873 0.87810188531875621 -0.7494315207004546
decision_type=2 2 2 2 2 2 2 2 2 2 2 2 2 2
left_child=-1 2 3 4 -2 7 8 -3 -7 -4 -8 -11 -9 -5
right_child=1 5 9 13 -6 6 10 12 -10 11 -12 -13 -14 -15
leaf_value=-0.015012568424288849 -0.0046147434696700669 -0.0018056323769596197 -0.00074101526432881744 0.0019650492925872044 0.012997847070503079 0.003846536333813896 0.014672186252821885 0.018868449695881744 -0.016883487212369597 -0.00038144313696558137 -0.00077278488403817675 -0.023759945662021158 0.0049686176303216133 -0.014127121929619815
leaf_weight=7.0895145917311302 8.8786902762949413 9.6485929070040566 5.4862773939967182 3.5864661606028676 29.601915310136977 6.2437496036291114 10.257819272577764 20.600783959496766 8.7596292560920102 2.1763750808313498 9.0535378828644735 8.4092856189236009 11.745988970622419 5.163955547846852
leaf_count=53 35 45 20 21 117 24 29 69 48 30 34 139 38 46
internal_value=0.0020575 0.00341341 -0.00102664 0.00495853 0.00887071 0.00693328 0.000609038 0.0114863 -0.00945145 -0.0156185 0.00876155 -0.0206178 0.015162 -0.00921533
internal_weight=146.703 139.613 63.303 47.231 38.4806 76.3101 34.3147 41.9954 15.0034 16.0719 19.3114 10.5857 32.3468 8.75042
internal_count=748 695 408 219 152 287 135 152 72 189 63 169 107 67
is_linear=0
shrinkage=0.03


Tree=190
num_leaves=15
num_cat=0
split_feature=7 11 23 25 10 8 8 68 13 8 24 25 23 32
split_gain=3.33529 3.19342 4.20905 6.07263 2.80108 3.32872 7.12342 5.14193 5.09463 5.03545 2.20569 2.11693 1.87674 0.899513
threshold=-1.2116099596023557 0.35644546151161199 -0.19555450603365895 0.26525090634822851 0.75760418176651012 0.3357630074024201 -0.17320114374160764 1.0000000180025095e-35 0.51167848706245433 -0.84069511294364918 1.0000000180025095e-35 -0.32695157825946802 1.3158632516860964 1.0000000180025095e-35
decision_type=2 2 2 2 2 2 2 2 2 2 2 2 2 2
left_child=-1 4 3 -3 5 6 9 -7 12 13 -9 -4 -8 -2
right_child=1 2 11 -5 -6 7 8 10 -10 -11 -12 -13 -14 -15
leaf_value=0.016755154563081999 0.00028544267845346074 -0.015717791933703134 0.017462209388327252 0.009672557223513718 -0.015651870357278639 0.020822760065354322 -0.028690265029873575 -0.010339463798579987 0.0056498807550953772 0.012144341844356031 0.0065854589230940758 0.0024012765137756595 -0.0007107249033708777 -0.016331286264726103
leaf_weight=7.1327321082353583 4.0395636111497879 12.347380422055723 18.101790577173233 11.934917619451879 9.1360320691019279 8.4992908798158187 11.347188196261419 10.048123992979528 4.5121393948793402 18.261777658481147 8.2742370003834349 16.084950566291809 2.7837608009576789 4.2786431238055247
leaf_count=16 14 59 50 39 66 20 214 43 13 78 37 55 13 55
internal_value=0.00166609 0.000342879 0.00543857 -0.00371756 -0.0034298 -0.000964736 -0.00571944 0.00669104 -0.0177978 0.00422885 -0.00292306 0.0115865 -0.0248047 -0.0111841
internal_weight=146.783 139.65 58.469 24.2823 81.1808 72.0447 45.2231 26.8217 18.6431 26.58 18.3224 34.1867 14.1309 8.31821
internal_count=772 756 203 98 553 487 387 100 240 147 80 105 227 69
is_linear=0
shrinkage=0.03


Tree=191
num_leaves=15
num_cat=0
split_feature=2 30 6 9 30 10 18 63 10 30 39 30 3 6
split_gain=4.16333 3.66099 4.93986 4.98117 4.55691 2.87094 2.41181 1.99463 2.42455 2.17783 2.84351 2.62249 0.426006 0.167008
threshold=-1.3499271869659422 -0.31242194771766657 -0.64847996830940235 -0.91974651813507069 2.3102912902832036 1.0000000180025095e-35 1.3260983824729922 1.0000000180025095e-35 0.36197219789028173 -0.55039921402931202 1.0000000180025095e-35 -0.69121086597442616 -0.24481490254402158 -0.057370150461792939
decision_type=2 2 2 2 2 2 2 2 2 2 2 2 2 2
left_child=13 7 5 -4 6 -3 -5 8 -2 10 -9 -12 -11 -1
right_child=1 2 3 4 -6 -7 -8 9 -10 12 11 -13 -14 -15
leaf_value=0.0051196281119492504 -0.014210877124643511 0.010911345712468677 0.0056551990082392752 -0.024366252568633603 0.0034152737506477726 -0.0074914632052933408 0.0010374357213970716 -0.011988016373652748 0.0072594951514124628 0.017033503364838141 0.011923204077850228 -0.0066879877612763235 0.004912108354247274 0.015053576397552971
leaf_weight=10.386052675545217 6.0806452832184714 15.673032183200123 9.2691315449774248 22.689619509619664 6.8623251691460601 7.7644112054258576 3.3760826215147963 6.2926277443766585 4.1863981001079082 9.7235880913212913 14.682333686389031 6.4900384461507192 10.119748840108516 10.224019825458525
leaf_count=31 48 45 34 253 21 40 13 34 24 34 74 39 41 32
internal_value=0.00100686 -0.00123318 -0.00587316 -0.011543 -0.0164915 0.00456956 -0.0214385 0.00410293 -0.00594595 0.00664367 0.000691669 0.00603045 0.0130846 0.0120244
internal_weight=143.82 123.21 65.6346 42.1972 32.928 23.4374 26.0657 57.5754 10.267 47.3083 27.465 21.1724 19.8433 20.6101
internal_count=763 700 406 321 287 85 266 294 72 222 147 113 75 63
is_linear=0
shrinkage=0.03


Tree=192
num_leaves=15
num_cat=0
split_feature=14 17 9 5 8 27 22 20 27 8 7 18 9 1
split_gain=4.10977 4.04743 4.20573 3.13019 3.60162 3.75246 4.77967 4.13537 3.46241 2.82183 2.3253 1.78201 1.20879 0.678384
threshold=-0.93377065658569325 0.35079707205295568 -1.0000930130481718 -1.1199704408645628 -0.463143840432167 -0.48687209188938135 0.84233796596527111 0.96625271439552318 -0.71381393074989308 -0.56535387039184559 -1.020610451698303 -0.64907696843147267 -0.6987936496734618 -0.31078955531120295
decision_type=2 2 2 2 2 2 2 2 2 2 2 2 2 2
left_child=-1 2 -2 -4 9 8 7 12 -6 10 -5 -12 -7 -3
right_child=1 13 3 4 5 6 -8 -9 -10 -11 11 -13 -14 -15
leaf_value=-0.014567344602611318 0.011719063586353532 0.0037619365072673028 0.007269745067041488 0.0083560223781084797 -0.01079171706543656 -0.003396449354424146 0.0026076624584310936 -0.00085710094026425607 0.0098450575529177679 0.015509260587786153 0.0024257041600517881 -0.016208743823247971 -0.03057855454957038 0.015720230667176257
leaf_weight=10.760840080678461 14.625370137393473 11.122718274593355 15.455777697265146 5.9106466853991195 8.4708542311564106 3.0645272787660334 8.7362258234061283 7.1755371689796439 11.02934090467169 5.7860859036445538 5.7038641395047343 6.8372971415519679 14.437058203504442 12.265988580882548
leaf_count=80 52 37 53 23 50 13 34 24 49 18 31 52 204 37
internal_value=-6.96386e-05 0.00161774 -0.00100397 -0.0035107 -0.00598136 -0.0100828 -0.0155249 -0.0213021 0.000507593 0.00316543 -0.00318669 -0.00945794 -0.0276313 0.0116975
internal_weight=141.382 130.621 107.233 92.6072 77.1514 52.9135 33.4133 24.6771 19.5002 24.2379 18.4518 12.5412 17.5016 23.3887
internal_count=757 677 603 551 498 374 275 241 99 124 106 83 217 74
is_linear=0
shrinkage=0.03


Tree=193
num_leaves=15
num_cat=0
split_feature=8 55 2 6 33 12 4 11 19 24 18 27 3 27
split_gain=3.28354 3.57103 4.14334 3.6485 4.06536 3.78412 6.42203 4.80052 3.37335 3.10667 2.85936 2.02695 1.8697 1.67877
threshold=-1.4977594614028928 1.0000000180025095e-35 -1.5322852730751035 -0.64847996830940235 1.0000000180025095e-35 -0.55922439694404591 0.099965844303369536 -0.47867554426193232 0.069653369486331954 1.0000000180025095e-35 -0.16823647171258924 0.76930209994316112 0.97228002548217785 1.2521947026252749
decision_type=2 2 2 2 2 2 2 2 2 2 2 2 2 2
left_child=-1 2 -2 4 -4 7 8 13 -7 -10 -3 -6 -8 -5
right_child=1 10 3 5 11 6 12 -9 9 -11 -12 -13 -14 -15
leaf_value=0.016238382263967666 0.0095098416582039807 0.015249872728665107 0.011765286165566319 -0.015665506332734315 -0.014363909121366132 -0.016547913068809886 -0.028395580684502694 0.013768152869217863 0.010513024387418642 -0.010105811055215035 -0.0035770274793071235 0.0036149167656888944 -0.0027653873927539351 0.003128675356918552
leaf_weight=7.0250452794134608 17.087447367608547 16.152431139256809 16.829297199845318 7.2785603841766733 7.9083185307681543 5.0947302868589786 14.775600483291784 9.6905163712799531 14.547524403780701 5.2877858461579299 8.6134430244564992 7.1527494415640831 4.2805492728948584 4.384727792814374
leaf_count=21 51 60 70 74 42 37 138 32 46 108 34 23 18 16
internal_value=0.00119845 -9.83511e-05 -0.00241412 -0.00487228 0.0031267 -0.00872107 -0.0133244 0.00149023 -0.00218876 0.00408842 0.00920101 -0.0070526 -0.0244097 -0.00978127
internal_weight=146.109 139.084 114.318 97.2304 31.8904 65.34 43.9862 21.3538 24.93 19.8353 24.7659 15.0611 19.0561 11.6633
internal_count=770 749 655 604 135 469 347 122 191 154 94 65 156 90
is_linear=0
shrinkage=0.03


Tree=194
num_leaves=13
num_cat=0
split_feature=32 29 19 12 11 21 68 26 8 26 1 8
split_gain=3.66465 3.80013 4.66828 3.13399 3.08672 3.80687 4.23036 3.73649 2.95386 2.83208 2.44234 1.40076
threshold=1.0000000180025095e-35 -1.3083735704421995 0.80497020483016979 0.48262391984462744 0.25350338220596319 -1.096955358982086 1.0000000180025095e-35 -0.19845880568027494 -0.12939685583114621 -1.0474530458450315 0.63652029633522045 -0.089764397591352449
decision_type=2 2 2 2 2 2 2 2 2 2 2 2
left_child=3 -2 4 10 5 -3 8 -6 -7 -8 11 -1
right_child=1 2 -4 -5 7 6 9 -9 -10 -11 -12 -13
leaf_value=0.017349207708654234 0.0075886157046529869 0.012258675561541206 -0.020395165516823466 -0.0050736936130403093 -0.0082194894769537855 -0.0087053840947922036 0.0016737939363880869 0.013092638756883903 0.0143354014585139 -0.024645582319226325 -0.00247710402807045 0.0029481201070459071
leaf_weight=18.969917336478829 14.974699294194577 2.8815913479775217 13.55904798209667 15.534332171082495 7.8414893969893482 5.8994392289314419 3.8719448363408473 14.040310019627212 4.4337419476360136 12.852123879012646 10.218640407547353 11.359142381697895
leaf_count=63 51 10 69 57 46 58 27 43 12 223 39 39
internal_value=-0.000347492 -0.00435072 -0.00743017 0.00527495 -0.00254165 -0.00824743 -0.0120027 0.00534702 0.00263172 -0.0195694 0.00936139 0.0131361
internal_weight=136.436 80.3544 65.3797 56.082 51.8206 29.9388 27.0572 21.8818 10.3332 16.7241 40.5477 30.3291
internal_count=737 539 488 198 419 330 320 89 70 250 141 102
is_linear=0
shrinkage=0.03


Tree=195
num_leaves=15
num_cat=0
split_feature=0 9 30 30 9 5 6 17 0 14 23 0 17 17
split_gain=4.35338 3.99527 3.90018 3.35536 3.37361 3.77021 3.20175 3.02576 2.62897 3.14472 2.47482 2.39215 1.57504 1.53559
threshold=-1.7491278648376463 -0.91974651813507069 -0.31242194771766657 3.0311608314514165 -0.35732105374336237 0.50308527052402507 -0.64847996830940235 -0.40606097877025599 0.11180475258152002 0.28645075112581259 -0.76233616471290577 0.67429283261299144 -0.0965844690799713 -0.26962263882160181
decision_type=2 2 2 2 2 2 2 2 2 2 2 2 2 2
left_child=-1 -2 7 4 13 6 -6 -3 -9 10 -10 -7 -12 -4
right_child=1 2 3 -5 5 11 -8 8 9 -11 12 -13 -14 -15
leaf_value=-0.016117501256514323 0.012835755211449161 -0.0087669300074540123 0.0089444940093848912 0.011061856302251065 -0.003560545370728291 -0.0075022211692366879 -0.024211919603833364 0.01670611789341226 0.0065571075223345328 0.013988993784240128 -0.016533957607031229 0.013354572822417518 0.0016833028081837409 -0.0048292569143802274
leaf_weight=7.3167308412957928 22.192536614835262 6.7074541319161645 10.098981906659903 6.1210070401430121 13.08251161710359 5.8059294240083528 15.453602525405588 16.346852328628302 8.3677743496373314 8.3446096405386907 7.6446408950723717 4.3845987878739834 5.1712435856461534 9.6403276771306974
leaf_count=59 74 57 36 16 52 65 159 57 35 22 66 21 18 37
internal_value=0.00104772 0.00247594 6.87209e-05 -0.00471318 -0.00710609 -0.0117856 -0.0166866 0.00584155 0.00862917 0.00238607 -0.00398305 0.00291358 -0.0107738 0.00260116
internal_weight=146.679 139.362 117.17 64.587 58.466 38.7266 28.5361 52.5826 45.8751 29.5283 21.1837 10.1905 12.8159 19.7393
internal_count=774 715 641 386 370 297 211 255 198 141 119 86 84 73
is_linear=0
shrinkage=0.03


Tree=196
num_leaves=15
num_cat=0
split_feature=20 20 32 17 2 17 17 22 30 4 6 4 55 69
split_gain=2.6756 2.7119 3.63009 3.89548 5.10452 4.34034 4.20222 3.45175 3.72899 2.64517 2.55952 1.83795 1.39625 1.21435
threshold=-1.062820255756378 -0.84923359751701344 1.0000000180025095e-35 -0.33662872016429896 -1.5322852730751035 -0.38846583664417261 -0.022812069393694397 -0.065555442124605165 0.22200885415077212 0.39744924008846289 -0.057370150461792939 0.34786868095397955 1.0000000180025095e-35 1.0000000180025095e-35
decision_type=2 2 2 2 2 2 2 2 2 2 2 2 2 2
left_child=-1 9 7 5 -5 -4 12 11 -9 -2 -8 -3 13 -6
right_child=1 2 3 4 6 -7 10 8 -10 -11 -12 -13 -14 -15
leaf_value=-0.012857365232478718 -0.0014036758233922091 0.014688425796312236 -0.0085662982460163861 0.0077220936365147109 -0.028505630925466426 0.015690433425358561 -0.01060577003134147 -0.012879242204296738 0.0084536800344008622 0.018785268192639329 0.0073324505148946069 -0.00062270392456333253 -0.0013593086628243842 -0.0058296487973216807
leaf_weight=7.9791574403643599 8.7867847867310065 22.632246771827344 7.3752759257331517 9.7777581959962827 11.915111988200808 10.553781025111673 9.4324299171566981 11.5721124522388 8.7344374954700452 9.2805602140724641 9.4063801914453524 8.9462813939899188 3.4942282396368674 5.9948675991035989
leaf_count=63 50 75 60 26 193 33 39 44 24 24 30 42 25 49
internal_value=0.000190835 0.00136927 -0.00042649 -0.00484033 -0.00892638 0.0060201 -0.0133778 0.00527133 -0.00384603 0.0107907 -0.00198974 0.0108586 -0.0211261 -0.0238443
internal_weight=145.881 137.902 119.835 67.9498 50.0208 17.9291 40.243 51.8851 20.3065 18.0673 18.8388 31.5785 21.4042 17.91
internal_count=777 714 640 455 362 93 336 185 68 74 69 117 267 242
is_linear=0
shrinkage=0.03


Tree=197
num_leaves=15
num_cat=0
split_feature=10 12 9 6 0 12 28 21 7 18 17 1 2 28
split_gain=3.79657 3.49201 3.13571 7.06081 3.8205 2.36248 2.0279 2.21636 1.79076 3.35306 2.15676 0.834991 0.622098 0.133039
threshold=0.75760418176651012 -0.2094459533691406 0.3055375218391419 0.3859622329473496 -1.1716275811195371 1.6023054718971255 -1.3177570104598997 1.0793160796165469 0.27114927768707281 0.22575887292623523 -0.40606097877025599 1.9390714168548586 0.29129555821418768 -0.46637761592864985
decision_type=2 2 2 2 2 2 2 2 2 2 2 2 2 2
left_child=2 -2 4 12 -1 6 -6 8 9 10 -8 13 -4 -12
right_child=1 -3 3 -5 5 -7 7 -9 -10 -11 11 -13 -14 -15
leaf_value=-0.0089540070861798618 -0.019673615991628222 0.0037522550704257147 -0.021724961429332442 0.010896981356252505 -0.0016495299442644959 -0.0053794295139960148 -0.0036593503940002981 -0.0031108530767710862 0.019378415478412316 -0.0062970288365402499 0.0054178151629133706 0.0010165996581318097 -0.0049506158892701248 0.017373970778483783
leaf_weight=8.7634667708771286 7.4314891770482054 8.1382538769394142 6.3803934566676634 10.770083265844731 11.084107387810944 7.1820827648043624 5.2109444355591981 6.8171047307550898 23.702813077718019 8.593949235044418 7.0687535163015047 4.6860600810032329 7.0759315663017333 22.206029942608463
leaf_count=58 48 42 43 42 43 29 38 29 66 40 23 21 58 181
internal_value=0.00265566 -0.00949328 0.00441439 -0.00462512 0.00660919 0.00839308 0.00972627 0.0113392 0.0128309 0.00805339 0.0115582 0.0140631 -0.0166351 0.0156985
internal_weight=145.111 15.5697 129.542 24.2264 105.315 96.5518 89.3698 78.2857 71.4686 47.7657 39.1718 33.9608 13.4563 29.2748
internal_count=761 90 671 143 528 470 441 398 369 303 263 225 101 204
is_linear=0
shrinkage=0.03


Tree=198
num_leaves=15
num_cat=0
split_feature=63 14 17 6 6 10 12 5 20 12 12 1 27 5
split_gain=3.02845 3.50468 2.74724 2.95435 4.96051 4.59841 3.32671 3.00399 2.07851 2.12264 1.98718 1.89861 1.18139 0.964819
threshold=1.0000000180025095e-35 1.0000000180025095e-35 -0.38846583664417261 -0.13125888258218762 -0.64847996830940235 0.16415620595216754 1.5160244107246401 1.0294817686080935 0.70520243048667919 0.15658242255449298 -0.77100482583045948 1.1101752519607546 -0.29193605482578272 -0.59357401728630055
decision_type=2 2 2 2 2 2 2 2 2 2 2 2 2 2
left_child=1 11 10 4 8 -6 7 12 9 -4 -2 -1 -5 -14
right_child=2 -3 3 6 5 -7 -8 -9 -10 -11 -12 -13 13 -15
leaf_value=-0.021227328301847256 0.0039287058570581694 0.003520881440515856 -0.0092235478276600936 0.0056151962952955253 -0.020897069658275473 0.0057587346896429865 -0.0060071298760130632 -0.0018012082173727334 0.013503771723404213 0.0071470943912432952 -0.01394343255994729 0.0026142191772276372 0.0038665926700206989 0.022004160377510667
leaf_weight=8.2169558091554808 6.8713269289582968 12.851114071905611 8.0998419199604559 13.387217714451248 9.9270068015903252 6.6913504572585216 7.1194944344460955 9.4810876125702617 14.556340068578718 10.648232247680424 7.8045326173305494 2.5943841915577641 5.666004451224576 21.040198534727107
leaf_count=117 33 42 49 63 57 25 28 54 42 32 70 13 29 111
internal_value=0.00199615 -0.00690295 0.00393679 0.00563614 0.000191058 -0.0113146 0.0100268 0.0126689 0.00665972 -0.000378457 -0.00670366 -0.0164886 0.015911 0.0193727
internal_weight=144.955 23.6625 121.293 106.617 49.9228 16.6184 56.694 49.5745 33.3044 18.7481 14.6759 10.8113 40.0934 26.7062
internal_count=765 172 593 490 205 82 285 257 123 81 103 130 203 140
is_linear=0
shrinkage=0.03


Tree=199
num_leaves=15
num_cat=0
split_feature=15 14 9 5 0 9 20 12 6 20 19 9 12 7
split_gain=4.22413 4.14638 3.7901 4.90498 4.04498 3.66524 3.50292 4.04358 2.03417 2.00981 1.88549 1.94084 1.61937 1.37931
threshold=1.0000000180025095e-35 0.87929600477218639 -1.0000930130481718 0.85401624441146862 0.11180475258152002 -0.43766753375530237 -0.68904364109039296 1.0215593576431277 -0.50070253014564503 -0.92042914032936085 0.045182067900896079 -0.17654144018888471 0.2355000972747803 0.076380059123039259
decision_type=2 2 2 2 2 2 2 2 2 2 2 2 2 2
left_child=2 -2 -1 4 5 -4 12 10 -7 -5 -8 13 -6 -12
right_child=1 -3 3 9 6 8 7 -9 -10 -11 11 -13 -14 -15
leaf_value=0.014380884384735778 -0.019542789867870301 0.0043855718923388812 -0.005288777148937285 0.0031542283191165026 -0.020921312698285267 0.001080063999772916 -0.0043624850062528777 -0.011113046007199468 0.020196986850900649 -0.019214621674696068 0.0029918931729478048 -0.00016419758577064579 0.00058205605755944783 0.020141722902497151
leaf_weight=17.936093673110008 10.87694710865617 8.4738148748874647 7.0173921594396225 3.2050442220643154 5.1796586439013463 7.1462065959349301 7.9054081067442885 10.602445621043442 18.134924359968863 8.7692579558351991 8.5839963912731019 11.702507251175126 4.1835531108081341 10.526733960956333
leaf_count=61 56 26 37 19 49 33 47 48 99 87 100 60 19 27
internal_value=0.00117111 -0.0103155 0.00334637 0.000847043 0.00343952 0.0111752 -0.00136112 0.00222647 0.0158638 -0.0140619 0.00673248 0.00979064 -0.0144554 0.0146564
internal_weight=140.244 19.3508 120.893 102.957 90.9828 32.2985 58.6843 49.3211 25.2811 11.9743 38.7186 30.8132 9.36321 19.1107
internal_count=768 82 686 625 519 169 350 282 132 106 234 187 68 127
is_linear=0
shrinkage=0.03


Tree=200
num_leaves=15
num_cat=0
split_feature=7 7 0 0 30 30 2 3 5 3 30 36 15 32
split_gain=4.08747 3.61431 3.3723 3.70307 3.79322 3.2194 3.03676 3.35931 3.12878 5.45824 3.95266 1.68982 1.61784 1.40097
threshold=-1.2116099596023557 -0.85851219296455372 -1.7491278648376463 0.11180475258152002 -0.31242194771766657 0.71217599511146557 0.65601173043251049 2.0104409456253056 -0.06717756018042563 0.97228002548217785 0.66655397415161144 1.0000000180025095e-35 -0.1107279136776924 1.0000000180025095e-35
decision_type=2 2 2 2 2 2 2 2 2 2 2 2 2 2
left_child=-1 -2 -3 4 -4 -6 7 8 9 11 -10 -5 13 -8
right_child=1 2 3 6 5 -7 12 -9 10 -11 -12 -13 -14 -15
leaf_value=0.01662856806410919 -0.015527652327169133 -0.01583284475677621 0.018036346086995707 0.010033835928586211 -0.010607375248352219 0.0087151611615799585 0.006883387214271122 0.0085406335335242965 -0.022491965548174991 -0.019754295471251869 0.0044614782340330773 -0.0023762194086081765 0.015685838457882927 -0.0098978571489950935
leaf_weight=6.4548801779747 10.805163189768789 6.4546156167052677 14.754028039053081 13.988143355585629 9.3438537784386444 11.910394251346586 4.7222645953297606 9.3758311662822944 14.42519891669509 6.8093186616897574 4.60771127231419 17.418716332875192 6.296999789774417 3.3647049092687658
leaf_count=14 80 56 49 61 85 38 15 31 121 32 18 82 15 77
internal_value=-0.000622714 -0.0020192 -0.000278741 0.00119285 0.00857185 -0.000181831 -0.00239473 -0.00512811 -0.00787287 -0.00222215 -0.0163961 0.00376995 0.00832298 -0.0012127
internal_weight=140.732 134.277 123.472 117.017 36.0083 21.2542 81.0089 66.6249 57.2491 38.2162 19.0329 31.4069 14.384 8.08697
internal_count=774 760 680 624 172 123 452 345 314 175 139 143 107 92
is_linear=0
shrinkage=0.03


Tree=201
num_leaves=15
num_cat=0
split_feature=25 29 18 18 20 7 2 7 27 8 16 23 20 7
split_gain=3.88886 5.11472 3.15886 5.94006 4.99247 5.36015 4.77606 2.16055 1.99269 1.92481 1.53123 1.29598 1.2819 0.78093
threshold=-1.2152553200721739 -1.3083735704421995 -0.42093525826930994 -0.97817927598953236 0.5746772587299348 0.68456265330314647 1.020727872848511 -1.0268933773040769 -0.091849088668823228 0.419199749827385 -0.72161740064620961 0.18229994177818301 -1.0000000180025095e-35 0.34528724849224096
decision_type=2 2 2 2 2 2 2 2 2 2 2 2 2 2
left_child=13 8 3 -3 6 -6 7 -4 -2 10 -9 12 -5 -1
right_child=1 2 4 11 5 -7 -8 9 -10 -11 -12 -13 -14 -15
leaf_value=0.004399856843727264 0.0012811662700006187 -0.014565357366420815 0.0021851302632831435 0.018264666851856425 0.011244945960900952 -0.011820700756164326 0.01091526274298908 -0.0044694093676598554 0.017420910182747346 -0.0045174216153915803 -0.027143286063912427 0.00035908939065325973 0.0020078696108515376 0.017725860661551181
leaf_weight=11.476069167256357 12.612568436190488 7.336066954303532 3.9550010645762077 11.764770017005505 18.56158967316151 9.8933402672409994 3.1855690557276821 5.6800785232335356 12.825487203896044 9.7443345319479686 15.743568123551087 9.6420280337333661 7.7538595050573376 9.8170386552810651
leaf_count=36 50 63 23 39 57 39 25 27 32 46 251 38 33 28
internal_value=0.00223273 8.16494e-05 -0.00297602 0.00379282 -0.0066827 0.00265728 -0.0131261 -0.0163951 0.0109436 -0.018729 -0.023115 0.00986716 0.013533 0.0127462
internal_weight=149.991 128.698 103.26 36.4967 66.7635 28.4549 38.3086 35.123 25.4381 31.168 21.4236 29.1607 19.5186 21.2931
internal_count=787 723 641 173 468 96 372 347 82 324 278 110 72 64
is_linear=0
shrinkage=0.03


Tree=202
num_leaves=15
num_cat=0
split_feature=13 8 8 9 23 1 2 25 28 13 11 22 9 23
split_gain=3.32076 3.67594 3.57638 4.89727 5.9361 2.62784 2.53931 2.53484 2.93025 2.58005 2.35378 2.02723 1.5117 1.30325
threshold=1.9486086368560793 -1.4977594614028928 0.419199749827385 0.92822283506393444 -1.3291178345680235 0.16286537796258929 0.10893747303634883 -1.5113565325736997 -0.29610171914100641 0.71791812777519237 -0.42619955539703364 -0.2651302814483642 1.3902152180671694 1.0000000180025095e-35
decision_type=2 2 2 2 2 2 2 2 2 2 2 2 2 2
left_child=1 -1 3 4 -3 7 13 -6 -9 -10 -4 -12 -5 -7
right_child=-2 2 10 12 5 6 -8 8 9 -11 11 -13 -14 -15
leaf_value=0.01459126484960574 0.011808961925181195 0.0094370506516988379 -0.0059729381943667177 0.01530835966821353 -0.00017308863696342399 -0.0047096684354955625 -0.014933568627414935 -0.030414517952930351 -0.013463657000137297 0.0083122051249562828 0.015169111878734784 0.00035559429017203444 -0.0021116288363929566 0.0086890382627217658
leaf_weight=6.5046972022391847 13.591450178995727 8.7976209782063943 11.587409324944018 5.9420131817460042 6.2724870592355648 8.0564254689961725 6.7188501816708586 12.528651723638172 14.063920403597892 2.8362701572477809 12.401225337758659 16.393962593749169 5.7893036673776805 8.7329537235200387
leaf_count=20 43 32 56 22 20 38 67 80 198 11 38 60 44 28
internal_value=-6.15801e-05 -0.00173589 -0.00316778 -0.006713 -0.00977398 -0.013141 -0.00411002 -0.0178522 -0.021048 -0.00874574 0.00380087 0.00803572 0.00864972 0.00265426
internal_weight=140.217 126.626 120.121 79.7385 68.0072 59.2096 23.5082 35.7013 29.4288 16.9002 40.3826 28.7952 11.7313 16.7894
internal_count=757 714 694 540 474 442 133 309 289 209 154 98 66 66
is_linear=0
shrinkage=0.03


Tree=203
num_leaves=15
num_cat=0
split_feature=15 14 9 22 32 1 29 1 17 14 27 18 25 18
split_gain=3.08136 3.68393 2.18937 3.32825 3.57697 2.87911 2.74287 2.30264 3.04427 3.02183 2.37779 2.22397 1.97707 1.87311
threshold=1.0000000180025095e-35 0.87929600477218639 -1.0000930130481718 0.73072421550750744 1.0000000180025095e-35 0.28127911686897283 0.15116667747497561 -0.42920328676700586 -0.022812069393694397 -0.12352122738957404 -0.24074476212263105 -0.67315417528152455 -0.32695157825946802 1.7874276638031008
decision_type=2 2 2 2 2 2 2 2 2 2 2 2 2 2
left_child=2 -2 -1 4 5 6 12 13 9 10 -9 -5 -4 -6
right_child=1 -3 3 11 7 -7 -8 8 -10 -11 -12 -13 -14 -15
leaf_value=0.012794033135298357 -0.016174314362828582 0.0052047483171468126 0.0098883806875234501 -0.002367956450226701 -0.019583152684770729 -0.0059278754038570311 0.020502739295071508 -0.0086602468174244735 0.010002919405844432 -0.015726207880799946 0.011453884398892328 0.014358006654833173 -0.0071199014804448901 0.0025230213549611033
leaf_weight=18.593888867646456 10.907840993255379 9.9148112684488279 7.0317952409386617 8.0089963190257567 9.4291962468996626 9.4012611564248783 9.0799907296895963 4.69893236388452 9.6792911142110807 10.616748629137875 7.1389099933439883 22.008760016644374 7.7055736072361505 3.1676617404445997
leaf_count=65 55 30 18 35 167 38 23 57 28 56 86 80 44 12
internal_value=0.00265989 -0.00695787 0.00444656 0.00250633 -0.000890349 0.00606568 0.0110069 -0.00614662 -0.0011772 -0.00694054 0.00326898 0.0101945 0.0014446 -0.0148869
internal_weight=147.384 20.8227 126.561 107.967 77.9494 33.2186 23.8174 44.7307 32.1339 22.4546 11.8378 30.0178 14.7374 12.5969
internal_count=794 85 709 644 529 123 85 406 227 199 143 115 62 179
is_linear=0
shrinkage=0.03


Tree=204
num_leaves=15
num_cat=0
split_feature=7 8 22 12 12 0 10 26 8 7 19 27 19 28
split_gain=2.60622 3.32158 3.16862 3.05241 2.22928 2.56629 1.68955 1.76193 1.68946 3.80664 2.71047 1.99564 1.30197 1.05547
threshold=-1.1098272800445554 -0.75934427976608265 -1.240938067436218 -0.10910119116306304 2.035321950912476 -1.7491278648376463 0.75760418176651012 -1.2406035065650938 -0.17320114374160764 -0.15734300762414929 0.48822985589504247 -0.15718220919370648 0.48656494915485388 -0.70476385951042164
decision_type=2 2 2 2 2 2 2 2 2 2 2 2 2 2
left_child=-1 3 -3 -2 5 -4 7 -7 -9 10 -10 12 -11 -13
right_child=1 2 4 -5 -6 6 -8 8 9 11 -12 13 -14 -15
leaf_value=0.014744626387842824 -0.019415450621728916 -0.010911915778103843 -0.0082583359957800768 0.0021853558326209322 -0.0089552893749786019 -0.0042535850534631235 -0.0023931713059404426 0.016142910850952541 -0.017695501413389183 0.01801330077375168 0.0057719441428354711 0.0068559454421788183 0.0029070476112325471 -0.0042451871661645683
leaf_weight=9.9021642031148058 7.2359647816047099 8.1888760027941299 6.6377161154523483 9.6147000826895219 5.5993324927985659 6.2257440192624918 12.600039782468228 22.932468485087149 4.9728320094291032 18.223931637592607 4.612758070230484 11.25025160983205 9.4487681128084642 10.069956541061424
leaf_count=31 66 48 43 52 24 35 64 79 143 65 14 43 34 41
internal_value=0.00279962 0.00145329 0.00328306 -0.00941063 0.00473577 0.00582028 0.00709943 0.00851821 0.00968317 0.00608365 -0.00829517 0.00940455 0.0140895 0.00180227
internal_weight=147.516 137.613 120.763 16.8507 112.574 106.974 100.337 87.7367 81.511 58.5785 9.58559 48.9929 27.6727 21.3202
internal_count=782 751 633 118 585 561 518 454 419 340 157 183 99 84
is_linear=0
shrinkage=0.03


Tree=205
num_leaves=15
num_cat=0
split_feature=63 12 10 6 25 12 32 9 1 23 12 22 11 28
split_gain=5.01188 4.42177 5.1524 2.40946 2.0649 2.48906 3.01225 3.8047 4.01905 2.47064 2.18106 1.6487 1.33493 0.991438
threshold=1.0000000180025095e-35 1.2511860132217409 0.75760418176651012 -0.7223687171936034 -1.2152553200721739 0.9522099792957307 1.0000000180025095e-35 -0.19662806391716001 0.39969284832477575 -0.38448172807693476 -0.061371982097625725 1.0457385182380678 1.0000000180025095e-35 0.55527767539024364
decision_type=2 2 2 2 2 2 2 2 2 2 2 2 2 2
left_child=3 2 4 -1 -2 6 10 9 -9 -8 -6 -5 -4 -3
right_child=1 13 12 11 5 -7 7 8 -10 -11 -12 -13 -14 -15
leaf_value=0.001620233051250751 0.017342342230586602 -0.014339711146314006 -0.015774798281734566 -0.022382505978934902 0.015070658485147491 0.016724131596552474 -0.0065107438061969124 -0.021916711569553375 0.0028059001938380568 0.011954566421742382 -0.00040877883967780759 0.00061630681281020212 0.0017915669431945833 -0.00016565091907629292
leaf_weight=7.666849676519635 14.865392282605169 8.2173955217003805 6.60591425700113 8.4193559718551096 16.672814384102825 10.084284223616121 6.3267591549083617 8.4443937999894931 8.7769794201012683 12.824818975292137 12.756256336346267 3.2152137244120231 4.4663685522973537 6.8670817501842967
leaf_count=26 43 37 52 126 45 24 42 146 51 46 54 13 18 33
internal_value=0.00118333 0.00362461 0.0059291 -0.0113068 0.00834963 0.00562492 0.00286302 -0.00281966 -0.0115204 0.00576949 0.00927603 -0.0177519 -0.0103359 -0.0095347
internal_weight=136.21 116.908 101.824 19.3014 90.7517 75.8863 65.802 36.373 17.2214 19.1516 29.4291 11.6346 11.0723 15.0845
internal_count=756 591 521 165 451 408 384 285 197 88 99 139 70 70
is_linear=0
shrinkage=0.03


Tree=206
num_leaves=14
num_cat=0
split_feature=14 14 17 12 10 23 4 2 26 17 23 26 5
split_gain=3.69857 5.49923 5.17883 2.86091 3.50886 2.61941 4.25207 3.04841 2.59386 2.53098 1.54283 1.23999 0.772401
threshold=1.0000000180025095e-35 -0.27143290638923639 -0.066734112799167619 0.77650547027587902 0.55978818237781536 -0.38448172807693476 -0.54458153247833241 -0.25577870011329645 -0.19845880568027494 -0.051981380209326737 0.18229994177818301 -0.43790842592716211 -0.023311187280341979
decision_type=2 2 2 2 2 2 2 2 2 2 2 2 2
left_child=1 2 5 4 8 11 -7 -8 -2 -3 -5 -1 -10
right_child=3 9 -4 10 -6 6 7 -9 12 -11 -12 -13 -14
leaf_value=0.0025737188272233515 0.0004381917134084701 -0.022786654791388666 -0.012839243534039545 -0.01138780013801741 -0.0047951470823210003 0.011091920343277783 0.0035713974171051243 -0.020680699934081826 0.0079803648908768638 0.00025092332711102214 0.0036851096968555045 0.019207831238329576 0.021865996428739789
leaf_weight=8.1775326328352111 13.028882484883068 11.58254144608509 12.748398326337336 8.3177115917205828 11.694861775264142 9.645268308930099 5.9732624888420087 5.8697578199207801 16.353299200534821 5.645142223685979 7.8628252223134032 8.9506569616496545 12.615029040724041
leaf_count=51 52 230 52 36 50 46 19 59 52 22 25 29 28
internal_value=0.000382086 -0.00440736 0.000901997 0.00506413 0.0082366 0.00639018 -0.000874355 -0.0110197 0.0119896 -0.0168794 -0.00492237 0.0136422 0.0163557
internal_weight=138.465 68.5926 51.3649 69.8726 53.6921 38.6165 21.4883 11.843 41.9972 17.2277 16.1805 17.1282 28.9683
internal_count=751 508 256 243 182 204 124 78 132 252 61 80 80
is_linear=0
shrinkage=0.03


Tree=207
num_leaves=15
num_cat=0
split_feature=5 13 19 25 1 29 13 23 4 16 29 8 20 21
split_gain=3.74606 2.16674 2.59866 2.75855 3.73076 5.79543 4.40353 3.25877 4.18232 2.92848 2.5544 2.55093 2.24836 2.00952
threshold=1.512011766433716 2.5410084724426274 -2.2536536455154415 -0.62305282056331623 -0.54761700332164753 1.5585805177688601 0.73679387569427501 -0.38448172807693476 -0.2966786921024322 -0.59492334723472584 0.56817817687988292 1.6123452186584475 0.67553758621215831 -0.1304158419370651
decision_type=2 2 2 2 2 2 2 2 2 2 2 2 2 2
left_child=1 2 -1 10 5 11 7 -6 -9 -10 -4 13 -11 -5
right_child=-2 -3 3 4 6 -7 -8 8 9 12 -12 -13 -14 -15
leaf_value=0.016014360562238334 -0.013585209979916515 0.015166545638951848 0.010882712915673259 -0.02659008704115666 0.01326741095775422 0.011129052934396344 -0.01542464385181703 0.011073920614864122 0.0030258666628573284 -0.022707284155568906 -0.0050569413247998386 0.0032384873857130938 0.0019745273168939549 0.00071913066812311836
leaf_weight=6.3907690010964862 7.4492641799151889 8.4881391804665309 29.650164629332721 11.504630238399846 19.836458379402753 4.2517888359725466 6.3088046442717305 11.005287948879412 9.7955259494483453 7.2877556773601189 8.907095827162264 2.7509909868240348 3.5301454812288284 2.5399407744407645
leaf_count=21 61 24 99 157 80 11 29 68 37 103 34 12 13 11
internal_value=0.00230938 0.00366699 0.00231997 0.000950419 -0.00227247 -0.0117237 0.00183088 0.00512526 -0.00109692 -0.0084881 0.00704269 -0.0187348 -0.0165748 -0.0227591
internal_weight=139.697 132.247 123.759 117.369 78.8113 21.0474 57.764 51.4552 31.6187 20.6134 38.5573 16.7956 10.8179 14.0446
internal_count=760 699 675 654 521 191 330 301 221 153 133 180 116 168
is_linear=0
shrinkage=0.03


Tree=208
num_leaves=15
num_cat=0
split_feature=19 25 11 41 9 9 0 20 19 16 29 11 3 14
split_gain=3.70517 3.81239 3.68257 4.25566 3.37328 3.77367 7.5587 5.7125 5.369 2.1874 1.97887 2.66466 1.30953 0.848944
threshold=-2.5477769374847408 -1.2152553200721739 -0.53274267911911 1.0000000180025095e-35 0.92822283506393444 -0.37740768492221827 1.0000000180025095e-35 1.9807892441749575 0.37514334917068487 -0.4762622714042663 -0.057339081540703767 0.14425361156463626 0.11917744576931001 0.65390467643737804
decision_type=2 2 2 2 2 2 2 2 2 2 2 2 2 2
left_child=-1 13 9 10 5 8 -7 -8 12 -3 -4 -12 -5 -2
right_child=1 2 3 4 -6 6 7 -9 -10 -11 11 -13 -14 -15
leaf_value=0.016594304809908717 0.0020856160644638772 4.768150447314958e-05 0.016806031051538595 -0.018842483178294057 0.01051700615573851 0.0072104365859053761 -0.028234955129375232 0.0057487206747832672 0.010412830555218832 -0.018661466353682238 0.010644764090449354 -0.0099230300868757455 -0.00032329376920780628 0.01418231552529914
leaf_weight=6.0317367520183316 11.678452108055355 7.828817596659067 9.7464287728071231 5.335540698841216 6.9152843996416768 8.4500834692735243 16.991481795907024 3.7110991925001136 16.82195058837533 14.744518076069651 6.337467852747066 6.3463966809213161 5.4143428429961205 8.84224985539913
leaf_count=17 40 45 23 43 35 63 194 11 51 131 35 25 21 26
internal_value=-0.000122725 -0.00149272 -0.00379582 -0.000697481 -0.0046539 -0.0072055 -0.013875 -0.0222099 0.000893844 -0.0133408 0.00932994 0.000457707 -0.0125788 0.00905539
internal_weight=135.196 129.164 108.643 86.0701 63.6398 56.7245 29.1527 20.7026 27.5718 22.5733 22.4303 12.6839 10.7499 20.5207
internal_count=760 743 677 501 418 383 268 205 115 176 83 60 64 66
is_linear=0
shrinkage=0.03


Tree=209
num_leaves=15
num_cat=0
split_feature=19 17 12 29 29 1 28 17 2 55 18 9 27 7
split_gain=3.05907 3.21675 4.15175 3.21795 3.9566 4.88866 2.23205 2.2296 2.15207 2.04444 2.63055 3.43507 2.35623 2.12788
threshold=-2.5477769374847408 -0.38846583664417261 -0.77100482583045948 -1.3083735704421995 -0.63072991371154774 1.3470027446746828 -1.7604743242263792 0.089621189981699004 -1.5322852730751035 1.0000000180025095e-35 0.86418411135673534 -0.37740768492221827 0.81238943338394176 -0.96657770872116078
decision_type=2 2 2 2 2 2 2 2 2 2 2 2 2 2
left_child=-1 2 -2 -3 -5 6 -6 -7 -8 10 11 -10 13 -13
right_child=1 3 -4 4 5 7 8 -9 9 -11 -12 12 -14 -15
leaf_value=0.016739864082151168 0.0042416200383429987 0.01253581204372479 -0.020902062291408521 -0.015244266484839874 -0.0056187816765204445 -0.01731030673278703 0.018528630850057973 0.0023184662024347607 0.0066048144530579476 0.013567045718445388 0.011499911898051718 0.0052598679270210377 0.0063414544246958209 -0.018125217339344017
leaf_weight=5.9256013594567767 8.047417528927328 16.82844159565866 8.4231768026947957 8.7067695762962085 10.254945289343594 9.8592098620720225 8.4669609963893873 6.3898590803146353 13.969701988622534 10.858583782101048 9.8061316842213255 1.9611810110509278 3.1374486051499835 13.943778114509792
leaf_count=18 44 50 88 41 42 56 24 22 62 43 32 13 11 209
internal_value=0.00148979 0.00020663 -0.0104902 0.00212497 -0.000199085 0.00201363 0.00541847 -0.0108621 0.00752262 0.0043556 0.000845255 -0.00341603 -0.0106122 -0.0146733
internal_weight=136.579 130.654 16.4706 114.183 97.3546 88.6478 72.3987 16.2491 62.1438 53.6768 42.8182 33.0121 19.0424 15.905
internal_count=755 737 132 605 555 514 436 78 394 370 327 295 233 222
is_linear=0
shrinkage=0.03


Tree=210
num_leaves=15
num_cat=0
split_feature=5 14 30 19 18 30 6 5 24 22 32 16 28 19
split_gain=4.54624 3.26371 2.93418 3.59199 3.87382 3.81351 2.85215 1.94335 2.97968 2.32802 1.81812 1.77882 1.48804 0.849848
threshold=1.0294817686080935 0.28645075112581259 -0.31242194771766657 0.045182067900896079 -0.43467828631401056 0.36748218536376959 -0.64847996830940235 -0.33037577569484705 1.0000000180025095e-35 -0.30126412212848658 1.0000000180025095e-35 -0.93273872137069691 0.55527767539024364 -0.43450240790843958
decision_type=2 2 2 2 2 2 2 2 2 2 2 2 2 2
left_child=2 -2 7 4 -4 6 -5 8 -1 -9 -7 -8 -13 -10
right_child=1 -3 3 5 -6 10 11 9 13 -11 -12 12 -14 -15
leaf_value=-0.0099483811166199438 -0.020499638498837947 0.0025701819298431417 0.0044923740647904312 0.0073906172688217083 -0.018948875350766649 0.018014319873102189 0.0045190565754562586 -0.000507469259053647 0.013598819957295416 0.018061502510402651 0.0022526608949716763 -0.019308387988198832 -0.00062640913581731386 0.00072628431969085083
leaf_weight=7.0743676275014904 7.233412600005976 8.2614467777311784 8.3960613496601599 10.415610979078339 9.7281627766787988 13.054798156023026 3.8747610896825817 7.4088674047961858 7.9689324572682425 23.132813775446266 12.940167830791324 7.8374250717461091 5.9662147611379623 8.092284888029095
leaf_count=37 91 31 38 39 60 38 11 39 30 96 47 130 26 47
internal_value=0.00271155 -0.0105732 0.0046881 0.000596441 -0.00946635 0.004484 -0.00304293 0.00967281 0.00233692 0.0141193 0.0117973 -0.00946424 -0.0135473 0.00882527
internal_weight=141.385 15.4949 125.89 72.2132 18.1242 54.089 28.094 53.6773 23.1356 30.5417 25.995 17.6784 13.8036 16.0612
internal_count=760 122 638 389 98 291 206 249 114 135 85 167 156 77
is_linear=0
shrinkage=0.03


Tree=211
num_leaves=15
num_cat=0
split_feature=12 9 4 21 32 14 16 0 4 30 26 20 28 30
split_gain=4.56398 2.75448 2.47956 3.1807 3.77216 3.68975 4.0969 3.13104 3.09142 2.77035 2.74354 2.01245 1.22174 0.119968
threshold=1.9595203399658205 1.4504750370979311 0.69493263959884655 -0.23194614052772519 1.0000000180025095e-35 0.87929600477218639 -0.72161740064620961 0.67429283261299144 0.49661035835742956 0.87931475043296825 1.0000000180025095e-35 0.040710680186748512 0.72555354237556469 0.28521659970283514
decision_type=2 2 2 2 2 2 2 2 2 2 2 2 2 2
left_child=1 2 3 11 10 6 -6 8 -8 13 12 -1 -5 -4
right_child=-2 -3 9 4 5 -7 7 -9 -10 -11 -12 -13 -14 -15
leaf_value=0.016483833395048157 -0.017376102790957144 -0.011084506066969436 0.0086774334314026636 -0.0099907283633181836 0.0053943317526924548 0.0072359596687478749 -0.025617482142866795 0.000457190430932904 0.0030022496753807641 -0.003294065371591414 0.01195543367384848 -0.00060561486841199691 0.0037497222107481737 0.020942605686442035
leaf_weight=12.404681378975512 5.7928199768066397 6.9937160424888125 15.765028670663019 6.8072825036942941 7.789007686078544 9.1321413777768594 15.997730365721518 7.4438062575645736 2.8911947016604236 7.5081275179982176 18.993504405021667 9.1019659563899022 7.6282571852207184 6.5696636699140063
leaf_count=41 31 57 89 38 35 28 221 54 16 31 57 32 24 15
internal_value=0.00149582 0.002897 0.00404864 0.00152454 -0.00148181 -0.00698971 -0.0112352 -0.0162299 -0.0215254 0.010943 0.00562704 0.0105013 -0.00363308 0.015456
internal_weight=140.819 135.026 128.032 98.1896 76.6829 43.2539 34.1217 26.3327 18.8889 29.8428 33.429 21.5066 14.4355 22.3347
internal_count=769 738 681 546 473 354 326 291 237 135 119 73 62 104
is_linear=0
shrinkage=0.03


Tree=212
num_leaves=15
num_cat=0
split_feature=9 0 13 9 4 17 9 30 14 5 32 44 10 14
split_gain=3.37016 4.26139 6.10528 5.50323 4.52603 4.62965 3.77327 3.58929 3.60521 2.91909 2.76819 2.23502 2.60976 2.06982
threshold=-1.0000930130481718 0.11180475258152002 -0.25385545939207071 -0.43766753375530237 1.8352856636047366 0.089621189981699004 1.3500419259071352 -0.31242194771766657 0.41321270167827612 -1.2954359650611875 1.0000000180025095e-35 1.0000000180025095e-35 0.55978818237781536 1.0000000180025095e-35
decision_type=2 2 2 2 2 2 2 2 2 2 2 2 2 2
left_child=13 3 10 -2 5 6 9 -5 -9 -4 -3 12 -11 -1
right_child=1 2 4 7 -6 -7 -8 8 -10 11 -12 -13 -14 -15
leaf_value=-0.000949190133635592 -0.012897025938737847 0.015868702098769422 0.0026424968974999635 0.017880464831813398 0.0096600518642882358 0.0013027767616309339 0.0026336984666734831 -0.01269368445233961 0.0089318118217510695 -0.032471243670479648 -0.0034371425270373524 -0.0041461003893228862 -0.00077795934315545527 0.016217723652552953
leaf_weight=9.5161362551152724 7.9971208395436397 8.4227675721049309 2.7251056586392215 17.23518644971773 4.5282798632979384 12.034467101097105 4.9875867646187535 6.8013321325415772 11.836313381791113 18.898666473687637 10.447758883237839 5.7293149563483885 2.8684820444323114 11.174427866935728
leaf_count=43 50 20 9 70 15 43 36 84 35 225 53 29 34 34
internal_value=-0.000190472 -0.00230301 -0.00668628 0.00471717 -0.0117254 -0.0145035 -0.0193963 0.00974124 2.43847e-05 -0.0228897 0.00669888 -0.0254374 -0.0292202 0.00967413
internal_weight=135.203 114.512 70.6424 43.87 51.7719 47.2436 35.2092 35.8728 18.6376 30.2216 18.8705 27.4965 21.7671 20.6906
internal_count=780 703 464 239 391 376 333 189 119 297 73 288 259 77
is_linear=0
shrinkage=0.03


Tree=213
num_leaves=15
num_cat=0
split_feature=25 12 11 29 13 43 2 18 74 18 23 27 32 6
split_gain=2.32121 2.92943 4.65986 3.56182 2.95469 4.87339 4.17919 5.28172 4.06292 3.15009 2.51927 1.23585 1.08389 0.268501
threshold=-1.5113565325736997 1.6023054718971255 1.085252642631531 -1.3083735704421995 -0.25385545939207071 1.0000000180025095e-35 0.10893747303634883 -0.0094150458462536318 1.0000000180025095e-35 -0.3713094294071197 0.37122716009616857 -0.85392460227012623 1.0000000180025095e-35 -0.057370150461792939
decision_type=2 2 2 2 2 2 2 2 2 2 2 2 2 2
left_child=-1 2 3 10 12 -6 7 9 -8 -7 -2 -10 -5 -11
right_child=1 -3 -4 4 5 6 8 -9 11 13 -12 -13 -14 -15
leaf_value=0.011862436852151196 -0.001687556926354772 -0.013022264573071445 0.014937877517866537 0.012712620364875461 0.0086153411396118207 -0.0065477074551302467 0.0040844252496510065 -0.017048079027311657 -0.00022399564851419151 0.0038854955649945946 0.01752491210141581 -0.02800269847928211 -0.00078324105925187853 0.014975107167520176
leaf_weight=12.001300532370804 9.5021879039704817 8.8572879340499622 14.599468953907488 6.5531770102679721 11.735221079317851 10.725498374551533 3.6524561755359182 11.01689664646983 1.6556836529634811 7.9991185907274467 9.0324108060449344 12.917170345201164 8.9718176368623954 7.3639438615646249
leaf_count=36 41 45 46 19 50 51 20 55 18 30 24 256 53 31
internal_value=0.00146419 4.34369e-05 0.00154137 -0.00100534 -0.00374623 -0.00643943 -0.0100818 -0.00333363 -0.0201452 0.00426824 0.00940927 -0.0257101 0.00662255 0.0115729
internal_weight=136.584 124.582 115.725 101.126 82.591 67.066 55.3308 37.1055 18.2253 26.0886 18.5346 14.5729 15.525 15.3631
internal_count=775 739 694 648 583 511 461 167 294 112 65 274 72 61
is_linear=0
shrinkage=0.03


Tree=214
num_leaves=15
num_cat=0
split_feature=5 5 33 11 28 28 16 13 26 29 7 11 5 13
split_gain=3.26286 3.23091 6.5669 2.7141 3.29984 3.92753 3.25809 2.39715 2.87762 2.11363 2.07273 2.03409 2.1783 1.88163
threshold=-1.2954359650611875 -0.28650940954685206 1.0000000180025095e-35 -0.53274267911911 -0.057715497910976403 0.58933284878730785 -0.97122657299041737 -0.8463366925716399 -0.19845880568027494 -0.057339081540703767 -0.33326359093189234 0.94708728790283214 0.23988704383373263 -0.064318878576159463
decision_type=2 2 2 2 2 2 2 2 2 2 2 2 2 2
left_child=-1 2 7 6 10 9 -3 -2 -9 -6 -5 12 -7 -8
right_child=1 3 -4 4 5 11 13 8 -10 -11 -12 -13 -14 -15
leaf_value=0.012528476639389446 0.013599722265141927 0.0094538658142046764 -0.018487636940434527 0.0020617070210378549 0.0030905799640419365 0.00819583821781498 0.0026609695859896101 -0.010294162139388781 0.0075030675312733695 -0.017863800044327333 0.01897034376235637 0.014885129882510654 -0.01175566086410003 -0.017891294194846037
leaf_weight=16.650888629257679 7.1381604857742813 4.9514269400388029 16.87659469852224 11.410862711258234 4.6826983131468314 5.2292819912545401 4.0359779056161651 12.913821112830195 10.319631660124283 7.4322603935142979 16.064936030656099 9.2271741069853288 4.6360488031059504 8.6852838653139735
leaf_count=50 21 20 98 49 18 24 17 81 62 133 46 25 44 77
internal_value=0.0017852 -9.28744e-05 -0.00591091 0.00364928 0.00665189 -0.000271477 -0.00558926 0.00270307 -0.00246033 -0.0112277 0.0133467 0.00756803 -0.00198049 -0.0124598
internal_weight=140.255 123.604 47.2482 76.356 58.6833 31.2075 17.6727 30.3716 23.2335 12.115 27.4758 19.0925 9.86533 12.7213
internal_count=765 715 262 453 339 244 114 164 143 151 95 93 68 94
is_linear=0
shrinkage=0.03


Tree=215
num_leaves=15
num_cat=0
split_feature=8 9 28 17 4 63 0 0 3 6 8 8 4 7
split_gain=5.01762 4.48083 3.34702 4.09982 3.00116 2.70426 2.35936 2.23525 1.67215 1.59043 0.872367 0.55998 0.522321 1.64129
threshold=0.19392054527997973 -0.17654144018888471 -1.7604743242263792 -0.38846583664417261 0.49661035835742956 1.0000000180025095e-35 -0.74602970480918873 0.32118908315896993 0.75890609622001659 0.23818477243185046 -0.098108071833848939 -0.65296244621276844 0.44702979922294622 0.076380059123039259
decision_type=2 2 2 2 2 2 2 2 2 2 2 2 2 2
left_child=2 7 -1 4 11 6 -5 9 -3 -2 12 -4 -7 -14
right_child=1 8 3 5 -6 10 -8 -9 -10 -11 -12 -13 13 -15
leaf_value=-0.0084008634651762427 -0.010139699012039311 -0.022736748081767878 -0.002622917220154764 0.0080565745344786995 0.0074761876440784334 0.015477128652026197 -0.01454306033464915 0.010161852527731469 -0.0015240796118018696 0.0048267689712388675 0.0016470757855579772 -0.018445322243687095 -0.0010896763017159939 0.014322368944358607
leaf_weight=10.330162368714808 11.788824919611221 9.7922577946446818 5.05142599903047 3.51396922650747 6.0916675394400945 36.857038607704446 3.7576754523906848 9.3083804468624276 5.3065364249050608 6.5263725183904162 8.2709803655743652 4.2908830577507606 11.934578064712698 6.6668534912168971
leaf_count=44 56 67 41 28 29 195 60 28 22 28 33 51 76 20
internal_value=0.00134768 -0.00673132 0.00507008 0.0070514 -0.00561878 0.00999405 -0.00478909 0.000944138 -0.0175153 -0.00491518 0.0119065 -0.013787 0.0131738 0.00629808
internal_weight=139.488 42.7224 96.7652 86.4351 15.434 71.0011 7.27164 27.6236 15.0988 18.3152 63.7295 9.34231 55.4585 18.6014
internal_count=778 201 577 533 121 412 88 112 89 84 324 92 291 96
is_linear=0
shrinkage=0.03


Tree=216
num_leaves=15
num_cat=0
split_feature=0 30 7 19 2 17 18 33 9 27 18 30 21 20
split_gain=2.34105 3.03348 2.79985 2.77251 4.96156 4.09882 2.49676 2.70576 2.36987 2.7601 3.3976 1.54401 1.46513 0.55673
threshold=-1.7491278648376463 -0.31242194771766657 1.4171462655067446 -0.53989544510841359 0.10893747303634883 1.0000000180025095e-35 -0.92841798067092884 1.1107677668333056 -0.61844715476036061 -0.24074476212263105 0.10194258391857149 -0.55039921402931202 2.3079483509063725 0.040710680186748512
decision_type=2 2 2 2 2 2 2 2 2 2 2 2 2 2
left_child=-1 3 6 -2 11 -6 -3 8 -8 13 12 -5 -11 -10
right_child=1 2 -4 4 5 -7 7 -9 9 10 -12 -13 -14 -15
leaf_value=-0.01003645889057979 0.016723810556930913 -0.011001269141381036 -0.012870116130342895 0.0014590259987364523 -0.018807364432691258 0.0096594748750509132 0.015499584248294609 -0.0072341799171205378 0.012539307299795317 -0.020979384426798323 0.0062733652079840999 0.015306558298068368 0.0028265481412721389 0.0014492907080756201
leaf_weight=7.365779116516932 18.674337400123477 6.4826791933737686 8.6001507341861707 13.678821479901673 8.5100841773673874 3.1393067426979533 14.856858290731898 10.424384816549717 9.2801342620514315 5.6513729043072214 7.206337533891201 13.817830894142388 1.6039798855781553 7.7549467682838431
leaf_count=60 72 38 41 57 96 10 42 53 39 139 24 39 6 28
internal_value=0.0026456 0.00371179 -0.00046628 0.00852823 0.00316725 -0.010539 0.0020392 0.00429798 0.00734327 0.00189964 -0.00658822 0.0097022 -0.0167105 0.00896519
internal_weight=137.047 129.681 71.8608 57.8204 39.146 11.6494 63.2607 56.778 46.3536 31.4968 14.4617 27.4967 7.25535 17.0351
internal_count=744 684 410 274 202 106 369 331 278 236 169 96 145 67
is_linear=0
shrinkage=0.03


Tree=217
num_leaves=15
num_cat=0
split_feature=5 33 18 17 22 8 9 11 3 23 22 9 34 27
split_gain=3.54494 2.53241 3.8752 2.16892 2.22584 4.02242 2.21381 1.92453 1.77462 2.54682 2.2681 3.16004 1.98009 1.34726
threshold=1.512011766433716 1.1107677668333056 -0.49341768026351923 0.38037602603435522 -0.31436178088188166 0.67576774954795849 0.024324796628206972 -0.27744553983211512 0.11917744576931001 0.7490815818309785 -0.069421034306287752 -0.27697455883026117 1.0000000180025095e-35 0.41598890721797949
decision_type=2 2 2 2 2 2 2 2 2 2 2 2 2 2
left_child=1 3 -3 4 5 6 -1 -4 9 12 -10 -12 -6 -9
right_child=-2 2 7 -5 8 -7 -8 13 10 -11 11 -13 -14 -15
leaf_value=-0.019091419237574393 -0.013190844663590441 0.011455346053822549 -0.020025407730078507 0.014003926960481257 0.01538321903716108 0.0095752057437869607 0.0029869035456800792 -0.0088312539088226099 0.0086532088476332578 -0.0053638272994658859 0.0053723037112529456 -0.015321746341479406 -0.0021318122942947898 0.0056118232287778493
leaf_weight=8.489159614080565 6.876295509398914 5.9715613238513496 5.459230173379189 19.292582653462887 28.734506624867208 7.2689613662660113 4.1437387969344845 6.744935933500523 11.553618405596355 5.7199219712056211 9.1096706725657004 8.802638157270847 5.6649065036326638 6.8131189756095409
leaf_count=67 54 22 47 66 211 27 25 36 55 28 29 48 38 25
internal_value=0.00271806 0.00398166 -0.00404139 0.00592132 0.00352995 -0.00452729 -0.013056 -0.0102793 0.00598339 0.00972332 0.000219429 -0.00592167 0.0125943 -0.00201688
internal_weight=140.645 133.769 24.9888 108.78 89.4871 19.9019 12.6329 19.0173 69.5853 40.1193 29.4659 17.9123 34.3994 13.5581
internal_count=778 724 130 594 528 119 92 108 409 277 132 77 249 61
is_linear=0
shrinkage=0.03


Tree=218
num_leaves=15
num_cat=0
split_feature=8 7 6 17 32 7 25 16 21 8 12 17 25 6
split_gain=2.80321 4.99 4.50374 3.29552 4.5692 2.0319 2.6282 1.94581 1.96984 2.78909 1.58787 2.25473 1.45372 0.883921
threshold=-0.17320114374160764 -0.15734300762414929 -1.4612560272216795 -0.33662872016429896 1.0000000180025095e-35 0.093972120434045806 -1.2152553200721739 0.72195065021514904 -0.23194614052772519 -0.80732044577598561 0.77650547027587902 -0.42381905019283289 -0.32695157825946802 0.31207349896430975
decision_type=2 2 2 2 2 2 2 2 2 2 2 2 2 2
left_child=7 2 -2 -3 12 -6 -7 8 -1 10 11 -10 -5 -11
right_child=1 3 -4 4 5 6 -8 -9 9 13 -12 -13 -14 -15
leaf_value=0.017671263791260005 0.0069295735155185303 0.011656155011766776 -0.022577915503518942 0.01330092436355429 0.0039954191070549353 0.002680694803109401 -0.017546728173028669 -0.0050723041910137106 0.0044797241261622846 0.013242691097701329 0.0050864105757741883 -0.018908740813335725 -0.0011307338123995865 0.00063450349499009461
leaf_weight=10.707128367852418 3.8200572137720874 16.159949748776853 11.337534085381774 10.607985854148867 5.9424238069914308 6.1904826313257244 17.330144891515374 7.9676138628274193 3.3720693783834568 14.229942479170864 4.9583554416894904 5.0728445663116828 9.3004017882049066 7.4733672998845568
leaf_count=32 12 64 192 37 28 21 101 40 19 66 19 55 34 38
internal_value=0.00132125 -0.00219138 -0.0152671 0.00170096 -0.00232976 -0.00923027 -0.0126864 0.00632942 0.00861633 0.00399592 -0.00555923 -0.0113768 0.00768539 0.00983289
internal_weight=134.47 80.689 15.1576 65.5314 49.3714 29.4631 23.5206 53.7813 45.8137 35.1066 13.4033 8.44491 19.9084 21.7033
internal_count=758 489 204 285 221 150 122 269 229 197 93 74 71 104
is_linear=0
shrinkage=0.03


Tree=219
num_leaves=15
num_cat=0
split_feature=0 13 29 43 25 2 29 4 4 29 29 0 7 16
split_gain=3.78413 2.36173 3.14945 4.19869 2.5173 3.07467 3.8809 4.7268 2.33057 2.52147 1.86089 1.39792 1.25245 0.724363
threshold=-1.7491278648376463 -0.25385545939207071 -1.2562471628189085 1.0000000180025095e-35 -1.2152553200721739 -0.98521101474761952 0.51605173945426952 0.099965844303369536 -0.4454203844070434 -0.057339081540703767 -0.057339081540703767 0.11180475258152002 -0.064356409013271318 0.11866416037082674
decision_type=2 2 2 2 2 2 2 2 2 2 2 2 2 2
left_child=-1 10 11 -4 -5 -6 7 8 9 -7 -2 -3 -12 -10
right_child=1 2 3 4 5 6 -8 -9 13 -11 12 -13 -14 -15
leaf_value=-0.015430548680368158 -0.0018263040117326671 0.015461518329095612 0.009681606774894989 0.0065666184055351339 0.0036421210887326774 0.0052211253634234702 0.0021004987060485609 -0.026171025910674772 -0.0022347716206486431 -0.019184336499380696 0.0026380585129130974 0.00012481475912446893 0.018895129533368804 0.011235968376996471
leaf_weight=6.9786069118417791 8.4856927637010831 9.4164009019732493 14.776939130155368 8.4662767648696882 12.796853505074976 3.2742193751037032 12.328658914193509 15.741424515377728 3.6218345811357819 5.4515036292141303 8.5367193166166579 8.6345377676188928 10.171177962794896 4.1570824850350618
leaf_count=59 35 27 57 28 44 11 48 166 61 120 39 33 32 14
internal_value=0.000740852 0.00219284 -0.000104076 -0.00274941 -0.00602592 -0.00826163 -0.0117017 -0.0165523 -0.0034264 -0.0114606 0.00924852 0.00974369 0.0135977 0.00654366
internal_weight=132.838 125.859 98.6657 80.6148 65.8379 57.3716 44.5747 32.2461 16.5046 8.72572 27.1936 18.0509 18.7079 7.77892
internal_count=774 715 609 549 492 464 420 372 206 131 106 60 71 75
is_linear=0
shrinkage=0.03


Tree=220
num_leaves=15
num_cat=0
split_feature=28 32 41 29 16 25 18 19 26 11 70 11 5 5
split_gain=3.99464 3.21092 3.02828 2.63848 2.82425 3.61186 3.14994 3.04822 2.67109 2.53858 2.00114 2.6707 0.982002 0.536589
threshold=-1.5220880508422849 1.0000000180025095e-35 1.0000000180025095e-35 -1.3083735704421995 -0.93273872137069691 -1.2152553200721739 0.96930241584777843 1.298035264015198 0.91629269719123851 -0.53274267911911 1.0000000180025095e-35 -0.89688774943351735 -0.33037577569484705 -0.28650940954685206
decision_type=2 2 2 2 2 2 2 2 2 2 2 2 2 2
left_child=1 -1 9 -4 12 -6 7 8 10 -2 -7 -12 -5 -11
right_child=2 -3 3 4 5 6 -8 -9 -10 13 11 -13 -14 -15
leaf_value=0.0031289369077858267 -0.0028755215729901083 -0.019685912606533747 0.009051771233623853 -0.0013220120546111563 0.0099381202705243945 0.0013139676803496109 0.0056340061087655309 0.0052490619580481662 0.0036419323117862293 0.0046588852446182221 -0.0006147507239725494 -0.025465526589636443 0.010739934645051449 0.017214213505828975
leaf_weight=7.1268585771322259 8.9888539994135481 9.2712787631899118 15.485283441841601 8.7910161856561917 5.9077350050210944 3.3095592716708842 7.059661127626895 4.6987715624272814 3.8028506208211175 9.3952693862374872 4.9183649243786958 19.714095868985169 9.452473880723117 15.021979086799547
leaf_count=24 46 55 51 40 19 23 31 16 19 33 42 271 39 48
internal_value=0.000621254 -0.0113561 0.00270431 -0.000485661 -0.00314136 -0.00671226 -0.00976476 -0.0130676 -0.0161241 0.00967303 -0.0189587 -0.0214446 0.00589355 0.0139962
internal_weight=132.944 16.3981 116.546 83.1398 67.6545 49.411 43.5033 36.4436 31.7449 33.4061 27.942 24.6325 18.2435 24.4172
internal_count=757 79 678 551 500 421 402 371 355 127 336 313 79 81
is_linear=0
shrinkage=0.03


Tree=221
num_leaves=15
num_cat=0
split_feature=28 12 11 18 2 1 17 16 6 30 27 27 20 17
split_gain=2.2534 3.44709 3.6471 2.76374 2.44723 2.41314 2.63054 2.15291 1.57712 1.45989 2.79676 2.12909 1.40346 1.22726
threshold=0.55527767539024364 1.1303710937500002 0.7444572150707246 -0.86912053823471058 1.020727872848511 -0.31078955531120295 -0.14224966615438459 -0.80831316113471974 -1.6090334653854368 0.5638243854045869 -0.075719472020864473 0.28911022841930395 0.5746772587299348 -0.35375253856182093
decision_type=2 2 2 2 2 2 2 2 2 2 2 2 2 2
left_child=1 2 4 -2 5 6 7 -1 -9 10 12 -12 -7 -5
right_child=3 -3 -4 13 -6 9 -8 8 -10 -11 11 -13 -14 -15
leaf_value=0.0036285281749966671 -0.005902910305618965 -0.011729694729324204 0.014165363272046013 0.00032062545902051458 0.013164730834745272 -0.018324766652275594 0.0013300874173679032 0.0015916241901433709 -0.024438873808469642 0.0095589243539696365 0.012289798866436519 -0.0053864310654475212 0.0017425186970489572 0.013678584277682523
leaf_weight=2.4466735590249291 7.0296440320089451 12.352773611433802 14.958766728639601 7.7702433113008729 5.2871268774615592 4.774305570288556 12.024414883926509 1.7938658073544491 8.3124560633441451 10.84449073858559 9.1870614336803644 6.9410773385316125 3.4436645545065403 30.996863863896579
leaf_count=13 48 56 47 59 25 99 43 7 140 36 35 33 10 127
internal_value=0.00329909 0.000481047 0.00294517 0.00837594 -0.000461672 -0.00259032 -0.00895493 -0.0163794 -0.020821 0.00241584 -0.00185245 0.00520805 -0.0124375 0.0113437
internal_weight=138.163 92.3667 80.0139 45.7968 65.0551 59.768 24.5774 12.553 10.1063 35.1906 24.3461 16.1281 8.21797 38.7671
internal_count=778 544 488 234 441 416 203 160 147 213 177 68 109 186
is_linear=0
shrinkage=0.03


Tree=222
num_leaves=15
num_cat=0
split_feature=0 8 8 12 8 7 11 54 17 14 7 16 7 30
split_gain=3.50501 2.6679 3.32309 3.33265 2.99107 4.83318 2.52888 2.00777 1.91316 2.52087 3.31378 2.37931 2.36405 1.54622
threshold=-1.7491278648376463 -1.4977594614028928 -0.84069511294364918 2.035321950912476 -0.17320114374160764 -0.13975095003843305 0.71742984652519237 1.0000000180025095e-35 -0.33662872016429896 1.5714724659919741 -1.0000000180025095e-35 -0.48878046870231623 1.0263512134552004 -0.4158762246370315
decision_type=2 2 2 2 2 2 2 2 2 2 2 2 2 2
left_child=-1 -2 6 4 -4 7 -3 -6 -7 10 -10 -12 13 -13
right_child=1 2 3 -5 5 8 -8 -9 9 -11 11 12 -14 -15
leaf_value=-0.016341322219955576 0.015024873544505308 -0.019671310203825541 0.010750507454466566 -0.014758484252125271 0.0038225377233310955 0.011154429355160129 0.0031694739822751422 -0.017969681407482445 0.010236674273303732 0.012139532265776182 0.0030865757096525666 -0.0018431917992455847 0.00098452117808803187 -0.023892682502553719
leaf_weight=6.2797301213722667 6.2961058132350436 7.5581594975665194 27.540849735029042 5.3012558948248616 2.999358325963839 16.073416120372706 4.821563521400094 10.911197593901298 8.0221716570667834 7.439914032816886 10.665359944105143 4.8023562282323775 7.4214985184371463 8.1769284270704148
leaf_count=64 19 71 122 25 19 61 19 173 31 25 38 24 32 50
internal_value=-0.000294228 0.00107748 -0.000208197 0.00165731 0.00313198 -0.000101569 -0.0124229 -0.0135026 0.00365468 0.000232886 -0.00315309 -0.00755052 -0.0126244 -0.0185157
internal_weight=134.31 128.03 121.734 109.354 104.053 76.5122 12.3797 13.9106 62.6016 46.5282 39.0883 31.0661 20.4008 12.9793
internal_count=773 709 690 600 575 453 90 192 261 200 175 144 106 74
is_linear=0
shrinkage=0.03


Tree=223
num_leaves=15
num_cat=0
split_feature=13 6 6 9 2 18 5 39 5 10 18 10 1 6
split_gain=2.19674 2.64528 5.39458 3.97421 3.96519 3.38633 2.647 2.62438 2.61291 1.95303 1.55351 1.36007 0.999205 0.669475
threshold=-0.25385545939207071 -0.13125888258218762 -0.64847996830940235 -0.015848450828343626 0.10893747303634883 -0.46874180436134333 0.54695165157318126 1.0000000180025095e-35 0.85401624441146862 0.36197219789028173 0.21686479449272159 1.0000000180025095e-35 -0.42920328676700586 1.0000000180025095e-35
decision_type=2 2 2 2 2 2 2 2 2 2 2 2 2 2
left_child=7 2 3 11 10 -6 13 -1 -8 -4 -3 -2 -9 -7
right_child=1 4 9 -5 5 6 8 12 -10 -11 -12 -13 -14 -15
leaf_value=-0.0024983503616785251 0.012344779405466308 0.012680064866038072 -0.022880942530938243 -0.013171699597411407 0.0070627836865897976 -0.0010657948585418334 0.012873081419172993 0.018963822750764414 -0.0097472967154418489 -0.0013815305092568313 -0.00095412980954750191 -0.0009033402956590235 0.0036861690596397358 -0.024552008948878365
leaf_weight=13.593830311670901 13.556450042873626 23.318577216239646 11.343080938095229 6.8664735238999119 8.6980978557840007 1.7467022876953695 3.0897499966667947 8.3675486687570828 5.6412883078446612 5.8381164921447626 9.3388578146696073 10.148890143726019 9.6602938249707204 5.391811994719319
leaf_count=61 45 91 83 45 54 84 22 26 57 31 39 48 41 62
internal_value=0.000787358 -0.00136024 -0.00625233 0.00166112 0.00289646 -0.00558609 -0.0125501 0.00712928 3.0312e-05 -0.0175337 0.00917217 0.00750351 0.0133551 -0.0216114
internal_weight=136.6 104.978 47.753 30.5718 57.2251 24.5677 15.8696 31.6217 8.73104 17.1812 32.6574 23.7053 18.0278 7.13851
internal_count=789 661 252 138 409 279 225 128 79 114 130 93 67 146
is_linear=0
shrinkage=0.03


Tree=224
num_leaves=15
num_cat=0
split_feature=0 25 10 24 13 54 8 14 30 12 12 12 25 30
split_gain=3.5344 3.54906 5.83028 5.06672 4.9538 4.66993 3.23493 2.85317 1.96572 1.64676 1.21149 1.58839 0.873493 0.73787
threshold=1.0938091874122622 0.26525090634822851 -0.62710776925086964 -0.56269074976444233 1.4393278360366824 1.0000000180025095e-35 0.6590804159641267 0.41321270167827612 -0.36370503902435297 0.31041885912418371 -0.26229315996170038 -1.1108501553535459 -0.32695157825946802 -0.068336756899952875
decision_type=2 2 2 2 2 2 2 2 2 2 2 2 2 2
left_child=1 2 7 9 5 -4 -7 8 -1 -3 11 -5 -2 -12
right_child=12 3 4 10 -6 6 -8 -9 -10 -11 13 -13 -14 -15
leaf_value=0.0064609616102517019 0.016662571816351363 0.0021143051540888822 0.0026980236526923558 0.0099724169806900166 0.010052509560288929 -0.026165716550889062 -0.0031198239864935634 0.014732529486284155 -0.010138749060583508 -0.014515017018501299 0.017455744518479536 -0.0069209975313328639 0.0028617010848020325 0.0030540010960195835
leaf_weight=7.5865371134132173 9.6305397301912326 7.5254162354394776 8.9990885709412378 4.7001204639673233 4.8521657064557067 19.047821398125965 9.0417140796780568 10.439302071928976 8.5420540682971495 7.3177665956318378 16.156506094150245 5.5003700479865056 9.2287252725800482 6.6827137456275549
leaf_count=27 25 35 45 23 15 248 43 34 41 36 64 48 46 33
internal_value=0.00140097 -0.000725038 -0.00496194 0.00523292 -0.0114235 -0.0150935 -0.0203398 0.00543215 -0.00264941 -0.00767569 0.0112788 0.00158288 0.0119241 0.0145472
internal_weight=135.251 116.392 68.5087 47.8829 41.9408 37.0886 28.0895 26.5679 16.1286 14.8432 33.0397 10.2005 18.8593 22.8392
internal_count=763 692 453 239 351 336 291 102 68 71 168 71 71 97
is_linear=0
shrinkage=0.03


Tree=225
num_leaves=15
num_cat=0
split_feature=7 8 12 0 18 13 20 1 1 11 18 11 22 16
split_gain=3.68049 3.70772 3.05347 3.14106 2.71188 5.72389 3.76107 2.70608 2.58549 2.43706 1.47533 1.37022 1.11054 1.12785
threshold=-1.1098272800445554 -0.80732044577598561 1.7680846452713015 -1.7491278648376463 0.22575887292623523 -0.25385545939207071 1.340029299259186 2.057485163211823 -0.78444448113441456 0.77108114957809459 -0.41122765839099878 0.92298218607902538 -0.79287397861480702 -1.3557382225990293
decision_type=2 2 2 2 2 2 2 2 2 2 2 2 2 2
left_child=-1 9 3 -3 7 -6 -7 8 10 -2 -5 12 -10 -14
right_child=1 2 -4 4 5 6 -8 -9 11 -11 -12 -13 13 -15
leaf_value=0.016731619693607255 -0.018563015177236172 -0.011718398116095782 -0.012364242790911483 0.0053029509733170293 0.012986966617340596 -0.018002287586198238 0.005076290333656642 -0.0059381990459344497 -0.00020814681643216857 0.0044904489016501584 -0.01188676535271046 0.00025392348969338125 0.0022075379130023234 0.017394907555019767
leaf_weight=8.6755261905491334 8.8985024215653521 6.2623491754056877 6.9289974756538859 5.2065249616280198 9.7199873961508292 13.240278445184233 6.9933074936270705 7.539130830904468 4.2881156232906426 3.5350859574973574 3.5046159592457027 7.4583491683006278 6.7100302129983751 36.017897574463888
leaf_count=26 95 48 34 24 33 71 25 41 30 13 57 29 30 213
internal_value=0.0019468 0.000332793 0.00221561 0.00367035 0.00513671 -0.00218339 -0.0106004 0.0081764 0.0101725 -0.0126005 -0.00342551 0.0124521 0.0141768 0.015491
internal_weight=134.979 126.303 113.87 106.941 100.678 29.9536 20.2336 70.7247 63.1855 12.4336 8.71114 54.4744 47.016 42.7279
internal_count=769 743 635 601 553 129 96 424 383 108 81 302 273 243
is_linear=0
shrinkage=0.03


Tree=226
num_leaves=14
num_cat=0
split_feature=25 16 29 29 6 11 6 11 19 22 27 11 1
split_gain=2.51879 2.85312 2.32948 3.34018 3.04606 3.96614 3.43495 2.3762 3.1896 2.02141 0.811583 0.57684 0.419477
threshold=-0.62305282056331623 1.0575990080833437 1.5585805177688601 -1.3083735704421995 1.4942932128906252 1.0403763055801394 -1.9784770607948301 -1.3550042510032652 0.84444591403007518 0.1682727932929993 -0.091849088668823228 -0.96552428603172291 2.1758989095687871
decision_type=2 2 2 2 2 2 2 2 2 2 2 2 2
left_child=1 9 3 10 5 6 -5 -8 11 -1 -2 -9 -13
right_child=2 -3 -4 4 -6 -7 7 8 -10 -11 -12 12 -14
leaf_value=0.015086980622109258 -0.00065611925011494583 -0.0057197669477492595 0.0085644452064386183 0.0077535614138979289 0.0075734710631209885 0.0038258742877715136 0.0037765615202672198 -0.0036531492363747909 -0.00073417098937936134 -0.00015045052548238902 0.010787657579554383 -0.025923496970149434 -0.0047064349859682157
leaf_weight=20.083308918401602 8.5015176590532082 10.027576824650167 10.481442723423241 3.0944620482623568 6.9415720170363775 12.592081785202025 3.1546719609759668 3.3630178691819266 7.8073315247893325 11.252952849492429 8.6855266541242582 20.370426865178178 3.5010780023876569
leaf_count=72 37 39 34 9 34 49 30 25 30 42 25 303 20
internal_value=0.000556484 0.00625556 -0.00229949 -0.00418707 -0.00738861 -0.00979554 -0.0139141 -0.0163638 -0.0184221 0.0103474 0.00625483 -0.0225923 -0.0241657
internal_weight=129.857 41.3638 88.4931 78.0117 60.8246 53.8831 41.291 38.1965 35.0419 31.3363 17.187 27.2345 23.8715
internal_count=749 153 596 562 500 466 417 408 378 114 62 348 323
is_linear=0
shrinkage=0.03


Tree=227
num_leaves=15
num_cat=0
split_feature=8 16 4 25 22 8 20 12 12 25 10 9 2 8
split_gain=3.59123 3.84281 2.91089 2.79125 3.35606 3.60878 2.65502 2.5207 2.1727 2.99776 1.79718 2.10714 1.77763 1.73188
threshold=-0.17320114374160764 0.72195065021514904 0.54619091749191295 1.1535546183586123 -0.073290538042783723 0.3962546586990357 0.70520243048667919 0.029699409846216444 0.38172458112239843 -0.62305282056331623 0.36197219789028173 0.3055375218391419 -0.62049487233161915 -0.53406506776809681
decision_type=2 2 2 2 2 2 2 2 2 2 2 2 2 2
left_child=1 10 3 4 5 6 -2 -7 9 -4 11 -1 -6 -12
right_child=2 -3 8 -5 12 7 -8 -9 -10 -11 13 -13 -14 -15
leaf_value=0.016261080581505043 -0.02020444661467331 -0.0088060289247008337 0.0089858352700377172 0.0079496528745787859 -0.0012377140362536754 -0.0047182183602015332 0.0023229148843542666 0.014408309056892558 0.011215080931194048 -0.011959176426262748 -0.010059631598217218 -0.00073053320297510559 -0.022984283920269001 0.0080788274179663978
leaf_weight=29.681492702104151 6.8065621111309174 7.3057924937456837 6.4317150777205816 6.6101092156022778 5.0341055467724827 7.7872919458895948 6.2899150252342224 8.9212060710415226 15.225025545805691 8.7134271962568182 4.2989095298107713 7.5883426615037015 11.132233105716294 4.7123934961855394
leaf_count=108 137 42 25 25 20 42 23 27 50 78 51 48 75 24
internal_value=0.00165244 0.00736202 -0.00224482 -0.00630381 -0.00893206 -0.00207073 -0.0117326 0.0064605 0.00468043 -0.00304181 0.010524 0.0131243 -0.0181046 -0.00107619
internal_weight=136.539 53.5869 82.9516 52.5814 45.9713 29.805 13.0965 16.7085 30.3702 15.1451 46.2811 37.2698 16.1663 9.0113
internal_count=775 273 502 349 324 229 160 69 153 103 231 156 95 75
is_linear=0
shrinkage=0.03


Tree=228
num_leaves=15
num_cat=0
split_feature=6 33 27 18 30 25 34 6 27 19 28 1 19 17
split_gain=2.14538 2.55086 3.411 3.18232 2.77543 2.28678 1.82111 3.95752 3.14026 2.84139 3.38107 6.17229 2.66349 1.74057
threshold=1.4942932128906252 1.1107677668333056 -0.043699009343981736 -0.75120386481285084 -0.31242194771766657 -1.2152553200721739 1.0000000180025095e-35 -0.64847996830940235 -0.34394866228103632 0.15984890609979632 -0.36421209573745722 -0.42920328676700586 0.94129839539527904 -0.33662872016429896
decision_type=2 2 2 2 2 2 2 2 2 2 2 2 2 2
left_child=1 3 -3 -1 -4 -5 9 -8 -9 10 -7 13 -11 -12
right_child=-2 2 4 5 -6 6 7 8 -10 12 11 -13 -14 -15
leaf_value=-0.008195117032920805 0.011216394593859612 -0.021397894170966564 0.010279832972954315 0.014835797394730954 -0.0093659580408772675 0.010633589631173826 0.0088727069916991353 0.0024526119844479077 -0.024299820247593838 0.01644915669332549 0.013864634853094363 -0.023002703678015272 0.00010219286935669855 -0.0064461624280531347
leaf_weight=17.537426782539114 12.045305324718354 5.828504758304919 7.7004701383411893 10.899609226733444 8.2015556320548022 6.1712380349636069 6.7263014167547253 5.0596907148137698 5.2761520879575956 17.021897302940488 5.2146608969196677 8.0773812301922625 15.242421418428419 2.3728552387328792
leaf_count=111 48 51 28 37 46 26 20 26 41 50 24 130 54 73
internal_value=0.00125 -0.000144208 -0.00840962 0.00197492 0.000330757 0.00449417 0.00204023 -0.00548415 -0.0146739 0.00467647 -0.00327651 -0.0100034 0.00977638 0.00747534
internal_weight=133.375 121.33 21.7305 99.5996 15.902 82.0622 71.1626 17.0621 10.3358 54.1005 21.8361 15.6649 32.2643 7.58752
internal_count=765 717 125 592 74 481 444 87 67 357 253 227 104 97
is_linear=0
shrinkage=0.03


Tree=229
num_leaves=15
num_cat=0
split_feature=19 14 12 8 17 12 28 18 1 30 30 14 2 12
split_gain=2.59933 3.18126 2.46275 3.54462 1.99685 2.44064 2.19616 1.77953 2.3408 4.42352 3.15113 1.49428 1.47217 2.88005
threshold=-2.5477769374847408 -0.93377065658569325 1.1303710937500002 -0.14399828761816022 -0.38846583664417261 -0.62650221586227406 -1.5220880508422849 1.2787212729454043 -0.78444448113441456 1.5516090393066408 0.46725247800350195 0.28645075112581259 -1.0000000180025095e-35 0.66585791110992443
decision_type=2 2 2 2 2 2 2 2 2 2 2 2 2 2
left_child=-1 -2 4 -4 5 -3 11 8 10 12 -8 -6 -10 -14
right_child=1 2 3 -5 6 -7 7 -9 9 -11 -12 -13 13 -15
leaf_value=0.015671962119144317 -0.012927686716396982 0.0055951942473950371 0.0039017249493929879 -0.017795637892083722 -0.011405911993678224 -0.014011003393268464 -0.017220470237425702 0.018092136720338995 0.014496405270222976 -0.011435319344357792 0.0077324395497242824 0.004219235648715805 0.0089524115364476055 -0.010325823553467076
leaf_weight=5.5464464686810961 9.9071444198489171 6.8781784391030669 11.120662010274829 8.0356960073113424 6.6757006710395199 7.2255087262019497 4.7695230703102336 7.6014137528836718 26.958276813849796 5.7853306978940955 4.5020268931984901 6.6979765444993973 18.147454509628027 5.2809520885348311
leaf_count=18 80 39 45 39 38 63 69 24 82 27 14 23 189 24
internal_value=0.00134929 0.000176808 0.00173655 -0.00699941 0.00365412 -0.00548747 0.00536457 0.00735777 0.00491529 0.00720939 -0.00663992 -0.00456172 0.0101892 0.00355511
internal_weight=135.132 129.586 119.679 19.1564 100.522 14.1037 86.4187 73.045 65.4436 56.172 9.27155 13.3737 50.3867 23.4284
internal_count=774 756 676 84 592 102 490 429 405 322 83 61 295 213
is_linear=0
shrinkage=0.03


Tree=230
num_leaves=15
num_cat=0
split_feature=32 19 1 4 11 4 11 7 11 5 26 24 30 26
split_gain=2.84515 4.53364 3.88856 3.93781 3.83405 2.69825 2.65857 4.29956 3.26955 1.10918 1.01828 0.980651 0.780262 0.700984
threshold=1.0000000180025095e-35 0.87033209204673778 -0.42920328676700586 0.29828810691833502 -0.83079570531845082 0.44702979922294622 0.51582035422325145 -1.2116099596023557 -0.70553588867187489 0.10828792676329614 1.0000000180025095e-35 -0.20840055495500562 1.1804727315902712 -0.87375488877296437
decision_type=2 2 2 2 2 2 2 2 2 2 2 2 2 2
left_child=2 4 -1 11 -2 6 7 -6 -9 -7 -3 -4 13 -10
right_child=1 10 3 -5 5 9 -8 8 12 -11 -12 -13 -14 -15
leaf_value=0.014013939943628028 -0.013019603351132059 -0.0043108081409031678 -0.00084968473663177106 -0.01216052730900633 0.012898196690283513 0.015106511547811178 0.0085437773077417095 0.007466944052252786 -0.00080592365205404081 0.00075649642501909864 -0.02116555444472305 0.010973714757701524 -0.00034136882483698624 -0.023187137611876459
leaf_weight=23.661934121511877 8.5919309556484205 9.036937437951563 9.2079329974949342 11.84514466114342 3.1044849604368201 15.296715131087696 10.394068708643315 2.6327885575592509 1.786193552426991 7.090633855899795 6.5316293314099303 11.308255429379644 2.0282464437186709 9.3205538263428096
leaf_count=85 93 37 34 55 6 65 41 13 23 56 36 41 10 164
internal_value=0.00110389 -0.00263143 0.0059602 -0.00101592 0.00140894 0.00474618 -0.00136783 -0.00747286 -0.0136234 0.0115294 -0.0148082 0.00654055 -0.0187439 -0.0209553
internal_weight=131.837 75.8142 56.0233 32.3613 60.2456 51.6537 29.2663 18.8723 15.7678 22.3873 15.5686 20.5162 13.135 11.1067
internal_count=759 544 215 130 471 378 257 216 210 121 73 75 197 187
is_linear=0
shrinkage=0.03


Tree=231
num_leaves=15
num_cat=0
split_feature=26 13 14 28 30 30 11 21 25 28 9 8 12 1
split_gain=3.1746 3.46903 2.44098 2.93015 2.2461 2.70262 2.03289 2.26902 4.25539 3.52032 5.08718 1.89929 1.32647 0.983211
threshold=-1.0474530458450315 -0.78674089908599842 -0.7562313675880431 0.18067073076963427 -0.60593664646148671 -0.31242194771766657 -0.89688774943351735 1.0000000180025095e-35 -1.2152553200721739 0.55527767539024364 -0.55818727612495411 -0.43602690100669855 0.51478315889835369 -0.66603073477745045
decision_type=2 2 2 2 2 2 2 2 2 2 2 2 2 2
left_child=1 -1 3 -2 11 -6 -7 8 -8 10 -10 -4 -13 -12
right_child=2 -3 4 -5 5 6 7 -9 9 -11 13 12 -14 -15
leaf_value=0.0062654456551392516 -0.01563052522358209 -0.019900726275272659 0.0058711434324086025 0.0061760332954306904 0.014735933855054513 -0.0087016707269863495 0.015583594122579432 0.012177412810395472 0.0034919331928169777 0.0074930756077283469 -0.0037745491217415464 -0.016578926500368536 0.00075093416506028725 -0.026785712382023177
leaf_weight=4.3172944858670235 7.9887246200814825 6.9879628173075599 6.966176355257633 6.0295927859842777 21.712301903404295 6.819387935101985 7.4592362567782358 19.475538197904825 10.836752679198979 10.299422183772547 4.1559629635885322 5.4591809159610403 5.7438148483633995 6.5171197495656212
leaf_count=15 58 71 38 37 85 44 23 64 42 45 50 50 24 120
internal_value=0.00147092 -0.0110512 0.00305228 -0.00709324 0.00466113 0.00660929 0.00306457 0.00500588 0.000475426 -0.00470298 -0.0108546 -0.00410368 -0.0102039 -0.0218881
internal_weight=130.768 11.3053 119.463 14.0183 105.445 87.2757 65.5634 58.744 39.2685 31.8093 21.5098 18.1692 11.203 10.6731
internal_count=766 86 680 95 585 473 388 344 280 257 212 112 74 170
is_linear=0
shrinkage=0.03


Tree=232
num_leaves=15
num_cat=0
split_feature=2 22 29 3 20 5 20 12 12 20 7 11 6 27
split_gain=2.93041 2.80311 4.35033 3.72798 3.01921 2.39902 2.30403 4.03942 1.56387 2.22124 1.51309 1.39126 1.33527 1.13959
threshold=-1.5322852730751035 -0.35486505925655359 0.35967241227626806 0.97228002548217785 -0.67124474048614491 1.0294817686080935 -0.10168040543794631 0.48262391984462744 0.9522099792957307 -0.68904364109039296 -0.20383629947900769 -0.2304960414767265 1.2726269960403445 -0.19034922122955319
decision_type=2 2 2 2 2 2 2 2 2 2 2 2 2 2
left_child=-1 2 4 5 -2 6 8 -8 9 10 -3 -11 -7 -13
right_child=1 3 -4 -5 -6 12 7 -9 -10 11 -12 13 -14 -15
leaf_value=0.01148369445902778 0.00051061224339906883 -0.01129849058834825 0.0064658539159507715 -0.010647002402023927 -0.021805680435072833 -0.015565749187427496 0.0065776636287399916 -0.014700620878317441 0.018005954404018976 0.015964156044033558 0.005222992677716495 -0.0095025530343399479 0.0032166739907696792 0.0061435590539335493
leaf_weight=16.27702335268259 7.6753649488091495 5.8230290235951543 9.7587440926581603 12.220638124272226 12.139453510695605 3.0561205986887208 19.674609087407593 6.9062893800437442 12.665127731859682 10.129354746080933 5.1903157522901839 1.8039081100723686 3.4556919699534774 5.9075872176326927
leaf_count=51 44 55 42 57 102 43 71 38 30 47 26 113 17 24
internal_value=0.0012429 -0.000603038 -0.00786258 0.0021629 -0.0148002 0.00479793 0.0065687 -0.000403046 0.0105956 0.00516404 -0.00431265 0.0106775 -0.0085304 0.000185416
internal_weight=132.683 116.406 29.5736 86.8327 19.8148 74.612 68.1002 26.5809 41.5193 28.8542 11.0133 17.8409 6.51181 7.7115
internal_count=760 709 188 521 146 464 404 109 295 265 81 184 60 137
is_linear=0
shrinkage=0.03


Tree=233
num_leaves=15
num_cat=0
split_feature=6 9 6 8 6 33 8 16 9 25 2 8 3 12
split_gain=2.47504 3.85443 3.29084 3.05118 2.98374 2.72898 2.56943 2.37953 2.25521 1.76083 2.01789 2.89886 1.67948 0.741937
threshold=-0.64847996830940235 -0.056021699681878083 -0.20514760911464688 0.14803033322095874 0.3859622329473496 1.1107677668333056 0.63822120428085338 -1.1356184482574461 -0.035935074090957635 -1.0000000180025095e-35 -1.5322852730751035 -0.44854241609573359 0.97228002548217785 1.0000000180025095e-35
decision_type=2 2 2 2 2 2 2 2 2 2 2 2 2 2
left_child=5 2 -2 7 9 8 12 -3 13 -4 -11 -12 -6 -1
right_child=1 3 4 -5 6 -7 -8 -9 -10 10 11 -13 -14 -15
leaf_value=0.0035713801776859951 -0.018385397959331522 -0.0037436745593626688 0.010262661972997947 -0.0059742444220001406 -0.017349909525995078 -0.0063172616338988954 0.0056422637186687996 0.015898070050094377 -0.0014231406241458008 0.010446088428693476 0.0052544899874970973 -0.020141580249667859 0.0009891659199288002 0.01796328701743009
leaf_weight=7.3076012816745815 9.3926030090078694 5.1609648857265702 15.048575806431472 9.3021130627021176 13.6474164063111 7.3563919365406027 5.8195035718381396 17.854699914110828 9.3038895353674871 2.0032744705677006 4.4341554213315222 3.8933111432124905 5.2404951304197303 16.128767317160964
leaf_count=39 63 28 57 56 99 38 19 101 44 4 26 125 19 50
internal_value=0.00144149 -0.00131979 -0.00570126 0.00642755 -0.00186978 0.00720857 -0.00849468 0.0116116 0.010682 0.00491634 -0.00367868 -0.0097208 -0.0131197 0.0148928
internal_weight=131.894 91.7971 59.4793 32.3178 50.0867 40.0967 24.7074 23.0157 32.7403 25.3793 10.3307 8.32747 18.8879 23.4364
internal_count=768 597 412 185 349 171 137 129 133 212 155 151 118 89
is_linear=0
shrinkage=0.03


Tree=234
num_leaves=15
num_cat=0
split_feature=7 2 0 2 10 26 7 18 23 14 26 26 7 29
split_gain=3.53151 3.08777 2.25076 2.30946 3.0647 3.92818 4.10799 3.02161 2.30656 3.13659 1.34924 2.12786 1.10561 0.555976
threshold=-1.020610451698303 -1.5322852730751035 -1.7491278648376463 0.65601173043251049 1.0000000180025095e-35 -0.57133942842483509 0.82027283310890209 -0.74340504407882679 -0.38448172807693476 1.0000000180025095e-35 1.0298837423324587 -0.19845880568027494 1.0000000180025095e-35 1.2979483008384707
decision_type=2 2 2 2 2 2 2 2 2 2 2 2 2 2
left_child=-1 -2 -3 4 7 12 13 -4 -9 -10 11 -5 -6 -7
right_child=1 2 3 10 5 6 -8 8 9 -11 -12 -13 -14 -15
leaf_value=0.012972028114844601 0.0089092158515247273 -0.016908706925561207 -0.012134931149440862 -0.0042587401011913092 -0.0046101995240693736 -0.027497388725002458 0.0018461808995286772 0.01208453700286705 -0.011561818731668503 0.0073237532827964986 -0.0047251676592217828 0.01547374261614254 0.0093520691834371224 -0.0041840992048091082
leaf_weight=11.646266695577649 15.771044708788393 5.6903371217194936 7.8012044280767432 4.6505605657584992 5.9268193740863335 10.646410858607856 6.3616130761802188 14.512022890150545 9.8964036423712987 12.054408919066189 4.6802973728626958 10.155778997752348 5.1160439243540168 3.1453384086489669
leaf_count=50 51 55 47 41 48 150 24 53 58 43 19 95 21 17
internal_value=1.44401e-05 -0.00176277 -0.00377772 -0.00218424 -0.00454864 -0.0110263 -0.0176255 0.000672393 0.00454543 -0.00175606 0.0060309 0.00976543 0.00275706 -0.0247085
internal_weight=128.055 116.408 100.637 94.9469 75.4603 31.1962 20.1534 44.264 36.4628 21.9508 19.4866 14.8063 11.0429 13.7917
internal_count=772 722 671 616 461 260 191 201 154 101 155 136 69 167
is_linear=0
shrinkage=0.03


Tree=235
num_leaves=15
num_cat=0
split_feature=33 37 26 30 6 6 11 19 29 2 4 1 29 30
split_gain=2.65953 4.75413 3.5666 3.49457 2.27626 3.98226 2.17221 1.78577 1.80284 1.65856 1.60722 1.2044 0.500426 0.342531
threshold=1.1107677668333056 1.0000000180025095e-35 -0.71593949198722828 -0.31242194771766657 -0.79625746607780445 -0.35292506217956537 0.14425361156463626 0.76058205962181102 -0.78710922598838795 -0.25577870011329645 0.59577149152755748 -0.66603073477745045 0.25541954487562185 -0.7494315207004546
decision_type=2 2 2 2 2 2 2 2 2 2 2 2 2 2
left_child=2 -2 6 -3 9 -6 10 8 -7 -4 -1 13 -8 -10
right_child=1 3 4 -5 5 7 12 -9 11 -11 -12 -13 -14 -15
leaf_value=-0.0074124656637308819 0.0092908249521137191 0.0017697968122281369 0.018975790479497844 -0.021734960427098993 -0.012396654726103058 -0.0031180405364523603 -0.018299775051974998 -0.0022950854558285226 0.003964753047014445 0.0030097141533498477 0.0086563077770675165 0.014969231375739937 -0.0028198198839759886 -0.0054496144191689376
leaf_weight=5.2787054460495728 7.4795332849025753 7.5586619582027259 11.503633707761766 11.748168352874922 8.9766580555587989 6.300475660711526 5.4756898535415512 15.053723961114882 2.0222241198644042 12.566189093748106 7.5584167430642992 20.697062714607458 4.9036484807729721 2.0968776685767834
leaf_count=57 34 41 32 71 53 29 39 57 12 50 36 171 21 52
internal_value=0.000539312 -0.00710523 0.00277601 -0.0140617 0.00576305 0.00198359 -0.00663125 0.00571759 0.00937507 0.0125917 0.00182311 0.0125379 -0.0142808 -0.00118804
internal_weight=129.22 26.7864 102.433 19.3068 79.2168 55.147 23.2165 46.1704 31.1166 24.0698 12.8371 24.8162 10.3793 4.1191
internal_count=755 146 609 112 456 374 153 321 264 82 93 235 60 64
is_linear=0
shrinkage=0.03


Tree=236
num_leaves=15
num_cat=0
split_feature=6 14 3 64 1 6 30 3 19 15 30 64 19 26
split_gain=2.17174 2.34293 3.97529 2.26756 2.24866 2.19327 2.01218 1.71099 2.48157 1.40459 0.838095 0.603508 0.580047 2.1108
threshold=-0.57459124922752369 -0.12352122738957404 -0.24481490254402158 1.0000000180025095e-35 -0.66603073477745045 0.3859622329473496 -0.33795437216758722 0.60852527618408214 0.072349857538938536 1.0000000180025095e-35 -0.068336756899952875 1.0000000180025095e-35 0.15984890609979632 -0.19845880568027494
decision_type=2 2 2 2 2 2 2 2 2 2 2 2 2 2
left_child=9 2 4 -3 -2 -4 -6 8 10 12 -5 -8 13 -1
right_child=1 3 5 7 6 -7 11 -9 -10 -11 -12 -13 -14 -15
leaf_value=-0.0051517933339535298 -0.011172835395040378 -0.0087253849355895842 -0.021353943729870851 0.011143838760982745 0.01404289086522242 -0.0012571711331870077 0.0034578278567181479 0.012406953091736421 -0.008834014685626973 -0.002739931944660161 -0.00085309281646628223 -0.010126260841819574 0.01324579210356429 0.010510681022228154
leaf_weight=9.1417061071842891 2.3510938576073412 7.3882818035781375 10.138817895669492 9.771641805768013 10.065736229764298 8.1954569751396757 1.7770554058952268 15.374005950987337 9.8766419412568194 9.0358663629740459 7.0916873654350683 2.038744468998626 14.776727207005022 13.920596327167006
leaf_count=60 67 38 105 36 60 42 16 52 44 35 34 85 48 54
internal_value=0.00190378 -0.00101839 -0.00652744 0.00307444 0.00384275 -0.0145649 0.00867113 0.00585084 0.000720763 0.00673764 0.00705736 -0.00542688 0.0090565 0.00449048
internal_weight=130.944 84.0692 34.5669 49.5023 16.2326 18.3343 13.8815 42.114 26.74 46.8749 16.8633 3.8158 37.839 23.0623
internal_count=776 579 375 204 228 147 161 166 114 197 70 101 162 114
is_linear=0
shrinkage=0.03


Tree=237
num_leaves=15
num_cat=0
split_feature=0 12 5 16 16 20 12 12 22 10 29 26 17 1
split_gain=2.95752 2.70315 2.23956 2.55804 2.13086 2.43061 4.5917 3.68545 1.7855 1.68016 2.58814 1.19684 0.624943 0.526815
threshold=-1.7491278648376463 2.035321950912476 0.98561537265777599 -1.6151411533355711 1.6771685481071474 -0.68904364109039296 0.34650143980979925 1.0215593576431277 -0.057830756530165665 0.16415620595216754 1.4543275833129885 -0.71593949198722828 0.14345885813236239 -0.54761700332164753
decision_type=2 2 2 2 2 2 2 2 2 2 2 2 2 2
left_child=12 2 3 -2 5 6 -5 9 13 10 11 -7 -1 -4
right_child=1 -3 8 4 -6 7 -8 -9 -10 -11 -12 -13 -14 -15
leaf_value=-0.016898548545833014 -0.0087637413887523899 -0.011953445494283146 0.0072590172116335618 -0.01415987735591946 -0.0058439905228897474 -0.0013305492809271046 0.012240266343190814 -0.0051235956184634618 -0.014811464604849726 0.017754883736480126 -0.0072873040325050461 0.011825512284813783 -0.00084844862852865731 -0.0032401240431096218
leaf_weight=4.0976472811307749 6.8235409595072261 6.0260477671399704 3.9445133927511042 8.4179708361625654 8.213904978707431 6.304514025337979 5.7911916207522145 10.621129240840672 5.3183698158245525 25.807476049754769 5.8860739395022383 33.233122782257865 3.6041512712836266 4.2017909868154666
leaf_count=52 36 29 34 77 35 37 17 50 36 113 29 209 13 37
internal_value=0.00122407 0.00248128 0.00361394 0.005047 0.00631039 0.00758738 -0.00301469 0.00949545 -0.00637524 0.0118683 0.00709497 0.00981384 -0.0126783 0.00267097
internal_weight=138.291 130.59 124.564 111.099 104.275 96.0615 14.2092 81.8523 13.4647 71.2312 45.4237 39.5376 7.7018 8.1463
internal_count=804 739 710 603 567 532 94 438 107 388 275 246 65 71
is_linear=0
shrinkage=0.03


Tree=238
num_leaves=15
num_cat=0
split_feature=19 25 6 6 14 28 27 9 18 28 23 25 22 14
split_gain=2.75265 2.64503 2.58901 3.41644 3.04476 2.58353 8.35593 2.10871 2.39494 2.02621 2.72701 1.47758 1.30099 0.976213
threshold=-2.5477769374847408 -1.5113565325736997 1.4942932128906252 -0.7223687171936034 -0.12352122738957404 0.55527767539024364 -0.043699009343981736 -0.035935074090957635 -0.29894201457500452 -0.60259833931922901 -1.3291178345680235 1.0000000180025095e-35 0.064371716231107726 0.53560002148151409
decision_type=2 2 2 2 2 2 2 2 2 2 2 2 2 2
left_child=-1 -2 3 7 9 6 -6 8 -3 -5 -11 -10 -7 -8
right_child=1 2 -4 4 5 12 13 -9 11 10 -12 -13 -14 -15
leaf_value=0.015826515546921771 0.010505495212353454 0.017091445002633973 0.0086030859076030048 -0.00078962091684379283 -0.025447987945296343 -0.0019844005024535582 0.011059810060199172 -0.0063927735795184281 -0.0083016617832984869 0.002124466262186357 -0.024417893151026958 0.0068186975177276952 0.012383534053190686 -0.0017348329126365535
leaf_weight=5.2938178218901148 12.544101059436796 8.8301521986722982 12.874662727117537 7.2023624042049041 8.1087359264492989 8.1159005984663946 7.5719098467379951 8.5740637294948012 6.1699464283883572 3.3802713388577095 13.115678087691775 7.158045454416424 7.6772471852600566 7.3165043741464615
leaf_count=15 42 26 53 53 48 39 31 45 31 14 262 32 22 29
internal_value=0.00094347 -0.000333797 -0.00203051 -0.00386229 -0.00769214 -0.00194 -0.00771204 0.00391172 0.00834189 -0.0151291 -0.0197499 -0.000536179 0.00629832 0.0059168
internal_weight=123.933 118.64 106.095 93.2208 62.4886 38.7903 22.9972 30.7322 22.1581 23.6983 16.4959 13.328 15.7931 14.8884
internal_count=742 727 685 632 498 169 108 134 89 329 276 63 61 60
is_linear=0
shrinkage=0.03


Tree=239
num_leaves=15
num_cat=0
split_feature=7 6 5 66 33 19 0 27 6 4 4 10 27 19
split_gain=2.84606 2.70109 2.96065 2.91418 1.75724 3.00001 2.12738 2.41404 2.75936 3.57615 2.55573 2.02092 1.99667 1.11555
threshold=-1.0997747182846067 1.4942932128906252 0.98561537265777599 1.0000000180025095e-35 1.1107677668333056 -0.80740734934806813 0.11180475258152002 -0.43253476917743677 -1.0179236233234403 -0.39583982527256006 0.69493263959884655 0.36197219789028173 -0.091849088668823228 0.84444591403007518
decision_type=2 2 2 2 2 2 2 2 2 2 2 2 2 2
left_child=-1 2 3 -2 6 -6 12 11 -9 -10 -11 -8 13 -5
right_child=1 -3 -4 4 5 -7 7 8 9 10 -12 -13 -14 -15
leaf_value=0.0127756289335735 -0.014829699482168794 0.0094185387998443337 -0.016737754620208468 -0.0059915087659818218 0.006652290174936122 -0.014039463672355871 -0.0010591676897142267 0.0059090106668830559 0.0050416353856005324 -0.02440091183475096 -0.00010315291458109856 0.015559455186989143 0.015107977295978745 0.0082308495824030218
leaf_weight=9.9092617779970151 7.2317704912275067 14.042775027453898 7.2704698402667409 7.9393835547380167 6.4857038054615286 11.2761053442955 14.086514010792593 8.9280286512803233 6.4209713057498439 9.2114733600174237 5.4262744068400925 6.4755559745244673 13.729514433071015 3.075971283018589
leaf_count=35 49 54 81 94 28 71 75 31 52 80 37 32 44 10
internal_value=0.000389982 -0.00108403 -0.00281273 -0.00105629 0.000715713 -0.00668231 0.00276835 -0.000893441 -0.00594417 -0.011139 -0.0177133 0.00619424 0.00914143 -0.000690233
internal_weight=131.51 121.601 107.558 100.287 93.0555 17.7618 75.2937 50.5488 29.9867 21.0587 14.6377 20.5621 24.7449 11.0154
internal_count=773 738 684 603 554 99 455 307 200 169 117 107 148 104
is_linear=0
shrinkage=0.03


Tree=240
num_leaves=15
num_cat=0
split_feature=22 14 6 17 3 5 8 8 0 29 8 11 8 4
split_gain=3.29151 2.4963 2.95622 2.27957 2.71135 2.7052 2.05361 2.88171 1.97494 1.86505 1.70169 2.77507 1.06537 0.751355
threshold=-1.240938067436218 -0.7562313675880431 -0.94403490424156178 -0.18902878463268277 0.45212295651435858 -0.81290587782859791 0.072937257587909712 -0.463143840432167 0.67429283261299144 -1.2562471628189085 -0.14817012101411817 0.60502856969833385 -0.75934427976608265 -0.54458153247833241
decision_type=2 2 2 2 2 2 2 2 2 2 2 2 2 2
left_child=-1 2 -2 4 5 -3 7 12 -6 -9 -5 -12 -7 -4
right_child=1 3 13 10 8 6 -8 9 -10 -11 11 -13 -14 -15
leaf_value=-0.013662593636046475 0.007655300476040983 -0.0098014849762022346 -0.00095580667536014771 0.013031653627009664 -0.013990035580743253 -0.00086990970956208572 0.014562057037855743 0.0048524260068293886 0.0032755197832114676 -0.017272418575084169 0.0087477456582696188 -0.0088660501854345933 0.01433367286177889 -0.018460414156575112
leaf_weight=7.1097043692716388 4.5068587474524966 5.3964138129958874 3.4558659316971889 27.959233939647675 11.415680796373637 5.9355611561331898 14.59605833981186 2.5850466005504087 6.8714235536754122 4.6404803327168445 15.262600164860489 8.508552744984625 5.5839042547158844 6.2682257276028386
leaf_count=57 18 47 28 90 60 42 55 10 27 161 52 41 25 56
internal_value=0.00135756 0.00272569 -0.00745259 0.00432658 8.33941e-05 0.00447999 0.00776827 0.000525784 -0.00819213 -0.0106096 0.00858443 0.00199799 0.00860762 -0.0146765
internal_weight=130.096 122.986 14.231 108.755 57.0246 38.7375 33.3411 18.745 18.2871 7.22553 51.7304 23.7712 11.5195 9.72409
internal_count=769 712 102 610 427 340 293 238 87 171 183 93 67 84
is_linear=0
shrinkage=0.03


Tree=241
num_leaves=15
num_cat=0
split_feature=7 2 47 30 27 25 26 12 22 17 30 7 6 6
split_gain=2.63841 2.92299 3.36379 2.37734 2.55436 2.30805 2.18965 3.35355 4.51026 2.80795 3.10984 2.24417 2.00784 1.24424
threshold=-1.1098272800445554 -1.5322852730751035 1.0000000180025095e-35 -0.69121086597442616 -0.36147329211235041 -0.62305282056331623 -0.43790842592716211 -0.77100482583045948 0.04449934326112271 -0.28615595400333399 -0.23709783703088758 0.34528724849224096 -0.057370150461792939 -0.57459124922752369
decision_type=2 2 2 2 2 2 2 2 2 2 2 2 2 2
left_child=-1 -2 -3 12 5 -5 -6 -8 9 -9 -11 13 -4 -12
right_child=1 2 3 4 6 -7 7 8 -10 10 11 -13 -14 -15
leaf_value=0.014099220715267827 0.010548420381936584 0.011885684551641632 -0.0042381086896752492 -0.00064462934536977496 0.0075431810156735835 -0.019282940115598508 0.0073644063986299958 0.012415921063057389 -0.022287026251412417 0.0082830329132191211 -0.0010271428814438296 0.0021308453637452927 0.01206311139957366 -0.024904064325547027
leaf_weight=8.4081337610259634 15.296556688845156 9.361610680818556 8.9944411627948302 9.254577489569785 11.850055674090973 13.960761132650068 10.571258359588674 5.0759400688111702 10.008274741354397 5.1338434508070305 3.0020186095498431 4.9107397124171257 9.7878902484662813 4.9783887266531099
leaf_count=28 50 34 58 40 51 128 55 19 68 17 13 22 51 117
internal_value=0.00146637 7.69577e-05 -0.00182598 -0.00365759 -0.0058998 -0.0132838 -0.00197051 -0.00506115 -0.00947415 -0.000945248 -0.00658695 -0.0131687 0.00500699 -0.0197776
internal_weight=130.594 122.186 106.89 97.5282 78.7459 23.2153 55.5305 43.6805 33.1092 23.1009 18.025 12.8911 18.7823 7.98041
internal_count=751 723 673 639 530 168 362 311 256 188 169 152 109 130
is_linear=0
shrinkage=0.03


Tree=242
num_leaves=15
num_cat=0
split_feature=60 9 72 18 9 5 9 23 5 35 9 35 12 5
split_gain=2.34866 3.09987 2.37029 2.25369 3.28102 4.29197 4.00351 2.76842 2.67676 2.04174 1.99634 1.2502 1.08552 1.41479
threshold=1.0000000180025095e-35 1.5308215618133547 1.0000000180025095e-35 -0.17293284088373181 -0.21671468764543531 1.0000000180025095e-35 -0.076108321547508226 0.37122716009616857 -0.37424215674400324 1.0000000180025095e-35 -0.37740768492221827 -1.0000000180025095e-35 0.9522099792957307 -1.2077032327651975
decision_type=2 2 2 2 2 2 2 2 2 2 2 2 2 2
left_child=1 3 -2 4 5 -1 12 9 -8 10 -5 -10 13 -6
right_child=2 -3 -4 7 6 -7 8 -9 11 -11 -12 -13 -14 -15
leaf_value=0.017309248890797543 -0.017501462459557894 -0.014613980565562512 0.001673795962300663 0.0079055589455010195 0.0026112453732933913 -0.0045366537738385556 -0.0070959908575626875 0.0058034842514440464 0.0013180096820922472 -0.016345723335132498 -0.0082304599261159746 0.017810006102508817 0.002006539779835888 -0.022696040458792022
leaf_weight=25.074673533439636 8.2346884120488539 5.2629114878363898 8.9153023234102875 7.9736344227567342 1.3117050500586644 8.6620231224223954 6.4704159707762328 18.213999350555241 7.6857300028204927 9.2403942281380314 9.7925085565075261 6.8482831772416803 1.7971383109688757 4.7422481150715621
leaf_count=90 57 48 55 31 12 49 44 69 47 62 51 23 7 159
internal_value=-0.000455579 0.00124267 -0.00940565 0.00263012 0.00612413 0.0118386 -0.00131873 -0.00233436 0.00562765 -0.00787198 -0.000842713 0.0116585 -0.0148618 -0.0185118
internal_weight=130.226 113.076 17.15 107.813 62.5922 33.7367 28.8555 45.2205 21.0044 27.0065 17.7661 14.534 7.85109 6.05395
internal_count=804 692 112 644 431 139 292 213 114 144 82 70 178 171
is_linear=0
shrinkage=0.03


Tree=243
num_leaves=15
num_cat=0
split_feature=0 17 21 11 30 3 11 11 9 20 28 28 17 32
split_gain=3.1203 1.99567 2.88135 2.77747 4.08611 3.50311 1.71227 2.28188 2.30282 1.71128 1.88398 1.93641 1.59118 0.856648
threshold=-1.7491278648376463 0.38037602603435522 -0.54492221772670735 -0.53274267911911 -0.93116486072540272 0.97228002548217785 0.21782523393630984 1.1717537045478823 -0.37740768492221827 0.19496768712997439 -0.67070868611335743 0.62338802218437206 1.0054583549499514 1.0000000180025095e-35
decision_type=2 2 2 2 2 2 2 2 2 2 2 2 2 2
left_child=-1 2 -2 4 -4 6 9 8 -8 10 -5 -12 -3 -7
right_child=1 12 3 5 -6 13 7 -9 -10 -11 11 -13 -14 -15
leaf_value=-0.014883004552987631 0.0095694305245390739 0.016919244701193704 0.0079939883498474622 -0.010784980861186086 -0.018441699955139695 -0.0008782834475825666 0.0038056638094699246 0.00787030793237075 -0.015562550725083201 0.018047830451895827 0.013371435873371194 -0.0062818040449911048 0.00071909791316320079 -0.014944222325687134
leaf_weight=5.3414845623774445 18.788935804739594 8.4268465712666529 4.1940244650468257 2.6054660584777585 12.533127471804617 6.6883753836154938 7.1863986887037754 11.041864138096569 7.2493354761973041 7.9916161783039561 7.8722029907512496 3.3207425544969738 9.975295811891554 7.2415827419608814
leaf_count=57 71 26 23 19 128 23 27 36 46 22 137 40 40 39
internal_value=0.000979789 0.00230473 0.00038238 -0.0022762 -0.0114991 0.00092285 0.00486529 -0.00059057 -0.00742208 0.0101641 0.00201218 0.00740141 0.0101675 -0.0102064
internal_weight=120.457 115.116 96.7137 77.9247 16.7272 61.1976 47.2676 25.4776 14.4357 21.79 13.7984 11.1929 18.4021 13.93
internal_count=734 677 611 540 151 389 327 109 73 218 196 177 66 62
is_linear=0
shrinkage=0.03


Tree=244
num_leaves=15
num_cat=0
split_feature=15 2 14 29 28 18 18 20 17 16 7 14 8 18
split_gain=2.17118 2.28253 2.39831 3.25476 2.32871 2.74585 2.81754 3.2739 1.96876 1.96081 1.90137 1.48817 1.66641 1.44124
threshold=1.0000000180025095e-35 -0.98521101474761952 0.15498968958854678 -0.057339081540703767 1.1682708263397219 -0.36572434008121485 -0.21775482594966886 -0.54071959853172291 0.10322295874357225 -0.012192256050184367 0.4106291681528092 -0.7562313675880431 -1.0000000180025095e-35 -0.34180954098701471
decision_type=2 2 2 2 2 2 2 2 2 2 2 2 2 2
left_child=1 -1 4 -4 5 -3 -7 -8 11 -5 -2 -9 -13 -6
right_child=10 2 3 9 13 6 7 8 -10 -11 -12 12 -14 -15
leaf_value=0.010450899713907381 -0.012879587991315621 0.01240115474370152 0.0066402069169126578 -0.018382182441511238 -0.015852909366323321 -0.016171324366286183 -0.010816508058223286 -0.001991546949700192 -0.0066490719889555324 -4.6957603107448231e-05 0.0032338805982353278 0.00058342168227754694 0.020963450860584969 0.0033870059552360437
leaf_weight=22.743146657943726 11.521937387064101 24.879489266546443 8.6482298895716685 10.764322694391014 3.4446812474634498 3.0593633297830847 5.9166662618517902 4.1584225222468474 2.9109564125537863 7.9084232449531546 8.2289804164320213 5.2123617031029523 9.3873555129393775 3.5121416500769547
leaf_count=77 58 112 29 68 35 20 56 28 16 34 29 152 26 35
internal_value=0.00126717 0.00292647 0.000570158 -0.00618056 0.00376124 0.00592909 -0.000327787 0.00364106 0.00887645 -0.0122668 -0.00686903 0.012178 0.0156924 -0.00878512
internal_weight=132.296 112.546 89.8024 27.321 62.4814 55.5246 30.6451 27.5858 21.6691 18.6727 19.7509 18.7581 14.5997 6.95682
internal_count=775 688 611 131 480 410 298 278 222 102 87 206 178 70
is_linear=0
shrinkage=0.03


Tree=245
num_leaves=15
num_cat=0
split_feature=9 60 2 2 25 18 28 30 9 22 27 18 22 16
split_gain=2.32902 3.05905 3.04276 2.36227 1.86138 1.62575 3.23852 3.07708 3.01572 2.58729 2.25587 2.06578 1.60195 1.34864
threshold=0.3055375218391419 1.0000000180025095e-35 0.29129555821418768 0.10893747303634883 -0.32695157825946802 -0.20476790517568585 1.1682708263397219 1.0377355813980105 -0.2368013113737106 -0.20343699306249616 0.4708238691091538 0.58215314149856578 0.95829182863235485 -0.012192256050184367
decision_type=2 2 2 2 2 2 2 2 2 2 2 2 2 2
left_child=1 5 -2 -3 -4 6 7 10 9 -7 13 -10 -6 -1
right_child=2 3 4 -5 12 8 -8 -9 11 -11 -12 -13 -14 -15
leaf_value=0.017621309689151276 -0.016266117021667578 0.0025893412193015259 -0.0078725847257627435 -0.018254849029023742 -0.0028649881537681902 0.0030540153319907237 -0.0094570411884667503 -0.0065785777545091344 -0.0022899931199278235 -0.015843349498074987 -0.0032147627894972947 0.013934289107484538 0.01661819294815425 2.0012202230288089e-05
leaf_weight=30.730881062394467 10.140713379252704 7.2043067568447423 5.0379909379407755 5.4124733151984401 4.3409041140694153 9.5071165282279271 4.5130134858191004 5.1808196846395722 10.487120088189842 9.2856461443006975 4.847005774267017 10.966232533566652 4.1843497389927506 4.4131412263959708
leaf_count=224 74 28 31 48 58 41 36 25 50 44 26 39 9 23
internal_value=0.000672643 0.00267533 -0.00694816 -0.0089958 0.00252331 0.00470028 0.00806836 0.0105873 0.000110179 -0.00765054 0.013295 0.00706953 0.00930598 0.0156888
internal_weight=126.252 102.548 23.704 12.6168 13.5632 89.931 49.6849 45.1718 40.2461 18.7928 39.991 21.4534 8.52525 35.144
internal_count=756 584 172 76 98 508 334 298 174 85 273 89 67 247
is_linear=0
shrinkage=0.03


Tree=246
num_leaves=15
num_cat=0
split_feature=19 9 6 6 12 19 4 12 26 26 19 15 30 29
split_gain=2.51377 2.51141 2.82922 2.56166 2.44901 3.07165 3.4737 3.28311 3.05966 2.11457 1.75188 1.54307 1.87638 2.14538
threshold=-2.4122897386550899 0.98848271369934093 -0.57459124922752369 0.16429603844881061 1.5160244107246401 0.069653369486331954 0.14954640716314319 -1.2096027731895445 -0.43790842592716211 -0.43790842592716211 0.43778336048126226 1.0000000180025095e-35 -0.091874383389949785 0.51605173945426952
decision_type=2 2 2 2 2 2 2 2 2 2 2 2 2 2
left_child=-1 2 11 -3 5 7 9 -4 -8 -7 -10 12 13 -2
right_child=1 3 4 -5 -6 6 8 -9 10 -11 -12 -13 -14 -15
leaf_value=0.013144661855836801 -0.0080615405447975897 -0.006083846896607386 0.0046515387397308558 0.014527009407579995 -0.021119036056513787 -0.00673657388806058 0.0043066998935995734 -0.019935766287049982 0.00029159046999095164 0.011159070253234827 -0.022377753870732729 -0.006634829221148544 0.013307595171424201 0.0092650875106982701
leaf_weight=5.5681767407804719 10.252979849930854 5.0554749467410138 4.5660716872662332 9.8372443052940053 5.5578119438141576 4.2109177764505139 8.1203351588919777 12.272007899824528 4.0179163171560486 18.824413715978157 6.4464355362579226 7.5102517977356902 10.82237288542092 6.1547740772366515
leaf_count=20 61 51 26 39 35 30 44 108 61 157 31 29 35 20
internal_value=-0.000924069 -0.00213824 -0.00393292 0.00775987 -0.00747664 -0.00461779 0.00014581 -0.0137299 -0.00835333 0.00726969 -0.0163936 0.00271617 0.00592443 -0.000916143
internal_weight=119.217 113.649 98.7563 14.8927 64.0159 58.4581 41.62 16.8381 18.5847 23.0353 10.4644 34.7404 27.2301 16.4078
internal_count=747 727 637 90 492 457 323 134 136 187 92 145 116 81
is_linear=0
shrinkage=0.03


Tree=247
num_leaves=15
num_cat=0
split_feature=63 17 8 68 2 8 17 28 21 20 14 19 19 8
split_gain=2.40225 2.48752 2.80593 3.00946 3.97106 2.75274 2.18853 1.6691 1.6293 5.22491 2.29632 2.30466 3.14527 1.41715
threshold=1.0000000180025095e-35 -0.38846583664417261 0.14803033322095874 1.0000000180025095e-35 0.47365364432334905 0.60067468881607067 -0.371030643582344 0.52122250199317943 -0.23194614052772519 0.70520243048667919 0.87929600477218639 0.28258453309535986 -0.13801803439855573 -0.17320114374160764
decision_type=2 2 2 2 2 2 2 2 2 2 2 2 2 2
left_child=6 5 8 -4 7 -2 -1 -5 -3 10 11 12 -10 -8
right_child=1 2 3 4 -6 -7 13 -9 9 -11 -12 -13 -14 -15
leaf_value=0.005349673478872323 -0.014290091209419898 0.016325368274767233 0.009451288321137348 -0.018809877164088298 0.0086900056482782373 0.0078444862601241578 -0.00093742790829111312 2.7338365875697392e-06 0.0011892200018026632 0.016778107749319742 0.010743853819427236 0.0027901593948262372 -0.022619145792251188 -0.019452116149573057
leaf_weight=5.5938180247321752 8.9591943188570422 14.119309544563292 9.5709371808916313 11.298041831701999 6.2542373281903556 3.9907991997897616 6.4363412936218092 5.7371627688407889 8.0892588989809102 16.045163203030825 5.1567449867725363 13.974679954349993 6.3222283052746269 5.9693499592831332
leaf_count=39 85 38 33 59 28 13 44 27 46 51 14 52 157 78
internal_value=0.00165536 0.00337754 0.00507778 -0.00187587 -0.00737856 -0.00718384 -0.00727947 -0.0139111 0.00853998 0.00503095 -0.00203586 -0.00561882 -0.0123913 -0.012875
internal_weight=127.517 109.518 96.5678 32.8604 23.2894 12.95 17.9995 17.0352 63.7074 49.5881 33.5429 28.3862 14.4115 12.4057
internal_count=764 603 505 147 114 98 161 86 358 320 269 255 203 122
is_linear=0
shrinkage=0.03


Tree=248
num_leaves=15
num_cat=0
split_feature=0 8 8 8 7 14 3 14 2 3 12 22 27 2
split_gain=2.38538 1.81778 3.01542 2.94055 2.32147 2.32179 3.86791 2.09203 2.64325 2.07456 1.87243 1.53233 1.24848 0.88775
threshold=-1.7491278648376463 -1.3288000822067259 -0.80732044577598561 -0.17320114374160764 -0.15734300762414929 -0.58715945482254017 1.7901714444160464 -0.12352122738957404 0.29129555821418768 -0.44037659466266627 -0.26229315996170038 -0.31436178088188166 -0.43253476917743677 -1.0000000180025095e-35
decision_type=2 2 2 2 2 2 2 2 2 2 2 2 2 2
left_child=-1 -2 12 11 5 -5 -7 8 9 -6 -9 -4 -3 -12
right_child=1 2 3 4 7 6 -8 10 -10 -11 13 -13 -14 -15
leaf_value=-0.011720377584643196 0.013542560330238934 0.001619266599118097 -0.00059067535574330475 0.0045395272793263396 0.0013967743118147402 -0.023143418051417997 0.0080738314909150951 -0.0031046033899909302 0.0077287722648705448 -0.01863964516239789 0.013753234156336445 0.013789134443186975 -0.017141333883805159 0.0018255113630627675
leaf_weight=7.2444338439963749 6.5163615401834241 3.4015554166398942 8.5723083075135964 4.8189484784379593 6.5309899593703458 7.5917024964001012 2.1066879034042358 11.404365658760062 6.0503077323082826 7.007182892411941 15.306774899363512 19.851042701164261 5.7954534767195565 10.160956848412772
leaf_count=59 28 30 42 25 32 159 5 52 39 45 51 91 53 40
internal_value=0.000941706 0.00219327 0.000946169 0.00267168 -0.000733507 -0.00970744 -0.0159226 0.00217592 -0.0049738 -0.0112041 0.0061146 0.0100127 -0.0120761 0.0100749
internal_weight=122.359 115.115 108.598 99.4013 70.9779 14.5173 9.69839 56.4606 19.5885 13.5382 36.8721 28.4234 9.19701 25.4677
internal_count=751 692 664 581 448 189 164 259 116 77 143 133 83 91
is_linear=0
shrinkage=0.03


Tree=249
num_leaves=14
num_cat=0
split_feature=6 6 3 13 13 19 25 9 16 8 29 9 20
split_gain=2.76564 3.44972 3.49905 3.7113 2.15933 2.13722 2.06156 1.77457 1.8345 1.58682 1.30393 0.330263 0.0343556
threshold=-0.7223687171936034 1.4942932128906252 1.7901714444160464 -0.33918945491313929 2.0482325553894047 -0.38411617279052729 -1.8074578046798704 -0.076108321547508226 0.78618067502975475 0.6590804159641267 -0.057339081540703767 -0.49792742729187006 0.040710680186748512
decision_type=2 2 2 2 2 2 2 2 2 2 2 2 2
left_child=7 2 3 5 6 -2 -5 8 12 10 11 -8 -1
right_child=1 -3 -4 4 -6 -7 9 -9 -10 -11 -12 -13 -14
leaf_value=0.0063332968197694637 0.012647359631903181 0.0091930270404412748 0.009565089249876731 0.0043066088997359619 0.0047143052742124689 -0.005054511927340224 -0.00058337891378500834 -0.0031359279042977653 -0.0012852217214460316 -0.0036254123441693473 -0.022913124451986171 -0.0097240313606620655 0.01732870858558665
leaf_weight=9.4180092811584526 7.3641213066875926 14.256172385998068 8.4597347909584624 3.5425361320376316 4.5096471682190886 8.193392660468815 6.129759781062603 9.5238183103501779 8.1879819072782976 12.21158369630575 17.627519444504305 6.5138879790902049 10.09978625923395
leaf_count=43 29 58 28 13 16 45 24 51 33 57 302 38 28
internal_value=0.000520703 -0.00236915 -0.00501896 -0.00742712 -0.0111227 0.00436275 -0.0129844 0.00687855 0.0102741 -0.0147279 -0.0180578 -0.00671371 0.0143966
internal_weight=126.038 88.8084 74.5522 66.0924 50.5349 15.5575 46.0253 37.2296 27.7058 42.4828 30.2712 12.6436 19.5178
internal_count=765 610 552 524 450 74 434 155 104 421 364 62 71
is_linear=0
shrinkage=0.03


Tree=250
num_leaves=15
num_cat=0
split_feature=12 3 5 8 10 14 29 14 23 10 24 17 23 29
split_gain=2.81667 3.01841 2.53055 2.21771 3.49381 5.02825 2.5542 2.45916 2.07055 1.42099 2.0392 1.75287 1.40141 1.92361
threshold=2.035321950912476 -0.86358290910720814 1.512011766433716 -0.17320114374160764 0.36197219789028173 0.87929600477218639 -0.94348853826522816 0.41321270167827612 -0.57340894639492024 0.36197219789028173 -0.20840055495500562 -0.25323063880205149 0.93800884485244762 0.51605173945426952
decision_type=2 2 2 2 2 2 2 2 2 2 2 2 2 2
left_child=1 -1 3 9 5 6 -5 -6 -8 10 -3 -11 13 -10
right_child=-2 2 -4 4 7 -7 8 -9 12 11 -12 -13 -14 -15
leaf_value=-0.010106730331428011 -0.014064208147507912 0.0028661250459389312 -0.010082320290256524 0.0041397593130963421 0.015562439774411831 0.011068393747791682 -0.0010031095578763394 -0.0027254809021609577 -0.027541712701141956 -0.0089707600923629501 0.019088852913982868 0.0094613124706131382 -0.00052941459325843454 -0.00085784139467738987
leaf_weight=10.543612512468824 5.0519929677247992 13.382001245394351 5.9785368380835271 7.4941074028611139 15.288916400633754 10.974509276449679 9.2327845762483758 7.8785509206354609 8.2277877590386286 4.7148715287912637 16.443672078195959 3.8970846347510797 3.4399969950318328 3.383233241736888
leaf_count=126 26 61 48 27 61 38 44 36 138 51 64 11 17 14
internal_value=0.00128936 0.00246419 0.00405152 0.00528519 0.00167692 -0.00338659 -0.00920471 0.00996344 -0.0133266 0.010568 0.0132667 -0.000218314 -0.018751 -0.0223651
internal_weight=125.932 120.88 110.336 104.358 65.9199 42.7524 31.7779 23.1675 24.2838 38.4376 29.8257 8.61196 15.051 11.611
internal_count=762 736 610 562 375 278 240 97 213 187 125 62 169 152
is_linear=0
shrinkage=0.03


Tree=251
num_leaves=15
num_cat=0
split_feature=6 6 4 13 23 73 9 26 13 63 23 0 9 4
split_gain=2.64617 3.32257 3.5826 2.4444 2.01475 2.18329 1.99955 2.75421 2.12127 1.93377 1.88569 1.74822 1.50461 1.37756
threshold=-0.13125888258218762 -0.57459124922752369 -0.34625926613807673 -1.6340597867965696 1.1269360780715945 1.0000000180025095e-35 -0.15645481646060941 -0.43790842592716211 0.67938002943992626 1.0000000180025095e-35 0.37122716009616857 0.67429283261299144 -0.17654144018888471 0.99241602420806896
decision_type=2 2 2 2 2 2 2 2 2 2 2 2 2 2
left_child=1 6 -3 -2 5 12 8 -8 10 13 -1 -11 -5 -7
right_child=3 2 -4 4 -6 9 7 -9 -10 11 -12 -13 -14 -15
leaf_value=-0.0070216073486562653 -0.0099267001429835886 0.0031752420052571727 -0.021521063312664523 -0.012434188079036023 -0.0058284254169024847 -0.010997800837933133 0.0050306115066484306 -0.016261873518764337 0.015856875597905523 0.014799122851336412 0.0075384874884612306 -0.00057535231549803785 0.0058899135293676705 0.0071634827279116456
leaf_weight=11.470456725684931 4.5340963751077643 6.5278797596693066 9.5082699212944117 3.5493759138626046 6.6991487126797429 3.2308147993171579 7.0810759970918298 6.3837886024266464 6.7632945030927649 38.029470587265678 10.576539337635039 7.4424863685271694 3.4996792245656243 2.372968548675999
leaf_count=64 31 37 74 40 35 61 36 39 19 215 35 46 23 10
internal_value=0.00121498 -0.00334336 -0.0131027 0.00501443 0.00669548 0.00848625 0.00135287 -0.00673422 0.00556942 0.010556 6.56068e-05 0.012475 -0.00466777 -0.00355578
internal_weight=127.669 58.3113 16.0361 69.358 64.8239 58.1248 42.2752 13.4649 28.8103 51.0757 22.047 45.472 7.04906 5.60378
internal_count=765 304 111 461 430 395 193 75 118 332 99 261 63 71
is_linear=0
shrinkage=0.03


Tree=252
num_leaves=15
num_cat=0
split_feature=7 28 10 17 26 20 18 26 23 2 22 1 18 7
split_gain=3.5757 2.73104 4.01509 3.55463 3.9818 3.40539 2.96337 2.62658 2.2134 1.97918 1.87067 1.73172 1.43054 1.29004
threshold=-1.1098272800445554 0.55527767539024364 -1.4183717370033262 -0.35375253856182093 1.6665938496589663 -0.64751288294792164 -0.74340504407882679 -0.71593949198722828 -0.57340894639492024 -1.3499271869659422 0.064371716231107726 -0.54761700332164753 -0.56637731194496144 -0.37598715722560877
decision_type=2 2 2 2 2 2 2 2 2 2 2 2 2 2
left_child=-1 2 -2 11 5 -5 -7 8 -3 -8 -10 -4 -9 -13
right_child=1 7 3 4 -6 6 9 12 10 -11 -12 13 -14 -15
leaf_value=0.015547145624782635 0.01211754700639894 -0.014108974983433416 -0.0069516880522367741 0.0013021825236564498 0.0031027001580645483 0.0038626098706502068 -0.0014795838502327787 -0.0013653146036832326 -0.0063265593633779916 -0.026040878962241783 0.011864834853540616 -0.0017622817564643268 0.013796230503494438 0.014006046197765736
leaf_weight=8.2641984717920405 7.1262471973896018 5.2256619313266155 5.5239646648988154 7.9113142965361432 11.96718619391322 2.7792007504031053 4.0599730201065531 6.2565473858267096 5.2313677002675814 19.970246577810041 5.8729178123176098 5.8226409181952485 18.42115737311542 7.6184551324695322
leaf_count=28 23 47 40 41 48 13 18 37 48 250 20 38 82 28
internal_value=0.000797111 -0.000883487 -0.00427754 -0.00678873 -0.0109145 -0.0155282 -0.0199188 0.00495042 -0.00375048 -0.0228607 0.00399124 0.00352608 0.0103699 0.0085495
internal_weight=122.051 113.787 72.7792 65.653 46.6879 34.7207 26.8094 41.0077 16.3299 24.0302 11.1043 18.9651 24.6777 13.4411
internal_count=761 733 499 476 370 322 281 234 115 268 68 106 119 66
is_linear=0
shrinkage=0.03


Tree=253
num_leaves=15
num_cat=0
split_feature=60 25 4 33 17 26 16 5 26 32 12 14 20 12
split_gain=2.52483 3.97896 2.34625 2.78591 1.97955 2.25157 4.26842 2.87497 1.83238 1.96028 3.50613 2.23218 1.67603 1.40954
threshold=1.0000000180025095e-35 0.8574533760547639 0.14954640716314319 1.0000000180025095e-35 0.23418439179658893 1.0000000180025095e-35 -0.50479692220687855 -0.1549102962017059 -0.71593949198722828 1.0000000180025095e-35 0.19656762480735782 0.41321270167827612 -1.0272224545478819 0.38172458112239843
decision_type=2 2 2 2 2 2 2 2 2 2 2 2 2 2
left_child=2 -2 8 4 5 6 -4 -8 -1 -10 11 12 -11 -5
right_child=1 -3 3 13 -6 -7 7 -9 9 10 -12 -13 -14 -15
leaf_value=-0.0051884939921464663 -0.016819464246574774 0.0080105309713364853 -0.018471500081257409 -0.01599208912339059 0.012944278519851159 0.01041252027888627 -0.0089924263186828626 0.013818143155092362 0.013990145644578886 0.0039390377445311046 0.010800733429961249 0.0047110826833912864 -0.019901997968888273 0.00035418602484179701
leaf_weight=7.4404132966883472 11.417937889695169 5.3068728428333989 7.9656119253486457 9.8758921558037418 6.869414046406745 5.1405323389917603 4.1075586384977276 6.9584728201734789 22.082182308658957 1.6221606191247691 13.969206833280621 5.4593245843425393 5.7611526902765062 6.6611479707062236
leaf_count=58 83 23 54 55 24 20 48 50 84 14 53 21 132 23
internal_value=0.000446884 -0.00891043 0.00229286 -0.00248554 0.00286003 -0.00173319 -0.00649766 0.00518764 0.00620221 0.00825613 0.00207698 -0.00777961 -0.0151885 -0.0108542
internal_weight=120.638 16.7248 103.913 47.5786 31.0416 24.1722 19.0316 11.066 56.3344 48.894 26.8118 12.8426 7.38331 16.537
internal_count=742 106 636 274 196 172 152 98 362 304 220 167 146 78
is_linear=0
shrinkage=0.03


Tree=254
num_leaves=15
num_cat=0
split_feature=30 7 17 2 16 17 4 32 5 18 14 29 25 2
split_gain=2.78419 1.91465 3.88993 2.93824 2.42233 2.20482 3.5857 3.04225 2.12885 1.55246 1.4426 1.15545 0.787724 0.386086
threshold=2.1684495210647587 -0.0027842031704494725 -0.26962263882160181 -0.98521101474761952 0.17942853271961215 -0.26962263882160181 0.54619091749191295 1.0000000180025095e-35 -0.023311187280341979 -0.93452075123786915 0.15498968958854678 -1.9860172271728513 -0.91915407776832569 -0.43813678622245783
decision_type=2 2 2 2 2 2 2 2 2 2 2 2 2 2
left_child=1 2 3 -1 8 10 7 -7 -4 -5 -3 -11 -13 -9
right_child=-2 5 4 9 -6 6 -8 13 -10 11 -12 12 -14 -15
leaf_value=0.0043845333146944766 0.01140060068138043 0.012959700939600364 -0.0013141215290973782 1.8843461570754347e-05 -0.0083002022062196711 0.0034748379055026045 0.0084401257835254057 -0.0047649084135465685 0.015416575016506614 0.0004372288235809909 -0.0015051307496445449 -0.0017765038489633172 -0.024236449697312527 -0.021480771777984423
leaf_weight=5.4049112312495735 12.31941112782806 14.959404218941929 11.997338896617297 4.2182926174718913 8.5278926938772184 8.0865249484777468 11.681815993040798 5.5342903658747691 8.9904424995183945 2.0885031223297181 7.6231132885441175 2.4317153757438126 12.885837186069681 5.7959506129845977
leaf_count=19 43 69 51 36 37 31 42 23 30 7 36 11 281 43
internal_value=0.000192527 -0.00150049 -0.00514639 -0.0124198 0.00234861 0.00245119 -0.00265468 -0.00969116 0.00743996 -0.0166546 0.00868914 -0.0197979 -0.0219855 -0.0172747
internal_weight=122.545 110.226 56.5449 27.0293 29.5157 53.6811 31.0986 19.4168 20.9878 21.6243 22.5825 17.4061 15.3176 11.3302
internal_count=759 716 472 354 118 244 139 97 81 335 105 299 292 66
is_linear=0
shrinkage=0.03


Tree=255
num_leaves=15
num_cat=0
split_feature=27 27 15 0 19 29 23 11 27 17 0 14 6 5
split_gain=3.02213 4.54803 3.89025 3.7911 2.4165 4.48602 2.21505 2.10457 2.08413 4.54705 1.63852 1.5247 1.01057 0.937192
threshold=-0.075719472020864473 -0.22385905683040616 0.53678245842456829 1.0938091874122622 0.22571710497140887 0.30754597485065466 0.37122716009616857 0.57578548789024364 0.27470113337039953 -0.17330861836671826 0.11180475258152002 0.41321270167827612 -0.94403490424156178 -1.1199704408645628
decision_type=2 2 2 2 2 2 2 2 2 2 2 2 2 2
left_child=1 3 8 4 5 6 13 -6 10 12 -2 -11 -10 -1
right_child=2 -3 -4 -5 7 -7 -8 -9 9 11 -12 -13 -14 -15
leaf_value=0.00044851187301020738 0.020232627792886749 -0.017741369361288856 -0.0090824591016987911 0.012302897829162796 -0.0057640283933690899 0.0070738475149060365 0.00051770855174039336 0.011412238560995349 0.00060583922607304174 0.00078423701818188224 0.0042205610754578434 0.016923457525770406 -0.01656254358053089 -0.023565949787854854
leaf_weight=1.4092822192469601 12.822631062939765 10.377451049163936 9.3388856081292015 13.034378518699667 7.4680913090705898 7.6242813430726519 5.1307238927111021 9.3119110278785211 3.9399547651410103 9.7256692908704299 13.427489653229712 7.9833557009696952 5.1695278165861982 10.734978580032481
leaf_count=14 36 64 38 56 44 33 36 32 17 41 62 26 47 233
internal_value=0.00108326 -0.00332233 0.00558388 0.000669052 -0.00389731 -0.00914364 -0.0162824 0.00419947 0.00872464 0.00214512 0.0140279 0.0101841 -0.0115537 -0.0214611
internal_weight=127.499 65.0911 62.4075 54.7136 41.6793 24.8993 17.275 16.78 53.0686 26.8185 26.2501 17.709 9.10948 12.1443
internal_count=779 512 267 448 392 316 283 76 229 131 98 67 64 247
is_linear=0
shrinkage=0.03


Tree=256
num_leaves=15
num_cat=0
split_feature=25 15 29 17 71 3 4 14 29 8 8 3 23 14
split_gain=2.58006 5.06784 3.49305 2.37817 3.83305 4.46858 2.49398 2.42445 1.754 1.01861 1.68308 0.471785 0.329519 0.302665
threshold=-1.2152553200721739 1.0000000180025095e-35 -1.3083735704421995 -0.20487888157367704 1.0000000180025095e-35 -0.24481490254402158 -0.49500095844268793 0.41321270167827612 1.7670862674713137 -0.75934427976608265 0.87810188531875621 -0.86358290910720814 0.18229994177818301 0.41321270167827612
decision_type=2 2 2 2 2 2 2 2 2 2 2 2 2 2
left_child=13 2 12 4 5 9 -5 -8 -7 -4 11 -11 -2 -1
right_child=1 -3 3 6 -6 8 7 -9 -10 10 -12 -13 -14 -15
leaf_value=0.0032566582394013303 0.0044549381142664907 -0.015942396940607294 -0.0073468288936839538 0.012222483798402932 0.010768371956378017 -0.021015922742661237 -0.0099178192353094434 0.0065594607344532955 0.00059873653168949126 -0.00062599676542165041 -0.0077098881630736438 0.012414934829872418 0.015530306302493524 0.013407475847059999
leaf_weight=8.4376793578267115 9.8286450635641831 11.969024416990576 3.0572566713672122 13.854479938745497 6.1135677724378175 15.899040130956569 11.563161522150041 10.895517431199549 3.7066100984811774 2.5037446198402877 2.5820275098085395 8.3273882185458206 8.8624231778085214 9.1092346608638746
leaf_count=31 38 62 43 49 31 163 58 38 13 65 17 109 27 29
internal_value=0.00108558 -0.000787905 0.00176701 -0.0012068 -0.00574735 -0.00951625 0.00412566 -0.00218526 -0.0176382 0.00200785 0.00555607 0.0101548 0.0118757 0.010331
internal_weight=126.71 109.163 97.1939 78.5028 42.1896 36.0761 36.3132 22.4587 19.6057 16.4704 13.4132 10.8311 18.6911 17.5469
internal_count=773 713 651 586 441 410 145 96 176 234 191 174 65 60
is_linear=0
shrinkage=0.03


Tree=257
num_leaves=15
num_cat=0
split_feature=18 33 5 10 27 14 66 14 7 24 28 25 7 20
split_gain=2.36591 2.17389 1.54483 2.64925 2.46327 2.80335 2.72281 2.23943 1.89111 1.84285 2.29789 1.76395 1.74288 0.0647501
threshold=-0.86912053823471058 1.0000000180025095e-35 -0.72517311573028553 -0.82492375373840321 -0.059669708833098405 -0.58715945482254017 1.0000000180025095e-35 -0.12352122738957404 0.4106291681528092 -0.20840055495500562 -0.9431500732898711 -0.32695157825946802 0.89441078901290905 0.5746772587299348
decision_type=2 2 2 2 2 2 2 2 2 2 2 2 2 2
left_child=1 -1 9 11 5 -5 -7 -6 -9 -2 -11 -4 13 -8
right_child=2 -3 3 4 7 6 12 8 -10 10 -12 -13 -14 -15
leaf_value=-0.016110844513351433 -0.0020466621489750414 0.0035283109914338246 0.013903692979755121 0.0048624032536881889 -0.0068711237798950772 0.0043778145964384505 -0.024228935449261437 -0.0017620594297698504 0.01593721575967609 -0.0017542747015665764 0.016453616173793807 -0.0020380920964248122 -0.00084144988209225837 -0.0052830558115119601
leaf_weight=8.0587546571623516 11.946673316881059 5.8399475272744885 11.243100358173253 7.4501831354573396 8.6501961676403898 4.2674500082503135 9.6332521306467225 7.7596896495670071 8.0758331753313524 7.6361110843718061 15.829353666922543 8.3146487250924093 4.8827642500400534 3.6083821430802336
leaf_count=69 51 33 40 50 59 23 203 36 25 33 85 38 21 19
internal_value=0.000759085 -0.00910861 0.00235747 -0.000208075 -0.0036259 -0.0088179 -0.0134263 0.00312412 0.0089227 0.00707379 0.011261 0.00809124 -0.0176585 -0.0219293
internal_weight=123.196 13.8987 109.298 73.8855 54.3278 29.842 22.3918 24.4857 15.8355 35.4121 23.4655 19.5577 18.1244 13.2416
internal_count=785 102 683 514 436 316 266 120 61 169 118 78 243 222
is_linear=0
shrinkage=0.03


Tree=258
num_leaves=14
num_cat=0
split_feature=14 17 29 33 5 10 17 6 28 9 18 6 6
split_gain=3.18981 4.40504 5.13706 2.58567 2.48059 3.34828 2.45951 2.01445 2.7845 1.76415 1.99527 1.34853 1.24057
threshold=-0.12352122738957404 -0.28615595400333399 -0.94348853826522816 1.1107677668333056 -1.2954359650611875 -1.2205557227134702 -0.051981380209326737 -0.79625746607780445 0.65744319558143627 -0.19662806391716001 1.0000000180025095e-35 0.3859622329473496 0.16429603844881061
decision_type=2 2 2 2 2 2 2 2 2 2 2 2 2
left_child=1 7 -3 6 -4 -6 9 -1 11 -2 -11 -9 -5
right_child=3 2 4 12 5 -7 -8 8 -10 10 -12 -13 -14
leaf_value=0.013067200083646207 0.0090196329207365943 0.0082755892037305479 0.0028912354730152535 -0.009586496566175556 0.0017630542013095493 -0.025762650212523039 0.016941462796989992 -0.0040705547225148393 -0.015368956417281181 -0.010057025323428904 0.0065923631148316255 0.011156991151812625 0.0032206708713499858
leaf_weight=8.9905707528814691 16.224344167858362 6.2815244942903545 3.496826566290113 8.6172487949952501 4.2032585293054643 14.98481893941061 15.796618804335592 5.5986701482906955 3.8262057588435701 9.9643729384988564 6.92494798824191 7.3454678673297167 9.9069149838760477
leaf_count=36 56 22 14 41 17 254 60 49 56 57 26 35 38
internal_value=0.00118276 -0.00400059 -0.0112084 0.00537515 -0.0171238 -0.020615 0.00875301 0.00460857 -0.00188577 0.00313673 -0.00328395 0.00527168 -0.00350837
internal_weight=122.162 54.7273 28.9664 67.4344 22.6849 19.1881 48.9103 25.7609 16.7703 33.1137 16.8893 12.9441 18.5242
internal_count=761 483 307 278 285 271 199 176 140 139 83 84 79
is_linear=0
shrinkage=0.03


Tree=259
num_leaves=15
num_cat=0
split_feature=63 8 12 9 27 8 25 35 18 26 18 17 32 12
split_gain=2.374 3.5888 2.81682 2.57976 2.46828 1.46313 1.33321 2.30348 2.66664 2.82467 2.36883 2.48082 1.56222 3.27408
threshold=1.0000000180025095e-35 0.095882367342710509 1.6023054718971255 0.4260572642087937 -0.54213568568229664 -1.2370196580886839 -0.62305282056331623 1.0000000180025095e-35 -0.41122765839099878 1.4650395512580874 -0.21775482594966886 -0.26962263882160181 1.0000000180025095e-35 0.19656762480735782
decision_type=2 2 2 2 2 2 2 2 2 2 2 2 2 2
left_child=1 5 3 6 -5 -1 -2 10 -9 -10 11 -8 -12 -14
right_child=2 -3 -4 4 -6 -7 7 8 9 -11 12 -13 13 -15
leaf_value=0.0018541837501195547 0.010982157544917055 0.0055916511449777421 -0.0097104567710073007 0.0083122393730642192 -0.01174797556237424 -0.021516885782483359 0.0071568189786478794 0.0069462374598624962 -0.020074522972311187 0.0056303858648468 0.017652550430484044 -0.012583308859529801 -0.011916357550283935 0.01138762963448448
leaf_weight=2.0740041881799707 28.523148329928517 7.2320687067694953 10.473267989233134 4.0511876405216745 11.593825759366153 7.2869047730928296 7.2251056181266904 6.141810409724715 6.871917646378277 3.0471090972423553 11.772904974408446 6.074585139751429 4.1918791723437669 8.5151063259690982
leaf_count=13 101 31 54 27 81 119 36 33 103 10 35 32 68 29
internal_value=0.00067889 -0.00846858 0.00238953 0.00409113 -0.00579841 -0.0174961 0.00619399 0.00293969 -0.00548986 -0.0129375 0.00674606 -0.00283404 0.0115487 0.00250586
internal_weight=125.075 16.593 108.482 98.0086 15.645 9.36091 82.3636 53.8404 16.0608 9.91903 37.7796 13.2997 24.4799 12.707
internal_count=772 163 609 555 108 132 447 346 146 113 200 68 132 97
is_linear=0
shrinkage=0.03


Tree=260
num_leaves=15
num_cat=0
split_feature=14 16 8 2 10 26 14 8 12 20 2 0 11 20
split_gain=2.91277 3.67042 2.6732 2.45465 2.4151 2.32676 2.00371 1.92405 1.90033 1.8521 3.92073 2.27719 1.41074 1.37023
threshold=-0.12352122738957404 -0.056310990825295441 0.81135249137878429 -0.80285295844078053 0.55978818237781536 1.1874082088470461 -0.27143290638923639 -0.71553999185562123 0.15658242255449298 -0.61191514134407032 1.0000000180025095e-35 0.32118908315896993 -0.47867554426193232 0.79419684410095226
decision_type=2 2 2 2 2 2 2 2 2 2 2 2 2 2
left_child=1 2 3 -1 9 -3 12 -8 -6 -2 11 -11 -5 -12
right_child=4 5 -4 6 8 -7 7 -9 -10 10 13 -13 -14 -15
leaf_value=-0.0091173006927822518 0.01646998910221114 -0.020458647602337461 -0.012075041110186049 -0.0011857305295992855 -0.011809078362830882 0.00065240088629558068 0.0078316148432302484 -0.01370859724817841 0.0057497121525580128 0.01686759129018129 -0.012218879975046911 -0.00092247288136937866 0.014348351366969748 0.0025741871125695352
leaf_weight=4.808304773643612 14.477839605882762 8.7087828461080772 5.1799666471779338 5.7067847978323725 7.0461857439950091 6.6922141648828974 2.5375904403626874 3.1180772353545834 6.1242236774414778 14.494386442005636 8.1652398612350208 8.9548895079642516 20.725270125549283 7.3228230178356162
leaf_count=27 46 68 34 61 43 30 22 166 24 49 44 36 86 27
internal_value=0.00192382 -0.00289739 0.00195036 0.00512551 0.00599721 -0.0133736 0.0082012 -0.00490405 -0.00430883 0.00868964 0.00425167 0.0111057 0.0113394 -0.00630334
internal_weight=124.063 57.477 42.076 36.896 66.5856 15.401 32.0877 5.65567 13.1704 53.4152 38.9373 23.4493 26.4321 15.4881
internal_count=763 494 396 362 269 98 335 188 67 202 156 85 147 71
is_linear=0
shrinkage=0.03


Tree=261
num_leaves=15
num_cat=0
split_feature=5 12 9 14 20 22 7 11 6 13 2 12 8 29
split_gain=1.98944 1.87476 2.32627 1.87228 1.66435 2.63903 2.27123 2.00184 2.69584 3.34062 3.24553 2.2608 1.9754 1.64804
threshold=1.512011766433716 2.1076523065567021 -0.9800063669681548 1.0000000180025095e-35 0.70520243048667919 -0.35486505925655359 -0.60217076539993275 1.5760412216186526 1.4204044342041018 -0.064318878576159463 0.10893747303634883 0.48262391984462744 0.23563891649246219 -1.8817644119262693
decision_type=2 2 2 2 2 2 2 2 2 2 2 2 2 2
left_child=1 2 3 -1 5 6 -4 8 9 -7 11 -11 -6 -12
right_child=-2 -3 4 -5 12 7 -8 -9 -10 10 13 -13 -14 -15
leaf_value=-9.7676542040959241e-05 -0.010999010348825625 -0.010276377482528128 0.0046700382210260643 0.018490661384300409 0.012761706015886989 0.0082448231113058032 -0.016218337863468914 0.014672879113781756 0.012222286522448191 0.006967567658530874 0.0022105873689308463 -0.010345805801778483 -0.0024875089725938855 -0.020927608333372257
leaf_weight=7.3299157209694412 6.1649906086968249 5.1541559398174277 4.0542421583086243 9.2673906758427602 14.572293989360334 11.130925226956597 10.685121420363428 4.3623551502823821 7.1938133451621971 12.645587726379757 2.2841406017541841 6.0366813316941252 10.258043989539145 10.729836811718998
leaf_count=37 61 24 29 31 51 46 87 11 22 64 7 29 40 219
internal_value=0.00118436 0.00226224 0.0032662 0.0121593 0.00116016 -0.0013089 -0.0107452 0.00193798 -0.000405105 -0.00358218 -0.00829301 0.000370043 0.00710087 -0.0173802
internal_weight=121.869 115.705 110.55 16.5973 93.953 69.1227 14.7394 54.3833 50.021 42.8272 31.6962 18.6823 24.8303 13.014
internal_count=758 697 673 68 605 514 116 398 387 365 319 93 91 226
is_linear=0
shrinkage=0.03


Tree=262
num_leaves=15
num_cat=0
split_feature=32 1 20 11 0 9 19 20 68 9 30 20 1 30
split_gain=2.47674 2.70512 2.1665 3.38989 2.95855 2.12267 2.02355 2.09411 1.84597 2.51782 2.88065 1.83007 1.64686 1.54783
threshold=1.0000000180025095e-35 1.2285889983177187 -0.58818325400352467 -0.2304960414767265 0.11180475258152002 -0.41758091747760767 0.36649581789970404 -0.25593741238117212 1.0000000180025095e-35 -0.93983313441276539 -0.72018054127693165 -0.67124474048614491 0.51810656487941753 -0.33795437216758722
decision_type=2 2 2 2 2 2 2 2 2 2 2 2 2 2
left_child=1 6 3 11 5 -4 7 -1 12 -10 -11 -2 -6 -7
right_child=2 -3 4 -5 8 13 -8 -9 9 10 -12 -13 -14 -15
leaf_value=-0.0057980987014854607 -0.013933105970773444 -0.0060626928886435292 -0.0069859601699369858 0.013037233225136358 -0.007662249375126674 0.016331257239829367 0.016580115430897911 0.0093760032291622004 0.0043041928734049405 0.0031293288127879023 -0.022384207402632899 0.0064407170969278714 0.0085832618714824782 -0.0018692752315655459
leaf_weight=9.9644414931535721 5.3535225722007453 8.329629981890319 5.7409885516390231 14.091328107751904 6.7683761599473637 7.0137486020103106 17.258458010852337 13.990513703785837 3.7549297939985982 3.6069232085719731 14.361678563815078 2.7224074527621287 5.7434326554648578 5.0388902828562978
leaf_count=53 86 37 37 57 44 27 55 59 17 29 178 10 22 65
internal_value=0.00209387 0.00695825 -0.00138845 0.00568255 -0.00463518 0.0044924 0.00996113 0.00315282 -0.00934712 -0.0137998 -0.0176964 -0.00722846 0.000116576 0.0104051
internal_weight=123.739 49.543 74.1962 22.1673 52.029 17.7936 41.2134 23.955 34.2353 21.7235 17.9686 8.07593 12.5118 12.0526
internal_count=776 204 572 153 419 129 167 112 290 224 207 96 66 92
is_linear=0
shrinkage=0.03


Tree=263
num_leaves=15
num_cat=0
split_feature=13 3 22 9 16 4 34 22 4 22 4 20 33 3
split_gain=2.60831 2.92469 2.70525 3.64721 3.10017 3.78945 2.41954 2.84662 2.02379 0.901983 0.475048 0.456152 0.257105 0.221961
threshold=1.9486086368560793 0.97228002548217785 0.98007488250732433 0.4260572642087937 0.75342202186584484 -0.64374265074729908 1.0000000180025095e-35 -0.26813206076622004 0.59577149152755748 0.39652189612388616 0.34786868095397955 0.53907945752143871 1.0000000180025095e-35 0.11917744576931001
decision_type=2 2 2 2 2 2 2 2 2 2 2 2 2 2
left_child=1 2 3 4 5 -1 7 10 12 -9 -7 -6 -3 -5
right_child=-2 8 -4 13 11 6 -8 9 -10 -11 -12 -13 -14 -15
leaf_value=0.014869286178952218 0.011337884975071908 -0.0049060986265601807 0.0090241908669033699 -0.019075113861122518 -0.014678276343802369 -8.7063865576320285e-05 -0.012814413343679752 0.011991031601656542 0.0013676315546346843 -0.0017530777412373833 -0.012447982889019474 -0.0016726042746768063 -0.019902718486407445 -0.0033753571666388718
leaf_weight=14.469565363717257 10.451674578711389 5.8252468481659907 20.898375756107271 5.1831288714893144 5.3717686645686609 4.1672923535224928 7.1205188651802009 13.555506138945946 7.5392493149265638 4.0904464413179076 3.982675455219578 5.0601921901106834 6.9082230906933546 3.6815627524629235
leaf_count=102 36 27 87 80 45 34 49 136 34 23 29 20 37 25
internal_value=-0.000231533 -0.00180533 0.000747756 -0.00229461 0.000940238 0.00435479 -0.00161851 0.0030507 -0.0108008 0.00912143 -0.00856385 -0.0109556 -0.0163598 -0.0161235
internal_weight=118.305 107.854 87.581 66.6827 57.818 47.386 32.9164 25.7959 20.2727 17.646 8.14997 10.432 12.7335 8.86469
internal_count=764 728 630 543 438 373 271 222 98 159 63 65 64 105
is_linear=0
shrinkage=0.03


Tree=264
num_leaves=15
num_cat=0
split_feature=28 18 30 9 22 6 17 9 7 60 30 22 22 30
split_gain=2.66595 1.95984 1.87315 3.31212 3.48739 3.14571 2.48224 2.73594 1.99198 1.8068 1.5807 1.1753 1.16942 0.578842
threshold=1.1342156529426577 -0.34180954098701471 -0.31242194771766657 -0.51801404356956471 -0.7687992751598357 -1.0918123722076414 0.25933673977851873 0.68718338012695324 0.061301155015826232 1.0000000180025095e-35 -0.55039921402931202 -0.080066893249750123 0.26668949425220495 -0.86936098337173451
decision_type=2 2 2 2 2 2 2 2 2 2 2 2 2 2
left_child=2 -2 9 8 -5 -6 7 -7 -4 10 11 13 -13 -1
right_child=1 -3 3 4 5 6 -8 -9 -10 -11 -12 12 -14 -15
leaf_value=0.0026708577873472933 -0.016895669347132856 0.0025716217023235722 -0.0015105960007888457 0.0095475098343053774 0.0035451223073920731 -0.02605347209536182 0.0018263606929654987 -0.00034659282177862362 0.013868942461350063 -0.0044562898234598736 0.015771134512718197 0.013473538340531969 -0.0002902152534976071 -0.0086086529647288901
leaf_weight=4.1817542789503932 5.9618670372292399 6.0979768638499063 11.462847383692862 6.8264580467948681 9.4181903684511763 10.626702647539792 5.1551463529467574 5.0716849642340085 13.200400769710539 6.630446830764412 17.307365147862583 7.8221902744844583 9.4396252073347551 4.0578298592008668
leaf_count=23 55 52 54 38 34 178 21 31 50 35 70 40 45 37
internal_value=0.00201105 -0.00918345 0.00356802 -7.40851e-06 -0.00541701 -0.00966665 -0.0151652 -0.0198383 0.00767116 0.00762504 0.00976661 0.00377416 0.00757214 -0.00403733
internal_weight=123.26 12.0598 111.201 61.7614 37.0982 30.2717 20.8535 15.6984 24.6632 49.4392 42.8088 25.5014 17.2618 8.23958
internal_count=763 107 656 406 302 264 230 209 104 250 215 145 85 60
is_linear=0
shrinkage=0.03


Tree=265
num_leaves=15
num_cat=0
split_feature=20 10 68 29 19 33 6 17 10 28 17 20 23 17
split_gain=2.04896 3.29664 3.14452 2.97364 2.67092 2.20334 1.94991 2.20114 1.78586 1.63497 1.62712 1.46332 1.21779 1.02143
threshold=-0.58818325400352467 0.36197219789028173 1.0000000180025095e-35 -0.057339081540703767 0.045182067900896079 1.0000000180025095e-35 0.16429603844881061 -0.051981380209326737 0.55978818237781536 -0.67070868611335743 -0.037341267801821225 -0.12541225180029866 -1.1401906013488767 -0.38846583664417261
decision_type=2 2 2 2 2 2 2 2 2 2 2 2 2 2
left_child=8 2 6 -4 -3 10 7 -2 9 -1 12 -6 -5 -11
right_child=1 4 3 5 11 -7 -8 -9 -10 13 -12 -13 -14 -15
leaf_value=-0.0022521879042603481 0.014462134053016537 -0.0068814762929867487 0.0011680328970109146 0.0037269020044622325 -0.0010938793797136486 -0.024455521534735458 -0.0077992322312265125 -0.0036472335434402079 -0.0048583941095595232 0.0020762186897553131 0.0059634291236730181 0.015232773808289749 -0.015241262431001053 0.016465784978105399
leaf_weight=6.6515723243355778 9.8661807890166564 6.3146964162588146 12.358148869127033 1.95367147028446 5.7528403303586009 9.3979743684176338 6.3640099745243779 7.4094833135604867 6.4942178418859831 7.7538870647549656 4.6244795024395025 14.637022355571384 5.7380803731502965 15.231070554815231
leaf_count=34 52 41 53 9 52 78 35 28 54 57 22 50 126 57
internal_value=0.00124206 -0.00135968 -0.00527938 -0.0105493 0.00660795 -0.0161884 0.00283194 0.00761981 0.00674715 0.00962449 -0.00464023 0.0113181 -0.0108532 0.0128498
internal_weight=120.547 84.4166 57.712 34.0724 26.7046 21.7142 23.6397 17.2757 36.1307 29.6365 12.3162 20.3899 7.69175 22.985
internal_count=748 546 403 288 143 235 115 80 202 148 157 102 135 114
is_linear=0
shrinkage=0.03


Tree=266
num_leaves=15
num_cat=0
split_feature=14 16 6 10 20 23 41 22 37 25 3 30 1 8
split_gain=2.2004 2.69554 2.20722 4.40954 2.08733 2.0868 3.40389 1.82131 1.39964 1.71243 2.19175 1.65595 1.34148 1.15725
threshold=-0.12352122738957404 -0.056310990825295441 -0.7223687171936034 -1.0000000180025095e-35 -0.65937879681587208 -0.19555450603365895 1.0000000180025095e-35 -0.6788552701473235 1.0000000180025095e-35 -0.91915407776832569 1.1781529784202578 -0.044981602579355233 -0.42920328676700586 0.18349094688892367
decision_type=2 2 2 2 2 2 2 2 2 2 2 2 2 2
left_child=1 2 -1 12 -5 6 -2 -3 -7 -10 11 -11 -4 -8
right_child=5 7 3 4 -6 8 13 -9 9 10 -12 -13 -14 -15
leaf_value=0.0082240629219158309 0.0099589044009227891 0.0023695217235807108 -0.00076943817507087175 -0.0075095830454239626 0.01252159260982383 0.016388329676092012 -0.015471909938093715 -0.017709795839384198 0.012132231143971715 0.0021343981542329129 0.0092097753287813007 -0.014021747114080163 -0.01972973959121303 0.00032183117536527765
leaf_weight=16.30787790287286 7.4664680287241945 4.1431200383231035 5.1565652587451041 2.9732909668236944 9.5958987445919792 9.0913932379335147 7.7548960000276566 9.7154465951025468 9.5513113737106305 8.736115619540211 7.5263636931776992 6.989829752594237 7.5725206187926233 5.9102708548307419
leaf_count=71 27 25 32 42 175 25 53 61 37 44 25 36 63 26
internal_value=0.000952903 -0.00325289 0.000906698 -0.00438902 0.00699451 0.00462113 -0.00266646 -0.0126702 0.00818934 0.00405 -0.000829491 -0.00669692 -0.0144321 -0.0103847
internal_weight=118.491 55.4647 41.6062 25.2983 12.5692 63.0266 21.1316 13.8586 41.895 32.8036 23.2523 15.7259 12.7291 13.6652
internal_count=742 469 383 312 217 273 106 86 167 142 105 80 95 79
is_linear=0
shrinkage=0.03


Tree=267
num_leaves=15
num_cat=0
split_feature=12 11 20 6 28 0 21 4 6 17 16 26 30 1
split_gain=2.24448 2.98861 3.02368 2.71804 2.49624 1.96379 1.74367 2.16504 3.11165 2.06947 1.43801 0.934779 0.886833 0.748335
threshold=1.1303710937500002 0.7444572150707246 -0.30340111255645746 -0.20514760911464688 0.55527767539024364 1.0000000180025095e-35 0.54473994672298442 0.099965844303369536 -0.7223687171936034 0.22148342430591586 1.4807428717613222 0.44718149304389959 0.20064144581556323 -0.66603073477745045
decision_type=2 2 2 2 2 2 2 2 2 2 2 2 2 2
left_child=1 2 3 12 -2 -5 7 10 -9 -10 13 -7 -1 -4
right_child=4 -3 6 5 -6 11 -8 8 9 -11 -12 -13 -14 -15
leaf_value=-0.021241345881311536 -0.015370898736654093 0.012372726772100684 0.00076162767165336874 -0.0095708270502314254 0.003461701782642608 -0.0013602482459149762 -0.005591743589130619 0.010704347232425823 -0.014309789173341294 0.0061833061273311139 -0.0017382362256517395 0.012434499004852172 -0.0015768835787205043 0.016648001935836897
leaf_weight=6.2208935189992207 9.9375631203874963 16.580858297646046 3.6237552014063139 5.9159448258578804 8.3626357633620483 6.2002040827646834 10.029038108885286 7.2803607652895179 9.535854848159941 3.0583210363984099 4.9174240697175255 5.2906928528100252 3.5814915057271719 16.045705110067505
leaf_count=69 49 59 56 46 38 53 48 26 112 10 23 20 18 112
internal_value=0.000567308 0.00244306 -0.000169481 -0.00756395 -0.00786887 0.000368188 0.00384826 0.00632763 -0.00107438 -0.00899036 0.0114814 0.00683556 -0.0170161 0.0144688
internal_weight=116.581 98.2805 81.6997 27.2092 18.3002 17.4068 54.4905 44.4614 19.8745 12.5942 24.5869 11.4909 9.80239 19.6695
internal_count=739 652 593 206 87 119 387 339 148 122 191 73 87 168
is_linear=0
shrinkage=0.03


Tree=268
num_leaves=15
num_cat=0
split_feature=24 32 29 27 22 14 26 22 25 9 30 10 23 1
split_gain=1.96265 3.41632 4.01216 2.16936 3.2984 2.10197 1.98367 2.35017 1.78417 1.19941 2.80226 1.13657 0.672658 0.621994
threshold=-0.20840055495500562 1.0000000180025095e-35 -1.3083735704421995 -0.011991711566224693 0.48674120008945471 0.76839035749435436 -0.71593949198722828 0.77095499634742748 -0.32695157825946802 -0.93983313441276539 -0.4158762246370315 0.75760418176651012 -1.1401906013488767 -0.66603073477745045
decision_type=2 2 2 2 2 2 2 2 2 2 2 2 2 2
left_child=1 8 -3 6 9 12 7 -2 -1 -5 -11 13 -4 -8
right_child=3 2 5 4 -6 -7 11 -9 -10 10 -12 -13 -14 -15
leaf_value=0.012569217663201505 -0.010493821906142838 0.0071521649662900505 -0.0034767216099152072 0.011897723504767288 -0.0154761886438066 -9.7631003826412102e-05 0.0018057592800737419 0.0084928610443224875 -0.0019618593144247322 0.0096743984932166453 -0.010066922437541729 -0.0021531836003775675 -0.022615385343568873 0.015770633319197678
leaf_weight=8.9295871183276194 6.6486595692113024 6.8548857942223576 4.1452987194061306 5.4602670706808611 6.2508815340697756 6.6376536563038817 4.8141961534856845 6.8810013113543391 14.252993047237394 7.2856887439265892 8.7128459094092197 3.1662994911894193 11.362888328731058 20.817345025250692
leaf_count=32 74 23 23 20 37 22 63 28 59 36 53 27 94 182
internal_value=0.00107072 -0.00316324 -0.00935853 0.00422593 -0.00210509 -0.0148452 0.00815507 -0.00115141 0.00487224 0.00397841 -0.00091385 0.0120509 -0.0195945 0.0138706
internal_weight=122.22 52.1833 29.0007 70.0372 27.7097 22.1458 42.3275 13.5297 23.1826 21.4588 15.9985 28.7978 15.5082 25.6315
internal_count=773 253 162 520 146 139 374 102 91 109 89 272 117 245
is_linear=0
shrinkage=0.03


Tree=269
num_leaves=15
num_cat=0
split_feature=25 25 11 3 17 7 32 20 4 20 24 20 27 10
split_gain=2.13588 3.29069 2.81317 2.38583 2.84306 2.08445 1.97181 1.90016 1.65814 1.62703 1.57429 0.728836 0.701055 0.496379
threshold=-0.62305282056331623 0.8574533760547639 1.0403763055801394 1.0000000180025095e-35 -0.44174310564994806 0.17187980562448504 1.0000000180025095e-35 0.21869953721761706 0.59577149152755748 -0.018618938513100144 0.14588966220617297 -0.22033964097499845 -0.19034922122955319 -0.42929178476333613
decision_type=2 2 2 2 2 2 2 2 2 2 2 2 2 2
left_child=6 2 3 4 -2 11 13 -6 10 12 -8 -5 -3 -1
right_child=1 9 -4 5 7 -7 8 -9 -10 -11 -12 -13 -14 -15
leaf_value=0.016031638556472633 0.005221686069439427 0.0014302156199578193 0.0044975139958175446 -0.0029243245814536997 -0.025402322779838171 -0.011024780913995136 -0.012249006040898439 -0.0033360640590574765 0.0082502971283107927 -0.0028122487653099485 0.0033937419132968332 0.008025046500445181 0.015124465676054417 0.0036941572211007753
leaf_weight=8.074224457144739 2.7946841306984416 6.0731697822920969 13.455144003033636 5.5000088822562239 11.424575520912191 8.6758736604824644 7.9941654428839701 6.6389248706400386 7.1587230786681166 9.6289665922522527 7.3593688029795885 9.4431667141616362 8.0683791898190993 8.835248298943041
leaf_count=28 21 45 55 49 250 49 39 34 29 44 35 36 33 33
internal_value=0.000144563 -0.00260164 -0.00632296 -0.00972005 -0.0160626 -0.0022912 0.00548837 -0.0197737 -0.000614563 0.00599047 -0.00575925 0.00427222 0.0111532 0.0118995
internal_weight=121.125 81.7029 57.9324 44.4772 20.8582 23.619 39.4217 18.0635 22.5123 23.7705 15.3535 14.9432 14.1415 16.9095
internal_count=780 616 494 439 305 134 164 284 103 122 74 85 78 61
is_linear=0
shrinkage=0.03


Tree=270
num_leaves=15
num_cat=0
split_feature=14 8 2 9 5 16 4 20 33 20 26 11 1 0
split_gain=3.26323 3.04538 2.63305 2.46068 2.91274 2.43862 2.25893 1.82345 1.80319 2.53219 1.74728 1.51315 0.644784 0.580275
threshold=-0.12352122738957404 -1.4977594614028928 0.65601173043251049 -0.27697455883026117 -0.24264304339885709 -0.28887841105461115 0.050385277718305595 -0.42206034064292902 1.1107677668333056 -0.12541225180029866 -0.19845880568027494 0.38948015868663793 -1.0000000180025095e-35 0.82619526982307445
decision_type=2 2 2 2 2 2 2 2 2 2 2 2 2 2
left_child=1 -1 3 -3 13 11 12 -4 10 -10 -7 -2 -6 -5
right_child=5 2 7 4 6 8 -8 -9 9 -11 -12 -13 -14 -15
leaf_value=0.011561650828772189 0.0021610078725625122 -0.019767353620696291 -0.0085658609319737983 -0.017121496158673415 -0.012328260192086904 0.0006713731920048794 0.011021595618845602 0.01077343527199361 0.0082634410204089157 -0.010335854633317829 0.015228030763338667 -0.012721500023276435 0.0019552951114963522 -0.00092501487274416116
leaf_weight=3.7966737598180762 11.255077542737128 13.349463056772942 2.4695111531764269 6.1707600167137553 2.5965434178360685 11.045239306055008 9.5277195445378293 6.8714817073778232 8.8384084142744559 7.5970249697566024 21.0595872849226 5.9893690943717948 2.65934279584327 3.1518894914770499
leaf_count=13 49 99 35 72 62 59 57 96 34 32 76 30 24 17
internal_value=-0.000225526 -0.00565644 -0.00803457 -0.0113077 -0.00403205 0.00405577 0.00411668 0.00445672 0.00731712 -0.000739343 0.0109853 -0.00470562 -0.00767129 -0.0138802
internal_weight=116.378 50.5934 46.7967 37.4557 24.1063 65.7847 14.7836 9.34099 48.5403 16.4354 32.1048 17.2444 5.25589 9.32265
internal_count=755 475 462 331 232 280 143 131 201 66 135 79 86 89
is_linear=0
shrinkage=0.03


Tree=271
num_leaves=15
num_cat=0
split_feature=32 28 24 22 2 39 30 2 30 40 2 24 29 12
split_gain=2.28568 2.64034 2.05198 3.06926 2.26118 1.97167 3.16082 3.03198 1.83595 1.70375 1.23167 1.19999 0.924779 0.367179
threshold=1.0000000180025095e-35 -1.4199225306510923 -0.56269074976444233 -0.35486505925655359 -0.62049487233161915 1.0000000180025095e-35 1.195922911167145 -0.25577870011329645 -0.4158762246370315 -1.0000000180025095e-35 -0.25577870011329645 0.14588966220617297 -0.42222414910793299 0.073214674368500723
decision_type=2 2 2 2 2 2 2 2 2 2 2 2 2 2
left_child=5 -2 4 11 -3 6 7 -1 -5 12 -7 -4 -10 -11
right_child=1 2 3 8 -6 10 -8 -9 9 13 -12 -13 -14 -15
leaf_value=0.0043161712383363053 -0.014911981721261364 0.0025622037821245304 -0.01511870172455409 0.012947907534988007 -0.017508250013091402 -0.00079766383570860366 0.010604359076438695 -0.018209421658407145 0.0026809322360713864 -0.000101201456602642 0.012910914484708689 0.0013251375934180464 -0.013584441233770504 0.0098296107893631034
leaf_weight=6.7777672037482271 9.1554976692423207 7.2241382002830505 4.8625278658000735 16.586357057560228 6.1344509995542449 7.0417127870023277 6.9978757426142684 7.3269440140575179 2.6766266264021352 4.8834365191287485 19.438024035654962 5.470562906935811 4.0724530646693893 5.0175284575670958
leaf_count=28 56 24 49 111 57 32 27 39 12 49 83 46 123 15
internal_value=0.000201141 -0.00331499 -0.000396509 0.0028633 -0.00891267 0.00493531 -0.00177767 -0.00908842 0.00717386 -0.000239977 0.00971774 -0.00881973 -0.00873802 0.00654107
internal_weight=113.666 66.0836 56.9281 43.5695 13.3586 47.5823 21.1026 14.1047 33.2364 16.65 26.4797 10.3331 6.74908 9.90096
internal_count=751 542 486 405 81 209 94 67 310 199 115 95 135 64
is_linear=0
shrinkage=0.03


Tree=272
num_leaves=15
num_cat=0
split_feature=26 13 60 14 9 1 27 10 16 22 11 30 24 4
split_gain=2.9891 1.9626 1.83122 2.63784 1.70815 3.55503 1.67906 3.39591 3.41008 1.86641 1.61955 1.67207 1.16254 0.684126
threshold=-1.0474530458450315 -0.51841372251510609 1.0000000180025095e-35 1.0000000180025095e-35 0.4260572642087937 0.39969284832477575 -0.075719472020864473 -0.62710776925086964 -1.1886876225471494 0.506892889738083 -1.0369091629981992 0.46725247800350195 1.0000000180025095e-35 -0.64374265074729908
decision_type=2 2 2 2 2 2 2 2 2 2 2 2 2 2
left_child=1 -1 4 -4 6 -6 7 -2 -9 12 -10 13 -8 -12
right_child=2 -3 3 -5 5 -7 9 8 10 -11 11 -13 -14 -15
leaf_value=0.0021077847414473706 0.0099595824159042362 -0.0191180410225439 -0.017001313788449997 0.003667979580296321 -0.015173466478967538 0.0071574780944800047 0.0024341515759981921 0.0099832233051966226 0.0047193738693182448 -0.0029075333607003718 -0.0028867854629582843 0.00053362076291095571 0.01525670809307801 -0.022662356829510712
leaf_weight=4.6042030639946461 14.070071836467827 6.3828163319267315 5.8858302930020718 8.4457106180489045 7.9683100974652943 8.4241926334798318 11.330587467178701 4.6429007258266166 2.2549112741835406 7.808558451011776 3.659624122083188 4.7228450533002606 20.981110570952296 7.882351762498744
leaf_count=21 57 73 64 31 73 33 48 19 13 31 59 23 82 139
internal_value=-0.00021152 -0.0123459 0.00151341 -0.00702245 0.00310785 -0.00470683 0.00494915 0.000205556 -0.00643579 0.00884073 -0.0117993 -0.0146606 0.011689 -0.0191599
internal_weight=119.064 10.987 108.077 14.3315 93.7455 16.3925 77.353 37.2327 23.1626 40.1203 18.5197 16.2648 32.3117 11.542
internal_count=766 94 672 95 577 106 471 310 253 161 234 221 130 198
is_linear=0
shrinkage=0.03


Tree=273
num_leaves=15
num_cat=0
split_feature=60 8 14 5 36 4 32 1 23 16 12 6 30 7
split_gain=2.4832 1.62013 2.1551 1.94753 2.74809 2.5736 2.4884 2.04573 1.44176 1.35071 1.46923 1.12956 0.758286 0.491548
threshold=1.0000000180025095e-35 -0.17320114374160764 1.5714724659919741 0.72241711616516124 1.0000000180025095e-35 1.0000000180025095e-35 1.0000000180025095e-35 1.8206576704978945 0.37122716009616857 0.69064906239509594 -0.69698849320411671 1.0000000180025095e-35 -0.55039921402931202 0.10905102640390398
decision_type=2 2 2 2 2 2 2 2 2 2 2 2 2 2
left_child=1 9 3 4 5 8 -6 13 -3 10 -1 -2 -12 -8
right_child=11 2 -4 -5 6 -7 7 -9 -10 -11 12 -13 -14 -15
leaf_value=-0.0021741114459203122 -0.00082147210077627021 -0.01271603844502227 0.011139408601772507 -0.012718677627322051 0.0041477540114191217 0.014347559371729773 -0.0040325460737629078 0.0039931487351590666 0.0061408711219436809 -0.0031626202474294013 0.0023859200069082445 -0.015424393928725608 0.015328283032559642 -0.019895441766063005
leaf_weight=5.7714216141030183 10.494748336437622 3.1803245068294954 8.6103342212736589 7.3332816307665771 13.19090268854052 12.906613641243892 5.7702054914552736 4.0387761421734458 2.5496307103894651 6.0103058684617272 7.4214493115432587 4.7641568994731633 19.2527354224585 6.8799447752535343
leaf_count=53 59 52 30 75 54 71 69 19 16 35 56 45 81 45
internal_value=0.00166897 0.0034185 0.000370871 -0.00206822 0.000579498 0.00843 -0.00482352 -0.0112359 -0.00537374 0.0078965 0.0100939 -0.00806237 0.0126724 -0.0158519
internal_weight=118.175 102.916 64.46 55.8497 48.5164 18.6366 29.8798 16.6889 5.72996 38.4559 32.4456 15.2589 26.6742 12.6502
internal_count=760 656 431 401 326 139 187 133 68 225 190 104 137 114
is_linear=0
shrinkage=0.03


Tree=274
num_leaves=15
num_cat=0
split_feature=13 17 8 24 18 4 4 23 25 7 8 30 19 8
split_gain=1.80191 2.68804 1.61271 1.92879 3.1134 2.77992 2.85943 2.44959 2.32111 1.70016 1.47789 1.46616 1.33883 1.30289
threshold=1.9486086368560793 1.0054583549499514 -1.4977594614028928 0.67732498049736034 -0.75120386481285084 0.39744924008846289 0.099965844303369536 0.7490815818309785 1.0000000180025095e-35 -0.31315837800502772 0.50680834054946911 -0.52300980687141407 0.069653369486331954 0.91564840078353893
decision_type=2 2 2 2 2 2 2 2 2 2 2 2 2 2
left_child=1 2 -1 4 11 6 7 8 -6 -7 -10 -4 -11 -5
right_child=-2 -3 3 13 5 9 -8 -9 10 12 -12 -13 -14 -15
leaf_value=0.011766342610248174 0.0092961826088931426 -0.014051663851157959 0.0018219359855867767 -0.014356051509379351 0.0051728638847881566 -0.0019104058043291606 -0.013825229570475208 0.012477190527315787 -0.014919101598906642 0.00066011003559102405 0.0034032892445423077 -0.015674966018637729 0.01747741140628516 0.0029438364926420305
leaf_weight=4.730025077238678 10.563347551971672 8.7020485848188383 4.9975049933418623 8.9803742035292071 13.653401750139894 6.848790452815595 7.4936658744118168 9.6944617843255383 8.5629463518853282 5.9560952484607723 3.3671798324212423 8.188816059380768 14.654105308582073 3.4013818167150012
leaf_count=18 42 44 32 101 61 36 56 42 157 25 14 67 83 14
internal_value=-0.000292664 -0.00158628 0.000107403 -0.00102335 0.000823574 0.00347382 -0.00139752 0.00263087 -0.0025301 0.0101081 -0.0102699 -0.010366 0.0136951 -0.0101239
internal_weight=119.794 109.231 100.529 95.7987 83.417 70.2306 42.7717 35.278 25.5835 27.459 11.9301 13.1863 20.6102 12.3818
internal_count=792 750 706 688 573 474 330 274 232 144 171 99 108 115
is_linear=0
shrinkage=0.03


Tree=275
num_leaves=15
num_cat=0
split_feature=28 8 29 22 8 13 10 22 6 17 29 21 6 8
split_gain=3.21503 1.68081 1.68461 2.15734 2.08901 2.35754 2.05779 1.89013 1.75187 1.66203 1.91403 1.74199 2.13737 2.12005
threshold=-1.8285846710205076 -0.17320114374160764 1.5585805177688601 0.21631354838609698 0.6590804159641267 0.67938002943992626 -1.8140037059783933 1.7124718427658083 -0.20514760911464688 -0.11168570443987845 0.046913794241845615 -0.23194614052772519 1.4942932128906252 -0.48400302231311793
decision_type=2 2 2 2 2 2 2 2 2 2 2 2 2 2
left_child=-1 9 3 4 5 6 -3 -5 -6 10 11 -2 13 -13
right_child=1 2 -4 7 8 -7 -8 -9 -10 -11 -12 12 -14 -15
leaf_value=-0.012566024908287034 0.014742723087796164 0.0071434989250265292 0.0087493089724111055 -0.014882289494937391 -0.0024415926688747683 0.0079787085186348167 -0.014421962811571203 0.0032433883330690813 0.012946286035609255 0.015496835521661752 -0.0085508791587553343 -0.010898830073831951 0.012230951774836721 0.0072305057733980044
leaf_weight=8.8622655384242517 7.9335917811840799 1.8678894266486139 9.9482895955443364 12.194782840611881 8.6465938184410351 4.9697593450546256 12.253513759642377 5.2135640876367679 12.19239866081625 9.7931354492902738 5.8137795217335215 10.993170509347692 4.5118540031835428 4.8715252729598442
leaf_count=45 29 6 36 82 41 19 219 22 45 30 40 120 13 31
internal_value=0.00114917 0.00273584 -0.000317467 -0.00246615 0.0015365 -0.00499033 -0.0104474 -0.00994144 0.00732452 0.00696821 0.00285292 0.0061268 0.000528374 -0.00493325
internal_weight=120.066 111.204 67.2868 57.3385 39.9302 19.0912 14.1214 17.4083 20.839 43.9171 34.1239 28.3101 20.3765 15.8647
internal_count=778 733 470 434 330 244 225 104 86 263 233 193 164 151
is_linear=0
shrinkage=0.03


Tree=276
num_leaves=15
num_cat=0
split_feature=8 8 13 17 30 8 7 28 4 32 25 30 0 27
split_gain=2.46268 2.63474 2.81398 2.64366 2.50169 2.30337 2.64328 2.88598 2.25476 1.90443 1.8349 1.23431 0.774748 0.690435
threshold=-0.17320114374160764 0.50680834054946911 0.51167848706245433 -0.33662872016429896 -0.28710408508777613 -0.53406506776809681 -0.9879394769668578 -0.39826726913452143 0.49661035835742956 1.0000000180025095e-35 0.8574533760547639 -0.21240257471799848 0.50710266828536998 -0.075719472020864473
decision_type=2 2 2 2 2 2 2 2 2 2 2 2 2 2
left_child=5 2 4 -3 8 6 -1 -8 -2 -5 -6 -9 -11 -7
right_child=1 3 -4 9 10 13 7 11 -10 12 -12 -13 -14 -15
leaf_value=0.0086238468660455366 -0.011456583662442512 0.0120394857324405 0.0040788550509113092 0.0046997634435904405 -0.023726381173577296 0.0029412008305355697 -0.017758017340494977 0.0074486902535971095 0.0079322284256947758 -0.013394189697090313 0.0015308303792663713 -0.006747727268358125 -0.00033023934959126183 0.016156425243535579
leaf_weight=10.306093907449396 5.731807251460852 8.4868261981755477 7.5718930549919596 10.509508974850176 13.163789597689172 8.8902119174599665 7.175541906151925 8.362963435705753 6.0467721689492464 9.1422329172492045 2.3422272568568578 4.5949258578475503 6.1088808663189402 7.2679992187768212
leaf_count=50 56 30 34 41 208 55 57 60 26 55 14 39 26 24
internal_value=-0.00142464 -0.00487955 -0.0101305 0.00107454 -0.0140948 0.00367531 -0.00139459 -0.00721831 -0.00210532 -0.00390764 -0.0204682 0.00193746 -0.0095349 0.0112987
internal_weight=115.702 69.1039 34.8565 34.2474 27.2846 46.5977 30.4395 20.1334 11.7786 25.7606 15.506 12.9579 15.2511 16.1582
internal_count=775 490 338 152 304 285 206 156 82 122 222 99 81 79
is_linear=0
shrinkage=0.03


Tree=277
num_leaves=15
num_cat=0
split_feature=2 2 33 4 1 8 32 4 8 30 28 22 30 27
split_gain=2.26828 1.87808 2.02146 1.85835 1.63188 2.19568 2.07276 1.94483 2.08809 1.77363 1.61245 1.27428 1.06212 1.00053
threshold=-1.5322852730751035 1.020727872848511 1.1107677668333056 -1.3874511718749998 -0.42920328676700586 -0.44854241609573359 1.0000000180025095e-35 0.99241602420806896 1.0345457792282107 -0.86936098337173451 -0.84098455309867848 0.064371716231107726 0.17912140488624576 0.38821965456008917
decision_type=2 2 2 2 2 2 2 2 2 2 2 2 2 2
left_child=-1 2 4 -4 6 11 12 8 -7 -8 -11 -6 -2 -5
right_child=1 -3 3 13 5 7 9 -9 -10 10 -12 -13 -14 -15
leaf_value=0.011124096542380479 0.0020215530953404566 0.011977927276830759 0.0039153182821594391 -0.018509204343224148 -0.0031938317799129401 -0.015319124830540485 0.0094536212669901025 0.0032206096588720872 0.0023829351489115381 0.0042688898190255927 -0.013408464528955055 0.010819816271128904 0.017601690296196692 -0.0018392459686242203
leaf_weight=14.955414362251757 7.79282285599038 5.8269796509412108 5.1757333343848613 7.384794927434994 6.6916978636290905 16.177098365093119 3.7804172569885859 10.701192782027645 6.6846028845757237 4.485099781304597 7.0112576207029624 9.6684230100363475 7.8437605053186417 6.0389651218429208
leaf_count=54 38 38 20 63 51 168 22 50 30 18 133 35 24 38
internal_value=0.00185052 8.82713e-05 -0.00114857 -0.00888557 0.00104551 -0.00226927 0.00596932 -0.00637928 -0.0106444 -0.00185212 -0.00730838 0.00568201 0.0122081 -0.0135443
internal_weight=120.218 105.263 99.4359 18.5995 80.8364 49.923 30.9134 33.5629 22.8617 15.2768 11.4964 16.3601 15.6366 13.4238
internal_count=782 728 690 121 569 334 235 248 198 173 151 86 62 101
is_linear=0
shrinkage=0.03


Tree=278
num_leaves=15
num_cat=0
split_feature=2 7 26 60 22 26 22 23 17 4 29 27 0 1
split_gain=2.5131 3.00229 2.31929 2.11644 2.11399 3.9236 3.37071 2.06089 1.73975 1.67795 1.51885 1.5861 1.29748 1.02091
threshold=-1.5322852730751035 -1.1098272800445554 -0.71593949198722828 1.0000000180025095e-35 0.54263752698898327 -0.31404201686382288 -0.30126412212848658 1.1269360780715945 0.35079707205295568 1.1411577463150027 0.35967241227626806 -0.59835767745971669 0.82619526982307445 -0.78444448113441456
decision_type=2 2 2 2 2 2 2 2 2 2 2 2 2 2
left_child=-1 -2 9 4 6 -6 8 12 10 -3 11 -4 13 -8
right_child=1 2 3 -5 5 -7 7 -9 -10 -11 -12 -13 -14 -15
leaf_value=0.011044717647902066 0.012509712878535766 -0.015464738106121008 0.0025070933460161963 -0.0099456338208325952 0.0054592569810943698 -0.018372305784662927 0.00064061771410170464 -0.0040745980367870175 0.0071050577253341787 0.0028207200927819085 0.0031099558174997079 -0.019131918723360668 -0.0015605544993346279 0.018193792809124126
leaf_weight=13.516646824777125 8.2741595674306136 12.722545288503172 2.7295441692695022 11.309648555645252 9.8378475978970545 6.5179669568897216 3.8471729169832569 4.9490426443517199 4.4989867508411399 4.2339968075975767 4.5886952280998221 6.4441778236650809 3.5153043998288913 18.36833104747349
leaf_count=49 32 130 13 77 40 55 37 22 20 19 24 70 34 148
internal_value=0.000867951 -0.000936467 -0.00269985 -0.000221521 0.00205033 -0.0061158 0.00509332 0.0105662 -0.00439609 -0.0112963 -0.00904734 -0.0140803 0.0135869 0.0158302
internal_weight=115.354 101.837 93.5633 76.6067 65.2971 16.3558 48.9413 30.6799 18.2614 16.9565 13.7624 9.17372 25.7308 22.2155
internal_count=770 721 689 540 463 95 368 241 127 149 107 83 219 185
is_linear=0
shrinkage=0.03


Tree=279
num_leaves=15
num_cat=0
split_feature=8 12 22 3 5 8 6 8 5 6 7 12 0 22
split_gain=2.1946 2.47015 1.95428 2.99131 2.71973 1.89989 2.06948 3.09829 1.97008 1.63156 1.63024 1.05499 1.00668 0.519161
threshold=1.649891793727875 2.035321950912476 -0.31436178088188166 0.11917744576931001 -0.9445049762725829 -0.84069511294364918 -0.35292506217956537 -0.15651379525661466 0.89788261055946361 0.16429603844881061 -1.020610451698303 0.19656762480735782 0.67429283261299144 -0.069421034306287752
decision_type=2 2 2 2 2 2 2 2 2 2 2 2 2 2
left_child=1 2 3 4 -1 10 7 11 12 -5 -4 -7 -8 -10
right_child=-2 -3 5 9 -6 6 8 -9 13 -11 -12 -13 -14 -15
leaf_value=0.006537357825154186 -0.0094297802875994586 -0.012154132479108709 0.0061352311413928858 -0.0029960365951302841 -0.017216855945565893 -0.00034752005380796159 0.016713653480094567 -0.010467302747834398 0.0043271453488751572 0.012834965849176315 -0.010613409149048642 0.013529266449127088 0.0015519028060906577 -0.0064075690505455852
leaf_weight=3.0893513205810441 10.141497828066347 4.4935314096510401 5.1747852433472872 8.3572613149881345 9.6384928442421387 7.7216801891336235 27.883752351801377 8.3527190964668971 2.9776224904926494 7.1942962678149334 6.5414864337071759 7.544819176197052 5.7198307018843471 3.6647328027174799
leaf_count=15 52 23 27 37 105 52 188 50 41 25 60 24 41 27
internal_value=0.00137568 0.00275836 0.00393215 -0.00248356 -0.0112335 0.0063378 0.00828835 0.000892205 0.0120507 0.0056684 -0.0035935 0.00815637 0.0146682 -0.00180372
internal_weight=118.496 108.354 103.861 28.2794 12.7278 75.5814 63.8652 23.6192 40.2459 15.5516 11.7163 15.2665 33.6036 6.64236
internal_count=767 715 692 182 120 510 423 126 297 62 87 76 229 68
is_linear=0
shrinkage=0.03


Tree=280
num_leaves=15
num_cat=0
split_feature=14 33 42 23 2 8 21 6 60 8 18 18 2 14
split_gain=1.5849 2.56997 2.80656 2.92057 2.46774 3.08837 2.08249 1.63324 1.4955 1.46789 0.932887 0.939934 0.693118 0.475996
threshold=-0.12352122738957404 1.1107677668333056 1.0000000180025095e-35 -0.19555450603365895 -0.80285295844078053 0.81135249137878429 0.16629608720541003 0.16429603844881061 1.0000000180025095e-35 0.11256971582770349 0.22575887292623523 -0.95926362276077259 1.0000000180025095e-35 -0.27143290638923639
decision_type=2 2 2 2 2 2 2 2 2 2 2 2 2 2
left_child=4 2 3 9 -1 6 8 -3 10 -2 11 -6 -5 -13
right_child=1 7 -4 12 5 -7 -8 -9 -10 -11 -12 13 -14 -15
leaf_value=-0.013646781450842371 -0.014686664861685827 -0.012057295960533253 0.014798044824485379 0.01141303778604005 -0.0023310475059458466 -0.013248033081343001 -0.010141407591155411 0.0037169798845094657 -0.0053620580937757808 0.0021744751581143054 -0.0015777545556191967 0.014502490882187221 0.00031417278643921685 0.0012185008569512751
leaf_weight=8.4343176353722793 6.4822715334594267 7.7910587154328805 20.449638241901994 11.074358604848387 2.6028743304777882 6.0694223437458268 3.0759288212284437 7.6233150418847799 4.2502877288497976 5.9120332039892673 4.8063723277300587 18.967634283006195 7.8168250266462556 3.7858963547041702
leaf_count=46 44 39 75 41 28 42 26 30 49 25 34 107 39 159
internal_value=0.00141363 0.00432263 0.00738838 0.00117335 -0.002393 0.000966905 0.00455646 -0.00525634 0.00699009 -0.00833079 0.00924561 0.0112192 0.00784741 0.0129099
internal_weight=119.142 67.1495 51.7351 31.2855 51.9927 43.5584 37.489 15.4144 34.4131 12.3943 30.1628 25.3564 18.8912 22.7535
internal_count=784 293 224 149 491 445 403 69 377 69 328 294 80 266
is_linear=0
shrinkage=0.03


Tree=281
num_leaves=15
num_cat=0
split_feature=9 60 21 5 11 22 28 29 9 12 24 2 20 20
split_gain=1.91614 2.19511 2.05628 2.70356 1.99672 1.91218 2.62383 2.35867 2.32444 1.43966 1.18002 0.999305 0.80655 0.737066
threshold=0.4260572642087937 1.0000000180025095e-35 1.9713979959487917 -0.33037577569484705 0.027872313279658559 -0.31436178088188166 0.21472591161727908 1.2979483008384707 -0.53810065984725941 0.69430547952651989 0.67732498049736034 0.10893747303634883 -0.30340111255645746 0.91878905892372142
decision_type=2 2 2 2 2 2 2 2 2 2 2 2 2 2
left_child=1 5 3 -2 -5 6 8 9 -1 10 12 -3 -7 -8
right_child=2 11 -4 4 -6 7 13 -9 -10 -11 -12 -13 -14 -15
leaf_value=0.012255557370176428 -0.021545854675293942 0.00052958026651450652 0.0067511566653823034 -0.010988504811717082 0.0079579536954402109 0.0031544621599659609 -0.016930887091580773 -0.0072726627536659587 -0.0061879289013074285 -0.00015203617345904493 -0.001274874402573534 -0.014226501069429508 0.01554560761406348 -0.00028381593215786325
leaf_weight=8.2939102724194509 6.3424887754954442 6.4258740810910222 3.8621405065059653 3.7877083620987833 6.6371163511648774 9.2412922787479967 5.1619801606866513 6.001398127526044 7.2102952976711121 12.913188384845851 5.0597862554714075 5.0516646147007123 24.386011173366576 3.357809491455555
leaf_count=35 62 27 13 54 30 63 55 29 44 57 35 46 204 17
internal_value=-5.32759e-05 0.00185707 -0.00735521 -0.0114088 -0.000256479 0.00368405 -0.00299943 0.00648847 0.00426097 0.00859004 0.0111915 -0.00831126 0.0129894 -0.0129013
internal_weight=113.733 93.1032 20.6295 16.7673 10.4248 81.6257 24.024 57.6017 15.5042 51.6003 38.6871 11.4775 33.6273 8.51979
internal_count=771 612 159 146 84 539 151 388 79 359 302 73 267 72
is_linear=0
shrinkage=0.03


Tree=282
num_leaves=14
num_cat=0
split_feature=14 16 14 12 10 20 28 33 5 18 18 21 5
split_gain=1.95081 2.82762 2.1409 2.03308 2.12975 1.88104 1.67061 1.56891 1.48924 1.62167 1.41285 0.829058 0.710916
threshold=-0.12352122738957404 0.5726466476917268 -0.27143290638923639 1.1303710937500002 0.55978818237781536 -0.29153518378734583 -0.22799137979745862 1.1107677668333056 -0.06717756018042563 -0.64432188868522633 -0.39394582808017725 1.0793160796165469 -0.37424215674400324
decision_type=2 2 2 2 2 2 2 2 2 2 2 2 2
left_child=1 2 6 4 7 -4 -1 11 10 -10 -8 -2 -6
right_child=3 -3 5 -5 12 -7 8 -9 9 -11 -12 -13 -14
leaf_value=0.011299117669933889 0.015084616990584776 -0.01501255970770741 0.0037053695142180436 -0.0055244191670429455 0.0036698588136584351 -0.017387934611560501 -0.0049168058507600733 -0.00067250387304449821 0.0045603184218118986 -0.014511323271993972 0.01044584718743476 0.0023216242860194022 -0.0074210120738053536
leaf_weight=12.658041886985297 25.808379275724292 7.6072930609807363 4.0200892807915807 9.8657709993422014 5.1951544433832169 4.1819662271300313 5.1642854316160038 9.1235940558835846 3.4640237377025187 5.4836516547948175 8.3999166153371352 7.7923312298953524 6.8339860737323743
leaf_count=55 103 57 33 43 21 174 41 40 25 56 44 29 41
internal_value=0.00176526 -0.00249227 0.00102854 0.00506187 0.00727202 -0.00956159 0.00438101 0.0101611 -0.000855461 -0.00813992 0.00484791 0.0128089 -0.00295995
internal_weight=115.598 50.9793 43.372 64.6192 54.7534 8.20206 35.1699 42.7243 22.5119 8.94768 13.5642 33.6007 12.0291
internal_count=762 485 428 277 234 207 221 172 166 81 85 132 62
is_linear=0
shrinkage=0.03


Tree=283
num_leaves=15
num_cat=0
split_feature=25 21 26 27 24 5 2 16 13 10 5 9 9 27
split_gain=2.75818 3.46047 4.60287 3.93796 2.55944 2.30318 1.80359 1.77655 2.30006 2.41426 2.40567 1.41672 1.38282 1.25728
threshold=-1.2152553200721739 1.0000000180025095e-35 0.3684373944997788 -0.043699009343981736 0.50017988681793224 -1.0761041045188902 -0.80285295844078053 -1.1886876225471494 0.73679387569427501 -0.42929178476333613 -0.59357401728630055 0.64701011776924144 -0.17654144018888471 -0.043699009343981736
decision_type=2 2 2 2 2 2 2 2 2 2 2 2 2 2
left_child=-1 2 4 12 7 -4 -7 -2 9 -9 -11 -6 -3 -12
right_child=1 3 5 -5 11 6 -8 8 -10 10 13 -13 -14 -15
leaf_value=0.010594091624381879 0.012092157238281285 -0.0098393725125684919 0.00044770291377283086 0.01835038756246344 -0.017598738953576998 -0.001040204567179455 -0.023798945557639301 0.010660471704777916 -0.014034528831168475 0.0059885884850362555 -0.017868744826520379 0.0031180316945792156 0.0050858820329366013 0.0020025170160482791
leaf_weight=17.372960403561592 11.110909108072518 6.5752496384084225 7.0149613097310093 10.381127581000326 4.0622235157061359 4.4712946563959131 11.22200250253081 14.262033858802168 3.4904084727168074 7.5795765682123566 5.009990324324459 2.4884063054341823 6.4441131521016377 2.7291902825236409
leaf_count=66 45 35 28 34 55 18 102 66 21 58 162 26 27 15
internal_value=0.00108923 -0.00105232 -0.00425453 0.00797732 0.00101933 -0.0140947 -0.0191327 0.00392307 -4.91378e-05 0.00339171 -0.00433364 -0.0117859 -0.00309055 -0.0128256
internal_weight=114.214 96.8415 73.441 23.4005 50.7327 22.7083 15.6933 44.1821 33.0712 29.5808 15.3188 6.55063 13.0194 7.73918
internal_count=758 692 596 96 448 148 120 367 322 301 235 81 62 177
is_linear=0
shrinkage=0.03


Tree=284
num_leaves=15
num_cat=0
split_feature=17 17 17 20 2 29 17 10 27 14 20 20 25 29
split_gain=2.32656 2.32167 2.25685 1.54439 2.44101 2.53157 4.04338 1.91166 2.3315 1.79208 0.928184 0.846266 0.724905 0.128108
threshold=-0.38846583664417261 -0.33662872016429896 -0.42381905019283289 -0.58818325400352467 -1.5322852730751035 -1.3083735704421995 -0.17330861836671826 -0.62710776925086964 0.30345557630062109 -0.12352122738957404 -0.30340111255645746 -0.93229505419731129 1.1535546183586123 1.7670862674713137
decision_type=2 2 2 2 2 2 2 2 2 2 2 2 2 2
left_child=2 10 11 9 -5 -6 12 -8 -9 -3 -2 -1 13 -7
right_child=1 3 -4 4 5 6 7 8 -10 -11 -12 -13 -14 -15
leaf_value=0.007622807606455952 0.00077672339430782966 -0.0038759342279053063 -0.018510196834490948 0.0081623199682463038 0.0079455743305655701 -0.022923540967449665 0.0068073512392804961 -0.013490957210107311 0.0030731152448305724 0.012093245302850726 0.014680245097291725 -0.0052685011043762456 -0.00027144453250588311 -0.0022622094977474815
leaf_weight=3.9509566733613601 6.9289019163697985 7.3860143981874016 6.0853590979240826 10.244117356836794 6.7277933768928042 9.3157710595987719 11.043003838509319 11.645993713289501 11.347175582312046 10.767837192863224 9.8182918429374677 4.5551147051155558 1.7010663235560048 1.4799806624650944
leaf_count=29 39 55 65 38 24 225 46 57 47 39 33 41 13 6
internal_value=-8.45899e-05 0.0017148 -0.0095604 -0.000570988 -0.00280503 -0.00543394 -0.0079516 -0.00166828 -0.00622772 0.00616213 0.010429 0.00132461 -0.0196977 -0.0217038
internal_weight=112.997 98.4059 14.5914 81.6588 63.5049 53.2608 46.533 34.0362 22.9932 18.1539 16.7472 8.50607 12.4968 10.7958
internal_count=757 622 135 550 456 418 394 150 104 94 72 70 244 231
is_linear=0
shrinkage=0.03


Tree=285
num_leaves=15
num_cat=0
split_feature=6 6 17 12 15 4 19 14 7 27 2 15 27 18
split_gain=2.08168 3.33453 3.27557 2.74546 2.28771 2.26309 2.18842 2.3078 1.89504 1.85177 2.55515 2.15013 1.83446 1.1046
threshold=-0.13125888258218762 -0.7223687171936034 -0.38846583664417261 1.4915068149566653 1.0000000180025095e-35 -0.34625926613807673 0.15984890609979632 -1.0000000180025095e-35 0.73859539628028881 -0.37909317016601557 -0.25577870011329645 -0.1107279136776924 0.61700615286827099 1.0000000180025095e-35
decision_type=2 2 2 2 2 2 2 2 2 2 2 2 2 2
left_child=1 4 -2 9 6 -3 7 -1 -7 10 -4 12 -11 -12
right_child=2 5 3 -5 -6 8 -8 -9 -10 11 13 -13 -14 -15
leaf_value=-0.010855481682747786 -0.010843384953297586 0.00039936320455949181 0.0098133164421704798 -0.0081998703739226131 -0.0099582523736607351 -0.024368296400751378 0.012982197814778157 0.0080745851237345456 -0.00094568610059174853 0.01738533615000637 -0.016764892380132023 -0.001903408759588484 -0.0022948336215408518 0.001213365552204699
leaf_weight=7.5042846446158356 8.3671471267007274 7.7559299157001105 5.5442673563957214 6.8281474336981764 6.8830730095505706 8.5465617809677479 11.635999266058205 6.0469742566347149 4.5767472423613063 23.920017943833958 3.1617809836752695 7.4947112156078211 3.7359036980196825 3.9292852031067014
leaf_count=63 85 51 23 35 32 84 42 27 19 199 47 40 22 18
internal_value=-0.000731616 -0.00488307 0.00286104 0.00569399 0.00137838 -0.0129088 0.00561268 -0.00250874 -0.0187142 0.00826795 -0.00127713 0.0114308 0.0147825 -0.0104207
internal_weight=115.931 52.9496 62.9813 54.6141 32.0703 20.8792 25.1873 13.5513 13.1233 47.786 12.6353 35.1506 27.6559 7.09107
internal_count=787 318 469 384 164 154 132 90 103 349 88 261 221 65
is_linear=0
shrinkage=0.03


Tree=286
num_leaves=15
num_cat=0
split_feature=5 71 5 11 29 11 29 16 13 25 17 23 23 20
split_gain=1.65613 1.74517 2.64 3.1823 2.4454 3.13832 2.53351 1.74964 1.74406 1.74386 1.53726 1.10227 1.11014 0.291177
threshold=-1.2954359650611875 1.0000000180025095e-35 -0.28650940954685206 -0.47867554426193232 -1.5168793201446531 0.027872313279658559 0.41179884970188146 -0.97122657299041737 0.97921735048294078 -0.62305282056331623 -0.371030643582344 -0.57340894639492024 0.93800884485244762 -0.89669731259345997
decision_type=2 2 2 2 2 2 2 2 2 2 2 2 2 2
left_child=-1 2 4 7 -2 6 9 -4 10 -6 -5 -12 -13 -9
right_child=1 -3 3 8 5 -7 -8 13 -10 -11 11 12 -14 -15
leaf_value=0.0098764723682256157 0.0077702405872297816 0.0094115852226147583 0.005369090773933439 -0.003042192551056934 0.004174920449510496 -0.018028686435776261 0.011010506843084454 -0.0018639313615712262 -0.0052506087776995379 -0.01506694098712731 -0.00072113291552947675 0.015599000043942227 -0.00010919374494847978 -0.015154699413020332
leaf_weight=12.950731606455518 4.4083149656653395 10.395022969169075 3.5373000809922805 6.3054531486704866 4.2045273431576771 15.503123859409241 5.7305838260799637 3.4683146397583178 6.4867350645363322 5.5214512937236613 5.4925650386139706 21.638926397368795 4.6934144264087072 7.3513500278349957
leaf_count=47 15 53 21 46 22 90 22 31 32 94 31 173 22 64
internal_value=0.00145716 1.35359e-05 -0.00144356 0.00242414 -0.00739418 -0.0103336 -9.52628e-05 -0.00811738 0.00629239 -0.00815551 0.00863712 0.01105 0.0132286 -0.0128299
internal_weight=117.688 104.737 94.3421 58.9741 35.368 30.9597 15.4566 14.357 44.6171 9.72598 38.1304 31.8249 26.3323 10.8197
internal_count=763 716 663 420 243 228 138 116 304 116 272 226 195 95
is_linear=0
shrinkage=0.03


Tree=287
num_leaves=15
num_cat=0
split_feature=12 11 16 29 23 6 1 5 34 2 20 13 7 12
split_gain=1.93749 2.7919 2.13423 3.21624 4.02348 1.85634 2.50227 3.18823 1.98348 1.62702 1.59704 1.34996 1.16798 1.02089
threshold=2.035321950912476 0.7444572150707246 0.38303683698177343 1.0894425511360171 0.93800884485244762 1.2726269960403445 -0.42920328676700586 -0.98837137222290028 1.0000000180025095e-35 1.0000000180025095e-35 0.43228615820407873 0.51167848706245433 -0.9879394769668578 -0.49487546086311335
decision_type=2 2 2 2 2 2 2 2 2 2 2 2 2 2
left_child=1 2 5 4 -4 6 8 -8 13 10 -9 -3 -11 -1
right_child=-2 11 3 -5 -6 -7 7 9 -10 12 -12 -13 -14 -15
leaf_value=0.015975164013231759 -0.013020592523929047 0.011794197076107507 -0.023422444467109282 0.0058560293978596068 0.0030177606581857125 0.010982713655293143 0.0079274273072853473 -0.0093822319581061825 -0.006000968140516324 0.0010618914908027089 0.0063753078051216596 -0.0016861412900753233 -0.021150122222038298 0.0014367630359923731
leaf_weight=7.4745277115143844 4.7445407174527636 19.961263386532668 9.8643334992229992 6.7475196849554768 6.3749430403113356 8.8055368904024345 6.8399429131532079 7.5829355709720492 5.7333450574660665 1.9873865286353964 6.0780338495969772 7.5842398591339579 8.3386490515549649 8.3439392598229425
leaf_count=40 28 78 77 28 29 41 37 46 40 17 21 34 150 109
internal_value=-0.000175664 0.00090427 -0.00187994 -0.0087555 -0.014776 0.0011695 -0.00129351 -0.0063713 0.00580165 -0.0111127 -0.00254168 0.00839376 -0.0179234 0.0104933
internal_weight=116.461 111.717 84.1711 22.9868 16.2393 61.1843 52.3788 30.8269 21.5518 23.987 13.661 27.5455 10.326 15.8185
internal_count=775 747 635 134 106 501 460 271 189 234 67 112 167 149
is_linear=0
shrinkage=0.03


Tree=288
num_leaves=15
num_cat=0
split_feature=19 8 6 5 29 8 5 11 14 0 8 7 19 24
split_gain=2.17038 1.72171 1.60282 1.92026 3.02808 2.43683 1.8351 1.6228 1.45995 1.61047 1.27969 1.94706 1.10622 1.10489
threshold=-2.2536536455154415 -0.17320114374160764 -1.7568109631538389 -0.33037577569484705 1.5585805177688601 1.2473095059394839 -0.06717756018042563 -0.47867554426193232 1.0000000180025095e-35 1.0000000180025095e-35 -0.56535387039184559 -0.73788094520568837 0.17285594344139102 0.14588966220617297
decision_type=2 2 2 2 2 2 2 2 2 2 2 2 2 2
left_child=-1 10 -3 4 5 -4 -5 -8 9 -9 11 12 13 -2
right_child=1 2 3 6 -6 -7 7 8 -10 -11 -12 -13 -14 -15
leaf_value=0.014528793333297143 -0.0097416486983008706 0.0085893864821162853 -0.019211908847230667 0.0090740892777018706 0.0067937669754479443 0.00021935242983817804 -0.012789328979529887 0.005987524725598407 0.0062956723255205311 -0.013530757610507231 0.010191755019296676 -0.0092054392593334464 0.010880703939362519 0.0049864214345618349
leaf_weight=5.4841025648638597 3.1517746299505287 5.6149195241741827 14.815227902086923 10.21994539388106 5.2435057945549479 8.0590864429250342 6.2442984539084128 2.5691774322767804 13.45455235429108 4.7940227626822889 16.309211847838014 7.7735591575037679 8.6777305416762811 5.7803100072778761
leaf_count=22 36 22 127 56 19 30 57 32 58 96 83 67 30 45
internal_value=0.00147176 0.000246261 -0.00254914 -0.00404756 -0.00930713 -0.0135546 0.000550684 -0.00358128 0.00112263 -0.00705318 0.00477075 0.000183671 0.00544749 -0.00184154
internal_weight=118.191 112.707 71.0147 65.3998 28.1178 22.8743 37.282 27.0621 20.8178 7.3632 41.6926 25.3834 17.6098 8.93208
internal_count=780 758 497 475 176 157 299 243 186 128 261 178 111 81
is_linear=0
shrinkage=0.03


Tree=289
num_leaves=15
num_cat=0
split_feature=12 8 24 26 16 4 19 13 3 15 3 17 8 30
split_gain=2.30774 3.17877 2.02251 2.01505 1.87835 2.26798 1.84166 1.76434 1.36088 1.15143 1.23273 0.761446 0.417762 0.350676
threshold=1.1303710937500002 -0.14399828761816022 0.67732498049736034 -0.19845880568027494 -1.1886876225471494 0.49661035835742956 0.79690828919410717 -0.89036434888839711 -0.44037659466266627 1.0000000180025095e-35 1.1781529784202578 -0.18902878463268277 -0.83026552200317372 -0.11559735611081122
decision_type=2 2 2 2 2 2 2 2 2 2 2 2 2 2
left_child=2 -2 3 4 -1 11 7 -5 -4 10 -9 12 -6 -7
right_child=1 -3 8 6 5 13 -8 9 -10 -11 -12 -13 -14 -15
leaf_value=0.0072806307794560203 0.0031512039084701316 -0.018516526082837177 0.0029972958544280037 -0.0030949302899823971 -0.0012024413413697134 -0.001447671697079294 -0.0029646679904112225 0.016992656403927799 -0.012236666804562141 -0.00049943506945509196 -0.00055571926047795939 -0.0014606442245468369 -0.019446707172565456 0.0066359112601074421
leaf_weight=10.689410196617244 9.5324472533538955 7.4542723745107642 6.1126315509900442 5.3732950687408438 2.0561743797734362 6.1018636792432517 9.094800401479004 24.192828690225728 8.1894869012758118 4.6663286797702304 3.7561759306117883 5.1557205691933667 5.0731021071551368 5.7674397286027652
leaf_count=51 46 43 57 26 24 36 42 225 62 22 17 25 65 24
internal_value=0.000422767 -0.00840576 0.00231942 0.00417454 -0.00124483 -0.00561932 0.00791958 0.0105671 -0.00663593 0.0129301 0.0149078 -0.0126819 -0.0168496 0.00328288
internal_weight=113.216 16.9867 96.2293 81.9271 34.8437 24.1543 47.0834 37.9886 14.3021 32.6153 27.949 12.285 7.12928 11.8693
internal_count=765 89 676 557 225 174 332 290 119 264 242 114 89 60
is_linear=0
shrinkage=0.03


Tree=290
num_leaves=15
num_cat=0
split_feature=5 5 11 19 70 24 17 12 13 16 29 7 26 22
split_gain=2.35335 2.7825 3.00597 3.00866 2.74245 2.33535 2.31186 2.26403 1.84147 1.27891 0.95511 0.901838 0.654716 0.0618366
threshold=-0.72517311573028553 -0.1549102962017059 -0.53274267911911 -1.1433300971984861 1.0000000180025095e-35 -0.20840055495500562 0.06212477199733258 1.2893598675727846 0.2550442591309548 -0.66133150458335865 -0.37009771168231959 -0.034198595210909837 1.0298837423324587 -0.60408073663711537
decision_type=2 2 2 2 2 2 2 2 2 2 2 2 2 2
left_child=5 4 3 -3 -2 11 -6 8 9 -4 -11 -1 -7 -12
right_child=1 2 7 -5 6 12 -8 -9 -10 10 13 -13 -14 -15
leaf_value=0.0032963061390839476 0.0055719095262518588 0.0043013622016689441 -0.0027128767600946837 -0.019691394537535198 -0.021878373316158835 0.013295717052043793 0.00088659068076477564 -0.0077837838117173564 -0.0042123457416012372 0.00040683052771474924 0.0043764456645086266 -0.008805906793718888 0.00095038075207265092 0.016912960877195467
leaf_weight=6.4453578945249319 3.8407690316671532 5.3700364260002971 4.0432290397584429 6.7161170702893269 11.755553747527303 14.289499698788861 4.7836377024650565 7.6676328657194963 7.409550826996564 5.0676003862172356 4.8810824249521856 7.2720542103052122 5.8561537619680157 13.162116228195378
leaf_count=28 20 32 23 76 126 87 22 45 38 28 31 34 23 135
internal_value=-0.00104965 -0.00396055 -0.000117925 -0.0108919 -0.0121612 0.00505483 -0.0166167 0.00379212 0.0070193 0.0102625 0.0126113 -0.00375795 0.0106096 0.0152071
internal_weight=108.56 74.6973 54.3174 12.0862 20.38 33.8631 16.5392 42.2312 34.5636 27.154 23.1108 13.7174 20.1457 18.0432
internal_count=748 576 408 108 168 172 148 300 255 217 194 62 110 166
is_linear=0
shrinkage=0.03


Tree=291
num_leaves=15
num_cat=0
split_feature=5 18 28 23 5 28 22 24 16 28 32 22 28 28
split_gain=2.4284 2.04485 3.37915 1.90948 1.82531 1.83125 2.86846 2.2956 1.19241 1.34855 1.10472 0.867973 0.858475 0.854478
threshold=1.0294817686080935 -0.3291435688734054 1.1682708263397219 0.93800884485244762 0.45921890437603002 0.96393975615501415 -0.24914585053920743 1.031615197658539 1.2677062153816225 0.69149836897850048 1.0000000180025095e-35 -0.35486505925655359 -0.43232244253158564 0.078505203127861037
decision_type=2 2 2 2 2 2 2 2 2 2 2 2 2 2
left_child=1 2 11 4 5 6 10 -8 9 -2 -3 -1 -13 -6
right_child=8 3 -4 -5 13 -7 7 -9 -10 -11 -12 12 -14 -15
leaf_value=0.00058450042810179127 -0.018430196213578859 0.0079423954894116827 -0.0081405457423667886 0.006930051037314193 0.011420466722026248 0.0045726877223928172 -0.019161540549494635 0.0034346701393448442 0.0026649674106913185 0.0019700005118758741 -0.0055399173700055688 0.0023625646967974836 0.015260824868471547 -0.002548051120667106
leaf_weight=7.0570232467725864 6.181575100286862 6.3150763716548681 6.9723354380112132 15.046316089108585 4.4383973702788335 7.4283192509319624 16.341028153139643 3.3155469894409171 3.6403941595926872 2.7457340816035867 5.8326542489812656 8.1580757871270198 21.474657397717237 4.199281868932303
leaf_count=36 75 26 47 67 15 55 178 13 19 23 55 40 89 55
internal_value=0.000857852 0.00245829 0.0070835 -0.00103665 -0.00395926 -0.0066394 -0.00952359 -0.0154265 -0.00955123 -0.0137011 0.00174115 0.0106059 0.0125636 0.00618512
internal_weight=119.146 106.579 43.6621 62.9166 47.8703 39.2326 31.8043 19.6566 12.5677 8.92731 12.1477 36.6898 29.6327 8.63768
internal_count=793 676 212 464 397 327 272 191 117 98 81 165 129 70
is_linear=0
shrinkage=0.03


Tree=292
num_leaves=15
num_cat=0
split_feature=30 29 30 19 16 39 16 9 17 11 22 5 19 9
split_gain=1.02447 2.01736 1.91506 2.60769 2.52769 2.90419 2.11924 1.80736 2.2205 1.41053 1.36496 1.22804 1.24818 0.775634
threshold=-0.31242194771766657 -1.8817644119262693 -0.11559735611081122 0.045182067900896079 0.93481287360191356 -1.0000000180025095e-35 -1.431316554546356 -0.41758091747760767 -0.38846583664417261 0.45376870036125189 -0.57338759303092945 -0.33037577569484705 0.069653369486331954 -0.17654144018888471
decision_type=2 2 2 2 2 2 2 2 2 2 2 2 2 2
left_child=7 -2 6 10 5 -5 -3 9 -9 -1 -4 12 -10 -7
right_child=1 2 3 4 -6 13 -8 8 11 -11 -12 -13 -14 -15
leaf_value=-0.0095183465708916712 0.011559911844026645 0.0063721307764664972 0.0022517790391285183 0.015139470443399887 -0.006783078852672134 0.00376893133959629 -0.017581365990969423 -0.0053228912624715598 0.008971348222452236 0.0049009349751815857 -0.013689857695589686 0.015450957376268882 -0.0059696391499969095 -0.0074294090525364453
leaf_weight=7.8996463427320105 5.6160443946719161 1.6604155190289018 5.3330295244231811 16.242732500657436 9.8778675310313684 6.6882036160677627 7.2565852255793271 5.7912091868929521 5.1202136781066638 7.2802952118217945 9.7965664714574796 17.765809444244958 5.2592823444865644 6.1840124183800169
leaf_count=62 17 5 27 61 42 37 167 59 22 31 67 82 41 41
internal_value=0.00173728 -0.000651326 -0.00250876 3.97855e-05 0.00412902 0.00828274 -0.0124342 0.00482778 0.00831766 -0.00310201 -0.00890704 0.0115039 0.00192124 -0.00218432
internal_weight=117.772 68.6555 63.0394 54.1224 38.9928 29.1149 8.917 49.1165 33.9365 15.1799 15.1296 28.1453 10.3795 12.8722
internal_count=761 464 447 275 181 139 172 297 204 93 94 145 63 78
is_linear=0
shrinkage=0.03


Tree=293
num_leaves=15
num_cat=0
split_feature=16 27 5 4 41 16 5 14 29 14 30 12 16 30
split_gain=2.50224 2.81479 3.13224 2.96063 2.54957 2.05455 2.02412 2.7089 1.77802 0.968134 0.854565 0.481579 0.251745 0.282725
threshold=0.75342202186584484 -0.075719472020864473 0.23988704383373263 0.79409378767013561 1.0000000180025095e-35 -0.66133150458335865 -1.3393023014068601 0.28645075112581259 1.2979483008384707 -0.7562313675880431 0.11362329497933389 1.2511860132217409 -0.16423119604587552 -0.091874383389949785
decision_type=2 2 2 2 2 2 2 2 2 2 2 2 2 2
left_child=1 2 3 8 -4 -3 -2 -8 9 -1 -5 -6 -11 -14
right_child=6 5 4 10 11 -7 7 -9 -10 12 -12 -13 13 -15
leaf_value=-0.00093091702154560392 0.0053330622877331754 -0.0018992151765390166 0.0046314913202304834 -0.014687976373815626 -0.020377253351621952 0.013030680902457013 -0.020408731845852277 0.00033416307364023769 -0.0050671212736793821 0.015769018753203547 0.0013762186442376526 -0.0012050991886973349 -0.0012789032220042772 0.0072500098141205956
leaf_weight=4.7053232882171896 6.3675265908241299 9.5686500798910838 4.1490609388565636 3.8161223953356957 6.7136952804285084 27.689887220039964 7.3044479079544571 10.209691293537615 5.0507229790091506 11.870994830504063 3.3159707859158516 2.0452325101941824 3.3941864813677993 4.9875503345392618
leaf_count=43 21 39 23 47 131 134 57 44 24 48 14 17 87 24
internal_value=0.001358 0.00371798 -0.00100103 0.00355247 -0.0114368 0.00942537 -0.00641971 -0.0109281 0.00764809 0.0106375 -0.00973009 -0.0179653 0.0129773 0.00460886
internal_weight=111.189 87.3074 50.0489 37.1409 12.908 37.2585 23.8817 17.5141 30.0088 24.9581 7.13209 8.75893 20.2527 8.38174
internal_count=753 631 458 287 171 173 122 101 226 202 61 148 159 111
is_linear=0
shrinkage=0.03


Tree=294
num_leaves=15
num_cat=0
split_feature=8 13 13 28 41 0 0 28 12 54 19 21 8 23
split_gain=2.01166 2.65217 2.10569 2.07623 2.0735 2.10988 1.99966 4.01538 3.51889 2.87338 2.32385 1.24397 1.22702 0.520347
threshold=0.80300879478454601 -0.33918945491313929 1.9486086368560793 -1.4199225306510923 1.0000000180025095e-35 -0.74602970480918873 -1.0000000180025095e-35 0.99799492955207836 -0.77100482583045948 1.0000000180025095e-35 1.298035264015198 1.0793160796165469 2.3173856735229497 0.37122716009616857
decision_type=2 2 2 2 2 2 2 2 2 2 2 2 2 2
left_child=2 -2 3 13 11 -6 -7 8 -8 -10 -11 -5 -3 -1
right_child=1 12 -4 4 5 6 7 -9 9 10 -12 -13 -14 -15
leaf_value=-0.012236790324404747 0.0077825011257112078 -0.014429195876750728 0.014763624210820737 0.015388599864210761 -0.01283719416667169 0.013228023264696456 0.0085470802524834008 0.012080576571505335 0.004820683309096796 -0.022558924804647447 0.0010666100633815131 0.0010690906781863094 0.00088242124527548535 -0.00078092667634558602
leaf_weight=5.0005685063078982 6.1947300247848061 12.360358932986857 8.5695276372134668 12.256924340967091 4.4491796198417424 7.1093382790568205 6.2183603253215507 10.026098823407663 4.6344961560098499 11.181883988960189 4.3095085993409166 9.1535037811845523 5.7101964885368934 6.6863876199349761
leaf_count=34 25 73 28 57 77 52 39 60 28 172 16 41 27 32
internal_value=0.00170974 -0.00525955 0.00377548 0.0018228 0.00387829 0.000143936 0.00265924 -0.000755693 -0.00678872 -0.012285 -0.01733 0.010628 -0.0104482 -0.00788047
internal_weight=113.861 24.2653 89.5958 81.0263 69.3393 47.9289 43.4797 36.3703 26.3442 20.1259 15.4914 21.4104 18.0706 11.687
internal_count=761 125 636 608 542 444 367 315 255 216 188 98 100 66
is_linear=0
shrinkage=0.03


Tree=295
num_leaves=15
num_cat=0
split_feature=6 26 25 16 26 9 19 18 22 18 6 9 5 27
split_gain=1.99204 2.8381 3.07853 2.62069 2.00582 1.84787 1.66446 1.6341 3.01954 1.65689 1.13768 1.07959 0.950557 0.509497
threshold=-1.7568109631538389 0.28593802452087408 -0.32695157825946802 0.75342202186584484 -0.090119067579507814 -0.37740768492221827 -0.80740734934806813 -0.59556129574775685 -0.080066893249750123 -0.049571909010410302 0.23818477243185046 -0.096194941550493226 0.59081801772117626 -0.69428342580795277
decision_type=2 2 2 2 2 2 2 2 2 2 2 2 2 2
left_child=-1 4 3 -3 7 -6 -4 10 11 12 -2 -9 13 -10
right_child=1 2 6 -5 5 -7 -8 8 9 -11 -12 -13 -14 -15
leaf_value=0.011950025337316738 -0.013209864972700715 0.0083180471127190028 0.00064610294182286402 -0.0090429752600555482 0.016181084158676747 -0.0013417205672419049 -0.02074057644364203 -0.014973652202867942 0.0012532743839224895 -0.0025957879221345016 0.0014235207929820029 0.0020475704600480559 -0.0018306135717953615 0.015969346879686232
leaf_weight=6.1825174395926288 7.9379743719473463 11.582396162673833 3.783360492438077 9.8194540468975884 9.4233682248741406 7.535069369710981 10.427574401954187 4.89129576497362 3.44918544741813 8.7577146356925422 6.1815752326510847 3.4570287065580434 2.9176349100307553 12.142788659140935
leaf_count=22 67 48 19 48 33 44 91 63 24 52 38 28 53 130
internal_value=-0.000104188 -0.00135552 -0.00764244 0.00014852 0.00230041 0.00986259 -0.0163606 -0.00094349 0.00254458 0.00725632 -0.00810645 -0.00979842 0.0114785 0.0138087
internal_weight=108.489 102.306 35.6128 21.4019 66.6936 16.9584 14.2109 49.7352 35.6156 27.2673 14.1195 8.34832 18.5096 15.592
internal_count=760 738 206 96 532 77 110 455 350 259 105 91 207 154
is_linear=0
shrinkage=0.03


Tree=296
num_leaves=15
num_cat=0
split_feature=63 29 32 20 5 29 33 10 9 12 42 10 6 16
split_gain=2.2616 1.73388 1.63259 2.71893 1.8405 2.03603 1.76584 1.82201 1.61329 1.52708 1.39072 1.0986 0.992854 0.757257
threshold=1.0000000180025095e-35 -1.2562471628189085 1.0000000180025095e-35 -0.58818325400352467 -0.72517311573028553 0.15116667747497561 1.0000000180025095e-35 1.0000000180025095e-35 -0.7992267608642577 0.2355000972747803 1.0000000180025095e-35 -0.23147577792406079 -0.64847996830940235 -0.07955483719706534
decision_type=2 2 2 2 2 2 2 2 2 2 2 2 2 2
left_child=10 -2 4 9 -3 11 7 12 -8 -4 -1 -6 -5 -9
right_child=1 2 3 6 5 -7 8 13 -10 -11 -12 -13 -14 -15
leaf_value=-0.016315344777732405 0.0083630117269929555 0.011481072918170604 -0.003715038453355655 0.0019198159585950307 0.00063954469043154085 0.0068201376565554892 0.00043484017447150032 -0.0020595943345816589 -0.018687671260828081 0.013175698517709179 0.00061707711196168867 -0.014917015122314293 -0.01333283690766337 0.011563431089315165
leaf_weight=7.3972154445946199 16.953831266611814 10.966257878579201 5.5452129030600172 4.2912338189780712 6.2354076430201548 9.307546202093361 4.9150354592129615 3.8212847486138308 11.714442531461826 5.8972495645284653 6.1954988404177129 5.0177714778110385 5.564944610930981 4.7256040624924953
leaf_count=121 67 41 61 18 26 36 27 28 98 25 34 42 48 86
internal_value=-0.000928998 0.000899097 -0.00112925 -0.00451422 0.00379554 -0.00174761 -0.00841247 -0.00122762 -0.0142418 0.0063496 -0.0105071 -0.00875212 -0.00828095 0.0069605
internal_weight=108.549 94.9558 78.002 46.475 31.527 20.5607 35.0325 18.4031 16.6295 11.4425 13.5927 11.2532 9.85618 8.54689
internal_count=758 603 536 391 145 104 305 180 125 86 155 68 66 114
is_linear=0
shrinkage=0.03


Tree=297
num_leaves=15
num_cat=0
split_feature=17 6 0 6 4 6 12 6 12 20 23 6 14 30
split_gain=1.76334 2.81789 2.91835 3.4098 3.12508 2.70013 2.47552 2.24896 1.85736 2.25661 1.89827 1.57591 1.21495 1.12995
threshold=-0.38846583664417261 -0.13125888258218762 1.0938091874122622 -0.64847996830940235 -0.34625926613807673 -0.79625746607780445 -0.15842253714799878 -1.0918123722076414 0.72221621870994579 -0.33899888396263117 1.1269360780715945 1.3465157151222231 1.0000000180025095e-35 -0.31242194771766657
decision_type=2 2 2 2 2 2 2 2 2 2 2 2 2 2
left_child=5 2 3 6 -5 -1 -2 -8 10 -10 12 -7 13 -3
right_child=1 8 -4 4 -6 11 7 -9 9 -11 -12 -13 -14 -15
leaf_value=0.0065559513988289117 -0.010744449716379813 0.0080774085023493803 0.0090054766675867273 0.0015190366501125175 -0.025745024058954777 -0.019174046846144415 -0.0042928634394606346 0.014029693219293173 0.0094089053380590464 -0.0078601744875346352 -0.0033600134153707198 0.0024215815167199285 0.016095133565374946 -0.0061289180565154838
leaf_weight=4.9849786860868326 6.9555015591904512 7.3303922023624173 8.5886258836835605 4.7530471058562398 7.0030179153545777 7.3437184281647188 7.6671722113387668 8.4094076794572175 6.250599022954705 12.408229911699889 6.2255126172676674 2.6828396981582046 20.503235040232539 3.9403592364687965
leaf_count=23 47 59 32 28 61 97 36 33 21 64 34 18 77 136
internal_value=0.000561775 0.00209504 -0.00344245 -0.00726112 -0.017558 -0.00762627 0.000188932 0.00634597 0.00626983 -0.00130927 0.00971088 -0.0145126 0.0123805 0.00275358
internal_weight=115.047 100.035 43.3768 34.7881 11.7561 15.0115 23.0321 16.0766 56.6583 18.6588 37.9995 10.0266 31.774 11.2708
internal_count=766 628 237 205 89 138 116 69 391 85 306 115 272 195
is_linear=0
shrinkage=0.03


Tree=298
num_leaves=15
num_cat=0
split_feature=0 9 29 25 29 38 16 54 6 6 5 9 30 30
split_gain=1.75938 1.56769 2.74868 2.32253 2.52773 2.06321 1.91193 1.77941 2.2316 1.21692 1.1281 0.840218 0.71862 0.69311
threshold=-1.7491278648376463 0.4260572642087937 1.4543275833129885 -0.62305282056331623 -0.057339081540703767 1.0000000180025095e-35 -0.95814400911331166 1.0000000180025095e-35 1.5681819319725039 -1.3873673081398008 0.50308527052402507 -0.31714780628681177 -0.16361115127801892 0.63891324400901806
decision_type=2 2 2 2 2 2 2 2 2 2 2 2 2 2
left_child=-1 2 3 11 12 10 -6 -8 9 -9 13 -2 -5 -3
right_child=1 5 -4 4 6 -7 7 8 -10 -11 -12 -13 -14 -15
leaf_value=-0.012480937229780031 0.0020141854806006582 -0.019850158177356428 -0.010056012997981837 0.00037455745030546894 0.0057880744173902134 0.0053474648047968113 0.0042192785713754191 0.0018260850554187031 0.0055409119911259573 -0.019596292694496607 0.00084208803111767685 0.014346176980527486 0.010567906465373081 -0.0012607222003320202
leaf_weight=5.7181998669984742 9.0465661659836787 5.6494463947601634 9.5446656756103021 10.26884685829282 6.5055764736607662 5.8462560335174194 4.3296011777129086 1.8405463928356791 2.3986848704516879 12.183508409769276 4.0694480873644343 15.306750257033853 12.444270892068738 3.0387887880206108
leaf_count=60 40 66 51 50 35 30 30 11 14 231 29 53 46 17
internal_value=-0.00091462 0.000281431 0.00209451 0.00419037 0.000232516 -0.00660443 -0.00549592 -0.00947028 -0.0132218 -0.0170438 -0.012045 0.0108886 0.00685843 -0.0161838
internal_weight=108.191 102.473 83.869 74.3244 49.971 18.6039 27.2579 20.7523 16.4227 14.0241 12.7577 24.3533 22.7131 8.68824
internal_count=763 703 561 510 417 142 321 286 256 242 112 93 96 83
is_linear=0
shrinkage=0.03


Tree=299
num_leaves=15
num_cat=0
split_feature=6 9 9 11 70 17 25 16 26 14 28 3 3 18
split_gain=2.03279 2.23797 2.16571 2.69925 1.9789 3.02909 2.99931 1.88884 1.81775 1.53198 1.4804 1.12246 0.997495 1.05594
threshold=-0.64847996830940235 -0.035935074090957635 -0.056021699681878083 -0.47867554426193232 1.0000000180025095e-35 -0.20487888157367704 0.8574533760547639 1.2223878502845766 -0.57133942842483509 0.65390467643737804 0.24878108501434329 0.45212295651435858 -0.86358290910720814 -0.63487076759338368
decision_type=2 2 2 2 2 2 2 2 2 2 2 2 2 2
left_child=1 7 4 11 -2 6 12 -1 -5 10 -7 -4 -6 -14
right_child=2 -3 3 8 5 9 -8 -9 -10 -11 -12 -13 13 -15
leaf_value=0.013531934626016394 0.0080886530735990916 -0.0048072927437135199 -0.014444896945182193 -0.0029867822325161794 -0.00085679633253610201 -0.010935793707737939 0.0022465380534645979 -0.002536837632104166 0.014044761721969385 0.0073061065567404373 0.004074018092773992 0.0035590491477103959 -0.0014976424319109827 -0.026575297122559061
leaf_weight=21.387624834547754 4.3019353629788375 9.6340321954339725 3.4894710946828154 5.8946639598580122 2.40656338064582 9.6578648574650341 5.6986052808351806 6.9099154099822035 13.827916771173474 9.4269515722990018 6.4640727415680876 2.3779381038621068 2.3883812204003325 9.268211304239232
leaf_count=91 24 58 63 53 54 52 35 30 57 35 26 17 20 166
internal_value=0.000732479 0.0059749 -0.0021194 0.00443029 -0.00559402 -0.00756786 -0.0150457 0.0098164 0.00937983 -0.000267954 -0.00537785 -0.0088679 -0.0208042 -0.023429
internal_weight=113.134 37.9316 75.2026 25.59 49.6126 45.3107 19.7618 28.2975 19.7226 25.5489 16.1219 5.86741 14.0632 11.6566
internal_count=781 179 602 190 412 388 275 121 110 113 78 80 240 186
is_linear=0
shrinkage=0.03


end of trees

feature_importances:
Column_9=191
Column_17=183
Column_14=167
Column_6=163
Column_20=163
Column_8=162
Column_7=161
Column_2=150
Column_5=144
Column_12=144
Column_19=144
Column_29=143
Column_11=140
Column_30=138
Column_22=133
Column_25=120
Column_18=119
Column_27=117
Column_16=114
Column_28=111
Column_1=105
Column_10=105
Column_4=104
Column_32=103
Column_0=97
Column_23=85
Column_26=83
Column_3=82
Column_13=55
Column_21=43
Column_33=42
Column_24=37
Column_54=23
Column_63=22
Column_15=20
Column_68=18
Column_41=17
Column_60=11
Column_39=10
Column_70=8
Column_55=7
Column_34=6
Column_40=6
Column_47=6
Column_42=5
Column_69=5
Column_43=4
Column_74=4
Column_35=3
Column_36=3
Column_37=3
Column_64=3
Column_71=3
Column_38=2
Column_66=2
Column_67=2
Column_73=2
Column_75=2
Column_44=1
Column_50=1
Column_56=1
Column_58=1
Column_59=1
Column_65=1
Column_72=1

parameters:
[boosting: gbdt]
[objective: binary]
[metric: binary_logloss]
[tree_learner: serial]
[device_type: cpu]
[data_sample_strategy: bagging]
[data: ]
[valid: ]
[num_iterations: 300]
[learning_rate: 0.03]
[num_leaves: 15]
[num_threads: 4]
[seed: 42]
[deterministic: 0]
[force_col_wise: 0]
[force_row_wise: 0]
[histogram_pool_size: -1]
[max_depth: -1]
[min_data_in_leaf: 30]
[min_sum_hessian_in_leaf: 0.001]
[bagging_fraction: 0.8]
[pos_bagging_fraction: 1]
[neg_bagging_fraction: 1]
[bagging_freq: 1]
[bagging_seed: 400]
[bagging_by_query: 0]
[feature_fraction: 0.7]
[feature_fraction_bynode: 1]
[feature_fraction_seed: 30056]
[extra_trees: 0]
[extra_seed: 12879]
[early_stopping_round: 0]
[early_stopping_min_delta: 0]
[first_metric_only: 0]
[max_delta_step: 0]
[lambda_l1: 0]
[lambda_l2: 5]
[linear_lambda: 0]
[min_gain_to_split: 0]
[drop_rate: 0.1]
[max_drop: 50]
[skip_drop: 0.5]
[xgboost_dart_mode: 0]
[uniform_drop: 0]
[drop_seed: 17869]
[top_rate: 0.2]
[other_rate: 0.1]
[min_data_per_group: 100]
[max_cat_threshold: 32]
[cat_l2: 10]
[cat_smooth: 10]
[max_cat_to_onehot: 4]
[top_k: 20]
[monotone_constraints: ]
[monotone_constraints_method: basic]
[monotone_penalty: 0]
[feature_contri: ]
[forcedsplits_filename: ]
[refit_decay_rate: 0.9]
[cegb_tradeoff: 1]
[cegb_penalty_split: 0]
[cegb_penalty_feature_lazy: ]
[cegb_penalty_feature_coupled: ]
[path_smooth: 0]
[interaction_constraints: ]
[verbosity: -1]
[saved_feature_importance_type: 0]
[use_quantized_grad: 0]
[num_grad_quant_bins: 4]
[quant_train_renew_leaf: 0]
[stochastic_rounding: 1]
[linear_tree: 0]
[max_bin: 255]
[max_bin_by_feature: ]
[min_data_in_bin: 3]
[bin_construct_sample_cnt: 200000]
[data_random_seed: 175]
[is_enable_sparse: 1]
[enable_bundle: 1]
[use_missing: 1]
[zero_as_missing: 0]
[feature_pre_filter: 1]
[pre_partition: 0]
[two_round: 0]
[header: 0]
[label_column: ]
[weight_column: ]
[group_column: ]
[ignore_column: ]
[categorical_feature: ]
[forcedbins_filename: ]
[precise_float_parser: 0]
[parser_config_file: ]
[objective_seed: 16083]
[num_class: 1]
[is_unbalance: 1]
[scale_pos_weight: 1]
[sigmoid: 1]
[boost_from_average: 1]
[reg_sqrt: 0]
[alpha: 0.9]
[fair_c: 1]
[poisson_max_delta_step: 0.7]
[tweedie_variance_power: 1.5]
[lambdarank_truncation_level: 30]
[lambdarank_norm: 1]
[label_gain: ]
[lambdarank_position_bias_regularization: 0]
[eval_at: ]
[multi_error_top_k: 1]
[auc_mu_weights: ]
[num_machines: 1]
[local_listen_port: 12400]
[time_out: 120]
[machine_list_filename: ]
[machines: ]
[gpu_platform_id: -1]
[gpu_device_id: -1]
[gpu_device_id_list: ]
[gpu_use_dp: 0]
[num_gpu: 1]

end of parameters

pandas_categorical:null
